-- phpMyAdmin SQL Dump
-- version 5.1.1
-- https://www.phpmyadmin.net/
--
-- Servidor: 127.0.0.1
-- Tiempo de generación: 29-09-2021 a las 15:05:55
-- Versión del servidor: 10.4.20-MariaDB
-- Versión de PHP: 8.0.8

SET SQL_MODE = "NO_AUTO_VALUE_ON_ZERO";
START TRANSACTION;
SET time_zone = "+00:00";


/*!40101 SET @OLD_CHARACTER_SET_CLIENT=@@CHARACTER_SET_CLIENT */;
/*!40101 SET @OLD_CHARACTER_SET_RESULTS=@@CHARACTER_SET_RESULTS */;
/*!40101 SET @OLD_COLLATION_CONNECTION=@@COLLATION_CONNECTION */;
/*!40101 SET NAMES utf8mb4 */;

--
-- Base de datos: `hla`
--

-- --------------------------------------------------------

--
-- Estructura de tabla para la tabla `areas`
--

CREATE TABLE `areas` (
  `id` bigint(20) UNSIGNED NOT NULL,
  `IdUser` bigint(20) UNSIGNED NOT NULL,
  `idArea` varchar(255) COLLATE utf8mb4_unicode_ci NOT NULL,
  `Nombre` varchar(35) COLLATE utf8mb4_unicode_ci NOT NULL,
  `areas_id` bigint(20) UNSIGNED DEFAULT NULL,
  `deleted_at` timestamp NULL DEFAULT NULL,
  `created_at` timestamp NULL DEFAULT NULL,
  `updated_at` timestamp NULL DEFAULT NULL
) ENGINE=InnoDB DEFAULT CHARSET=utf8mb4 COLLATE=utf8mb4_unicode_ci;

-- --------------------------------------------------------

--
-- Estructura de tabla para la tabla `areas_modulos`
--

CREATE TABLE `areas_modulos` (
  `id` bigint(20) UNSIGNED NOT NULL,
  `IdUser` bigint(20) UNSIGNED NOT NULL,
  `NombreArea` varchar(45) COLLATE utf8mb4_unicode_ci NOT NULL,
  `deleted_at` timestamp NULL DEFAULT NULL,
  `created_at` timestamp NULL DEFAULT NULL,
  `updated_at` timestamp NULL DEFAULT NULL
) ENGINE=InnoDB DEFAULT CHARSET=utf8mb4 COLLATE=utf8mb4_unicode_ci;

--
-- Volcado de datos para la tabla `areas_modulos`
--

INSERT INTO `areas_modulos` (`id`, `IdUser`, `NombreArea`, `deleted_at`, `created_at`, `updated_at`) VALUES
(1, 1, 'Administrador', NULL, '2021-09-29 01:11:36', '2021-09-29 01:11:36'),
(2, 1, 'RecursosHumanos', NULL, '2021-09-29 01:11:36', '2021-09-29 01:11:36'),
(3, 1, 'Almacen', NULL, '2021-09-29 01:11:36', '2021-09-29 01:11:36'),
(4, 1, 'Compras', NULL, '2021-09-29 01:11:36', '2021-09-29 01:11:36'),
(5, 1, 'Contabilidad', NULL, '2021-09-29 01:11:36', '2021-09-29 01:11:36'),
(6, 1, 'Direccion', NULL, '2021-09-29 01:11:36', '2021-09-29 01:11:36'),
(7, 1, 'Produccion', NULL, '2021-09-29 01:11:36', '2021-09-29 01:11:36'),
(8, 1, 'Supply', NULL, '2021-09-29 01:11:36', '2021-09-29 01:11:36'),
(9, 1, 'Sistemas', NULL, '2021-09-29 01:11:36', '2021-09-29 01:11:36'),
(10, 1, 'Hilaturas', NULL, '2021-09-29 01:11:36', '2021-09-29 01:11:36');

-- --------------------------------------------------------

--
-- Estructura de tabla para la tabla `articulos_papeleria_requisicions`
--

CREATE TABLE `articulos_papeleria_requisicions` (
  `id` bigint(20) UNSIGNED NOT NULL,
  `IdEmp` bigint(20) UNSIGNED NOT NULL,
  `Cantidad` int(11) NOT NULL,
  `material_id` bigint(20) UNSIGNED NOT NULL,
  `papeleria_id` bigint(20) UNSIGNED NOT NULL,
  `Estatus` int(11) NOT NULL DEFAULT 0,
  `deleted_at` timestamp NULL DEFAULT NULL,
  `created_at` timestamp NULL DEFAULT NULL,
  `updated_at` timestamp NULL DEFAULT NULL
) ENGINE=InnoDB DEFAULT CHARSET=utf8mb4 COLLATE=utf8mb4_unicode_ci;

-- --------------------------------------------------------

--
-- Estructura de tabla para la tabla `articulos_requisiciones`
--

CREATE TABLE `articulos_requisiciones` (
  `id` bigint(20) UNSIGNED NOT NULL,
  `IdEmp` bigint(20) UNSIGNED NOT NULL,
  `Fecha` date NOT NULL,
  `Cantidad` int(11) NOT NULL,
  `Unidad` varchar(10) COLLATE utf8mb4_unicode_ci NOT NULL,
  `Descripcion` varchar(255) COLLATE utf8mb4_unicode_ci DEFAULT NULL,
  `NumParte` varchar(15) COLLATE utf8mb4_unicode_ci DEFAULT 'N/A',
  `OrdenCompra` int(11) DEFAULT 0,
  `EstatusArt` int(11) DEFAULT NULL,
  `Resguardo` int(11) DEFAULT 0,
  `Fechallegada` date DEFAULT NULL,
  `Comentariollegada` varchar(255) COLLATE utf8mb4_unicode_ci DEFAULT NULL,
  `MotivoCancelacion` text COLLATE utf8mb4_unicode_ci DEFAULT NULL,
  `RecibidoPor` bigint(20) UNSIGNED DEFAULT NULL,
  `requisicion_id` bigint(20) UNSIGNED NOT NULL,
  `deleted_at` timestamp NULL DEFAULT NULL,
  `created_at` timestamp NULL DEFAULT NULL,
  `updated_at` timestamp NULL DEFAULT NULL
) ENGINE=InnoDB DEFAULT CHARSET=utf8mb4 COLLATE=utf8mb4_unicode_ci;

--
-- Volcado de datos para la tabla `articulos_requisiciones`
--

INSERT INTO `articulos_requisiciones` (`id`, `IdEmp`, `Fecha`, `Cantidad`, `Unidad`, `Descripcion`, `NumParte`, `OrdenCompra`, `EstatusArt`, `Resguardo`, `Fechallegada`, `Comentariollegada`, `MotivoCancelacion`, `RecibidoPor`, `requisicion_id`, `deleted_at`, `created_at`, `updated_at`) VALUES
(1, 83, '2021-08-02', 3, 'PZ', 'CAJA CADENA PASO 50', '', 0, 9, 0, NULL, NULL, NULL, 86, 1, NULL, '2021-09-29 02:51:35', '2021-09-29 02:54:27'),
(2, 83, '2021-08-02', 1, 'SERVICIO', 'SERVICIO A TORTUGA', '', 0, 3, 0, NULL, NULL, NULL, NULL, 2, NULL, '2021-09-29 02:57:01', '2021-09-29 02:58:14'),
(3, 83, '2021-08-02', 1, 'PZ', 'COMPRA Y COLOCACIÓN DE MANÓMETRO DE TEMPERATURA', '', 0, 3, 0, NULL, NULL, NULL, NULL, 2, NULL, '2021-09-29 02:57:01', '2021-09-29 02:58:19'),
(4, 83, '2021-08-03', 40, 'LTS', 'GASOLINA', '', 0, 9, 0, NULL, NULL, NULL, 95, 3, NULL, '2021-09-29 02:59:58', '2021-09-29 03:01:20'),
(5, 83, '2021-08-05', 5, 'PZ', 'VENTILADORES DE 12X12A 220 VAC', '', 1002, 9, 0, '2021-09-28', 'COMENTARIO', NULL, 90, 4, NULL, '2021-09-29 03:07:18', '2021-09-29 03:18:17'),
(6, 83, '2021-08-05', 2, 'PZ', 'MANÓMETRO PARA ACEITE HIDRÁULICO DE 0 A 100 PSI CONEXIÓN DE 1/8\" POSTERIOR CARATULA 2.5\"', '', 1010, 9, 0, '2021-09-29', NULL, NULL, 81, 5, NULL, '2021-09-29 05:27:34', '2021-09-29 05:34:50'),
(7, 83, '2021-08-09', 1, 'SERVICIO', 'RECTIFICAR FLECHA DEL VENTILADOR ASPIRACIÓN PRINCIPAL A 42MM DE DIÁMETRO Y AJUSTAR A VENTILADOR DE ALUMINIO', '', 1011, 9, 0, '2021-09-29', NULL, NULL, 86, 6, NULL, '2021-09-29 05:37:24', '2021-09-29 05:45:56'),
(8, 83, '2021-08-09', 1, 'SERVICIO', 'FABRICACIÓN DE MAMELÓN A 42MM DE POLEA DE MOTOR DE ASPIRACION', '', 1004, 9, 0, '2021-09-29', NULL, NULL, 86, 7, NULL, '2021-09-29 05:47:51', '2021-09-29 05:53:26'),
(9, 83, '2021-08-09', 60, 'LTS', 'GASOLINA', '', 0, 9, 0, NULL, NULL, NULL, 92, 8, NULL, '2021-09-29 05:56:05', '2021-09-29 05:59:13'),
(10, 83, '2021-08-10', 1, 'SERVICIO', 'BALANCEAR MOTOR DE ASPIRACIÓN', '', 1012, 9, 0, '2021-09-29', NULL, NULL, 86, 9, NULL, '2021-09-29 06:06:17', '2021-09-29 06:17:05'),
(11, 83, '2021-08-10', 1, 'SERVICIO', 'A MOTOR DE 20 HP MARCA SIEMENS', '', 1013, 9, 0, '2021-09-29', NULL, NULL, 81, 10, NULL, '2021-09-29 06:20:08', '2021-09-29 06:28:44'),
(12, 83, '2021-08-10', 1, 'SERVICIO', 'SOLDAR BASE DE ESTE MISMO MOTOR DE 20 HP', '', 1014, 9, 0, '2021-09-29', NULL, NULL, 81, 10, NULL, '2021-09-29 06:20:09', '2021-09-29 06:28:56'),
(13, 83, '2021-08-10', 1, 'SERVICIO', 'REPARACIÓN DE BUJE MAMELÓN', '', 1015, 9, 0, '2021-09-29', NULL, NULL, 81, 11, NULL, '2021-09-29 07:36:29', '2021-09-29 07:44:45'),
(14, 83, '2021-08-11', 2, 'SERVICIO', 'FABRICACION DE VENTILADOR CON FLECHA 34 MM Y DIÁMETRO EXTERIOR DE 6\" EN ALUMINIO', '', 1016, 9, 0, '2021-09-29', NULL, NULL, 90, 12, NULL, '2021-09-29 07:46:35', '2021-09-29 07:51:13'),
(15, 83, '2021-08-11', 2, 'PZ', 'BALERO 22211 EK/C3', '', 0, 9, 0, NULL, NULL, NULL, 86, 13, NULL, '2021-09-29 07:53:10', '2021-09-29 07:55:00'),
(16, 83, '2021-08-11', 8, 'PZ', 'ROCIADORES CONTRA INCENDIOS A 70 GRADOS ROSCA DE MEDIA', '', 0, 3, 0, NULL, NULL, NULL, NULL, 14, NULL, '2021-09-29 07:56:42', '2021-09-29 07:57:30'),
(17, 83, '2021-08-12', 1, 'SERVICIO', 'FABRICACIÓN DE UNA CORONA EN BRONCE 84 DIENTES', '', 1017, 9, 0, '2021-09-29', NULL, NULL, 86, 15, NULL, '2021-09-29 07:59:27', '2021-09-29 08:04:08'),
(18, 83, '2021-08-12', 1, 'PZ', 'BALERO 6208', '', 0, 9, 0, NULL, NULL, NULL, 90, 16, NULL, '2021-09-29 08:06:02', '2021-09-29 08:10:20'),
(19, 83, '2021-08-16', 60, 'LTS', 'GASOLINA', '', 1018, 9, 0, '2021-09-29', NULL, NULL, 89, 17, NULL, '2021-09-29 08:11:51', '2021-09-29 08:16:55'),
(20, 83, '2021-08-17', 1, 'PZ', 'BANDA DENTADA MOLDEADA 6380GS 9.5MMX972MM', '', 1019, 9, 0, '2021-09-29', NULL, NULL, 81, 18, NULL, '2021-09-29 08:20:13', '2021-09-29 08:23:29'),
(21, 83, '2021-08-17', 1, 'SERVICIO', 'REVISAR FALLA EN FUNCIONAMIENTO DE ARRANQUE ENTRE ARRANCADOR 4 Y 5', '', 1020, 9, 0, '2021-09-29', NULL, NULL, 81, 19, NULL, '2021-09-29 08:25:02', '2021-09-29 08:28:09'),
(22, 83, '2021-08-17', 1, 'SERVICIO', 'REVISAR PROGRAMACIÓN ENTRE ARRANCADOR 3 Y 4 ARRANCAN A LA PAR', '', 1021, 9, 0, '2021-09-29', NULL, NULL, 81, 20, NULL, '2021-09-29 08:29:39', '2021-09-29 08:32:40'),
(23, 83, '2021-08-19', 5, 'PZ', 'FABRICACIÓN DE MIRILLAS A PARA TUBO DE 300MM EN PAILERA', '', 1023, 9, 0, '2021-09-29', NULL, NULL, 81, 21, NULL, '2021-09-29 08:34:35', '2021-09-29 08:40:08'),
(24, 83, '2021-08-19', 2, 'PZ', 'FABRICACIÓN DE 2 TRANSFORMACIONES PARA TUBO DE 300MM EN PAILERA', '', 1022, 9, 0, '2021-09-29', NULL, NULL, 81, 21, NULL, '2021-09-29 08:34:35', '2021-09-29 08:40:17'),
(25, 83, '2021-08-19', 1, 'PZ', 'UNIDAD DE SERVICIO CON MANÓMETRO CON ENTRADA Y SALIDA A 1/4\" NPT PRESION DE 2 A 8 BARES', '', 1024, 6, 0, NULL, NULL, NULL, NULL, 22, NULL, '2021-09-29 08:42:38', '2021-09-29 08:46:15'),
(26, 83, '2021-08-19', 2, 'PZ', 'CAJA DE GRAPAS ALLIGATOR RS-125', '', 1026, 6, 0, NULL, NULL, NULL, NULL, 23, NULL, '2021-09-29 08:48:06', '2021-09-29 08:54:35'),
(27, 83, '2021-08-19', 2, 'PZ', 'CAJA DE GRAPAS ALLIGATOR RS-62', 'N/A', 1025, 6, 0, NULL, NULL, NULL, NULL, 23, NULL, NULL, '2021-09-29 08:54:26'),
(28, 83, '2021-08-19', 5, 'PZ', 'FABRICACIÓN DE CINCO SEGUROS PARA PUERTAS DE CONDENSADORES OVC', '', 1027, 6, 0, NULL, NULL, NULL, NULL, 24, NULL, '2021-09-29 09:00:19', '2021-09-29 09:03:21'),
(29, 83, '2021-08-19', 26, 'MT', 'MANTO FILTRANTE (PELUCHE)', '', 1028, 6, 0, NULL, NULL, NULL, NULL, 25, NULL, '2021-09-29 09:05:10', '2021-09-29 09:08:11'),
(30, 83, '2021-08-20', 1, 'PZ', 'BANDA DENTADA MOLDEADA 6390 GS', '', 1030, 9, 0, '2021-09-29', NULL, NULL, 81, 26, NULL, '2021-09-29 09:09:31', '2021-09-29 09:12:16'),
(31, 83, '2021-08-21', 1, 'PZ', 'INTERRUPTOR DE PRESION BARSDALE MODELO MSPS-MN100SS DE 10-100PS1 DE 125/250VAC', '', 0, 3, 0, NULL, NULL, NULL, NULL, 27, NULL, '2021-09-29 09:14:03', '2021-09-29 09:14:40'),
(32, 83, '2021-08-23', 1, 'PZ', 'BANDA TIPO B76', '', 1031, 9, 0, '2021-09-29', NULL, NULL, 86, 28, NULL, '2021-09-29 09:17:03', '2021-09-29 09:20:55'),
(33, 83, '2021-08-23', 60, 'LTS', 'GASOLINA', '', 0, 9, 0, NULL, NULL, NULL, 92, 29, NULL, '2021-09-29 09:22:33', '2021-09-29 09:25:38'),
(34, 83, '2021-08-24', 2, 'PZ', 'RETEN 40X55X7', '', 0, 9, 0, NULL, NULL, NULL, 86, 30, NULL, '2021-09-29 09:27:13', '2021-09-29 09:29:07'),
(35, 83, '2021-08-24', 10, 'PZ', 'FABRICACIÓN ABRAZADERAS PARA DUCTO 300MM EN PAILERIA', '', 1032, 9, 0, '2021-09-29', NULL, NULL, 81, 31, NULL, '2021-09-29 09:30:45', '2021-09-29 09:33:35'),
(36, 83, '2021-09-01', 1, 'PZ', 'FABRICACIóN DE UNA PASTA PARA VARIADOR DE 114X17X20MM', '', 0, 3, 0, NULL, NULL, NULL, NULL, 32, NULL, '2021-09-29 09:35:10', '2021-09-29 09:36:46'),
(37, 83, '2021-09-01', 2, 'PZ', 'FABRICACIóN DE BUJES DE BRONCE PRE LUBRICADO DE 25X50M', '', 0, 9, 0, NULL, NULL, NULL, 89, 33, NULL, '2021-09-29 09:56:15', '2021-09-29 10:45:22'),
(38, 83, '2021-09-01', 1, 'SERVICIO', 'A CUERPO DE VALVULAS', '', 0, 3, 0, NULL, NULL, NULL, NULL, 34, NULL, '2021-09-29 10:41:09', '2021-09-29 10:46:38'),
(39, 83, '2021-09-01', 4, 'PZ', 'BANDAS XPA 1557', '', 0, 9, 0, NULL, NULL, NULL, 81, 35, NULL, '2021-09-29 10:48:18', '2021-09-29 10:50:46'),
(40, 83, '2021-09-01', 1, 'PZ', 'FABRICACIÓN DE UN VENTILADOR DE ALUMINIO MEDIDAS DE 135MM DE DIAMENTRO', '', 1033, 9, 0, '2021-09-29', NULL, NULL, 81, 36, NULL, '2021-09-29 10:54:46', '2021-09-29 10:58:19'),
(41, 83, '2021-09-01', 1, 'PZ', 'FABRICACIÓN DE BUJE TIPO DODGE PARA TAMBOR 4 DE 80MM', '', 0, 3, 0, NULL, NULL, NULL, NULL, 37, NULL, '2021-09-29 10:59:38', '2021-09-29 11:00:25'),
(42, 83, '2021-09-01', 3, 'PZ', 'FUSIBLE NH1GG50V250 A 250 A', '', 0, 3, 0, NULL, NULL, NULL, NULL, 38, NULL, '2021-09-29 11:04:16', '2021-09-29 11:05:15'),
(43, 83, '2021-09-01', 1, 'PZ', 'GUARDAMOTOR 15 A 25 AMPERES MARCA TELEMECANIQUE CON AUXILIAR LATERLA', '', 1034, 6, 0, NULL, NULL, NULL, NULL, 39, NULL, '2021-09-29 11:06:50', '2021-09-29 11:09:13'),
(44, 83, '2021-09-01', 5, 'PZ', 'FUSIBLE TIPO CARTUCHO 2A', '', 0, 9, 0, NULL, NULL, NULL, 80, 40, NULL, '2021-09-29 11:12:06', '2021-09-29 11:12:11'),
(45, 83, '2021-09-01', 5, 'PZ', 'FUSIBLE TIPO CARTUCHO 6A', '', 0, 9, 0, NULL, NULL, NULL, 80, 40, NULL, '2021-09-29 11:12:06', '2021-09-29 11:12:11'),
(46, 83, '2021-09-01', 5, 'PZ', 'FUSIBLE TIPO CARTUCHO 4A', '', 0, 9, 0, NULL, NULL, NULL, 80, 40, NULL, '2021-09-29 11:12:06', '2021-09-29 11:12:11'),
(47, 83, '2021-09-01', 5, 'PZ', 'LAMPARA T8 MULTIVOLTAJE CONEXIÓN 2 LADOS', '', 1035, 9, 0, '2021-09-29', NULL, NULL, 90, 41, NULL, '2021-09-29 11:18:07', '2021-09-29 11:21:14'),
(48, 83, '2021-09-01', 3, 'PZ', 'CONTACTO DOBLE POLARIZADO', '', 1036, 9, 0, '2021-09-29', NULL, NULL, 90, 42, NULL, '2021-09-29 11:22:40', '2021-09-29 11:42:51'),
(49, 83, '2021-09-01', 10, 'PZ', 'TERMINAL DE OJILLO CABLE NUMERO 12', '', 1037, 9, 0, '2021-09-29', NULL, NULL, 90, 42, NULL, NULL, '2021-09-29 11:42:59'),
(50, 83, '2021-09-01', 3, 'PZ', 'CLAVIJA COLGANTE TIPO MACHO', '', 1038, 9, 0, '2021-09-29', NULL, NULL, 90, 42, NULL, NULL, '2021-09-29 11:43:06'),
(53, 83, '2021-09-01', 2, 'PZ', 'CLAVIJA COLGANTE TIPO HEMBRA', '', 1039, 9, 0, '2021-09-29', NULL, NULL, 90, 42, NULL, NULL, '2021-09-29 11:43:12'),
(54, 83, '2021-09-01', 1, 'SERVICIO', 'MOTOR DE 60HP DE SEXTO CUERPO', '', 1040, 9, 0, '2021-09-29', NULL, NULL, 90, 43, NULL, '2021-09-29 11:46:11', '2021-09-29 11:52:47'),
(55, 83, '2021-09-01', 1, 'PZ', 'ARRANCADOR A TENSIÓN PLENA DE 10A 20A AMPERES CON BOBINA A 110 SCHNEIDER', '', 0, 3, 0, NULL, NULL, NULL, NULL, 44, NULL, '2021-09-29 11:54:15', '2021-09-29 11:54:38'),
(56, 83, '2021-09-03', 3, 'PZ', 'PILAS AAA', '', 1041, 6, 0, NULL, NULL, NULL, NULL, 45, NULL, '2021-09-29 11:56:22', '2021-09-29 12:00:17'),
(57, 83, '2021-09-06', 4, 'PZ', 'BALERO 608', '', 0, 9, 0, NULL, NULL, NULL, 90, 46, NULL, '2021-09-29 12:06:34', '2021-09-29 12:11:32'),
(58, 83, '2021-09-21', 1, 'SERVICIO', 'A MOTOR DE 1.6AMPERES', '', 1042, 9, 0, '2021-09-29', NULL, NULL, 90, 47, NULL, '2021-09-29 12:13:47', '2021-09-29 12:21:44'),
(59, 83, '2021-09-08', 40, 'LTS', 'GASOLINA', '', 0, 9, 0, NULL, NULL, NULL, 92, 48, NULL, '2021-09-29 12:27:50', '2021-09-29 12:28:41'),
(60, 83, '2021-09-12', 1, 'PZ', 'MICRO MARCA PIZZATO MODELO FL 535-1', '', 1043, 6, 0, NULL, NULL, NULL, NULL, 49, NULL, '2021-09-29 12:30:37', '2021-09-29 12:32:54'),
(61, 83, '2021-09-10', 1, 'SERVICIO', 'A SOPLADOR (DE RUTINA)', '', 0, 3, 0, NULL, NULL, NULL, NULL, 50, NULL, '2021-09-29 12:35:15', '2021-09-29 12:36:08'),
(62, 83, '2021-09-13', 60, 'LTS', 'GASOLINA', '', 0, 9, 0, NULL, NULL, NULL, 89, 51, NULL, '2021-09-29 12:37:56', '2021-09-29 12:39:26'),
(63, 83, '2021-09-14', 4, 'PZ', 'BANDAS B59', '', 0, 9, 0, NULL, NULL, NULL, 86, 52, NULL, '2021-09-29 12:41:16', '2021-09-29 12:41:54'),
(64, 83, '2021-09-15', 4, 'PZ', 'TORNILLOS 14MX100M CABEZA ALLEN', '', 0, 3, 0, NULL, NULL, NULL, NULL, 53, NULL, '2021-09-29 12:44:04', '2021-09-29 12:44:20'),
(65, 83, '2021-09-17', 1, 'PZ', 'DIELÉCTRICO', '', 0, 9, 0, NULL, NULL, NULL, 90, 54, NULL, '2021-09-29 12:48:58', '2021-09-29 12:51:42'),
(66, 83, '2021-09-17', 1, 'PZ', 'ALCOHOL ISOPROPÍLICO', '', 0, 9, 0, NULL, NULL, NULL, 90, 54, NULL, '2021-09-29 12:48:58', '2021-09-29 12:52:15'),
(67, 83, '2021-09-17', 2, 'PZ', 'CINTA DE AISLAR', '', 0, 9, 0, NULL, NULL, NULL, 90, 54, NULL, '2021-09-29 12:48:58', '2021-09-29 12:52:57'),
(68, 83, '2021-09-17', 1, 'PZ', 'WD-40', '', 0, 9, 0, NULL, NULL, NULL, 90, 54, NULL, '2021-09-29 12:48:58', '2021-09-29 12:53:35'),
(69, 83, '2021-09-17', 2, 'PZ', 'FIBRA VERDE SCOTCH BRITE', '', 0, 9, 0, NULL, NULL, NULL, 90, 54, NULL, '2021-09-29 12:48:58', '2021-09-29 12:50:56'),
(70, 83, '2021-09-23', 3, 'LTS', 'ACEITE DE DOS TIEMPOS PARA MOTOR', '', 0, 9, 0, NULL, NULL, NULL, 89, 55, NULL, '2021-09-29 12:55:14', '2021-09-29 13:05:33'),
(71, 83, '2021-09-22', 1, 'PZ', 'CINTA DE AISLAR', '', 0, 9, 0, NULL, NULL, NULL, 90, 56, NULL, '2021-09-29 12:56:40', '2021-09-29 13:04:15'),
(72, 83, '2021-08-31', 60, 'LTS', 'GASOLINA', '', 0, 2, 0, NULL, NULL, NULL, NULL, 57, NULL, '2021-09-29 13:03:06', '2021-09-29 13:04:59');

-- --------------------------------------------------------

--
-- Estructura de tabla para la tabla `cargas`
--

CREATE TABLE `cargas` (
  `id` bigint(20) UNSIGNED NOT NULL,
  `fecha` datetime NOT NULL,
  `semana` varchar(255) COLLATE utf8mb4_unicode_ci NOT NULL,
  `valor` double DEFAULT NULL,
  `partida` varchar(255) COLLATE utf8mb4_unicode_ci DEFAULT NULL,
  `notaPen` enum('1','2','3') COLLATE utf8mb4_unicode_ci DEFAULT '1',
  `estatus` enum('1','2','3') COLLATE utf8mb4_unicode_ci DEFAULT '1',
  `est_ent` enum('1','2','3','4','5','6') COLLATE utf8mb4_unicode_ci DEFAULT NULL,
  `equipo_id` bigint(20) UNSIGNED DEFAULT NULL,
  `dep_perf_id` bigint(20) UNSIGNED DEFAULT NULL,
  `per_carga` bigint(20) UNSIGNED DEFAULT NULL,
  `maq_pro_id` bigint(20) UNSIGNED DEFAULT NULL,
  `proceso_id` bigint(20) UNSIGNED NOT NULL,
  `norma` bigint(20) UNSIGNED DEFAULT NULL,
  `clave_id` bigint(20) UNSIGNED DEFAULT NULL,
  `turno_id` bigint(20) UNSIGNED DEFAULT NULL,
  `deleted_at` timestamp NULL DEFAULT NULL,
  `created_at` timestamp NULL DEFAULT NULL,
  `updated_at` timestamp NULL DEFAULT NULL
) ENGINE=InnoDB DEFAULT CHARSET=utf8mb4 COLLATE=utf8mb4_unicode_ci;

-- --------------------------------------------------------

--
-- Estructura de tabla para la tabla `claves`
--

CREATE TABLE `claves` (
  `id` bigint(20) UNSIGNED NOT NULL,
  `CVE_ART` varchar(255) COLLATE utf8mb4_unicode_ci NOT NULL,
  `DESCR` varchar(255) COLLATE utf8mb4_unicode_ci NOT NULL,
  `UNI_MED` varchar(255) COLLATE utf8mb4_unicode_ci NOT NULL,
  `dep_mat_id` bigint(20) UNSIGNED NOT NULL,
  `deleted_at` timestamp NULL DEFAULT NULL,
  `created_at` timestamp NULL DEFAULT NULL,
  `updated_at` timestamp NULL DEFAULT NULL
) ENGINE=InnoDB DEFAULT CHARSET=utf8mb4 COLLATE=utf8mb4_unicode_ci;

-- --------------------------------------------------------

--
-- Estructura de tabla para la tabla `departamentos`
--

CREATE TABLE `departamentos` (
  `id` bigint(20) UNSIGNED NOT NULL,
  `IdUser` bigint(20) UNSIGNED NOT NULL,
  `Nombre` varchar(45) COLLATE utf8mb4_unicode_ci NOT NULL,
  `departamento_id` bigint(20) UNSIGNED DEFAULT NULL,
  `deleted_at` timestamp NULL DEFAULT NULL,
  `created_at` timestamp NULL DEFAULT NULL,
  `updated_at` timestamp NULL DEFAULT NULL
) ENGINE=InnoDB DEFAULT CHARSET=utf8mb4 COLLATE=utf8mb4_unicode_ci;

--
-- Volcado de datos para la tabla `departamentos`
--

INSERT INTO `departamentos` (`id`, `IdUser`, `Nombre`, `departamento_id`, `deleted_at`, `created_at`, `updated_at`) VALUES
(1, 1, 'ADMINISTRATIVO', NULL, NULL, '2021-09-29 01:11:30', '2021-09-29 01:11:30'),
(2, 1, 'OPERACIONES', NULL, NULL, '2021-09-29 01:11:30', '2021-09-29 01:11:30'),
(3, 1, 'ALMACEN MAT PRIMA', 2, NULL, '2021-09-29 01:11:30', '2021-09-29 01:11:30'),
(4, 1, 'HILATURA 1', 2, NULL, '2021-09-29 01:11:30', '2021-09-29 01:11:30'),
(5, 1, 'HILATURA 2', 2, NULL, '2021-09-29 01:11:30', '2021-09-29 01:11:30'),
(6, 1, 'HILATURA 3', 2, NULL, '2021-09-29 01:11:30', '2021-09-29 01:11:30'),
(7, 1, 'APERTURA', 2, NULL, '2021-09-29 01:11:30', '2021-09-29 01:11:30'),
(8, 1, 'HILATURA DE ANILLO', 2, NULL, '2021-09-29 01:11:30', '2021-09-29 01:11:30'),
(9, 1, 'LABORATORIO Y BONETERIA', NULL, NULL, '2021-09-29 01:11:30', '2021-09-29 01:11:30'),
(10, 1, 'LOGISTICA', NULL, NULL, '2021-09-29 01:11:30', '2021-09-29 01:11:30'),
(11, 1, 'MANTENIMIENTO', 2, NULL, '2021-09-29 01:11:30', '2021-09-29 01:11:30'),
(12, 1, 'SEG Y SERVICIOS GENERALES', NULL, NULL, '2021-09-29 01:11:30', '2021-09-29 01:11:30'),
(13, 1, 'TEJIDO', 2, NULL, '2021-09-29 01:11:31', '2021-09-29 01:11:31'),
(14, 1, 'COMPRAS', NULL, NULL, '2021-09-29 01:11:31', '2021-09-29 01:11:31'),
(15, 1, 'CONTABILIDAD', NULL, NULL, '2021-09-29 01:11:31', '2021-09-29 01:11:31'),
(16, 1, 'SISTEMAS', NULL, NULL, '2021-09-29 01:11:31', '2021-09-29 01:11:31'),
(17, 1, 'DIRECCION', NULL, NULL, '2021-09-29 01:11:31', '2021-09-29 01:11:31'),
(18, 1, 'PREPARACION', NULL, NULL, '2021-09-29 01:11:31', '2021-09-29 01:11:31'),
(19, 1, 'PREPARACION DE ANILLO', NULL, NULL, '2021-09-29 01:11:31', '2021-09-29 01:11:31');

-- --------------------------------------------------------

--
-- Estructura de tabla para la tabla `dep_mats`
--

CREATE TABLE `dep_mats` (
  `id` bigint(20) UNSIGNED NOT NULL,
  `departamento_id` bigint(20) UNSIGNED NOT NULL,
  `material_id` bigint(20) UNSIGNED NOT NULL,
  `deleted_at` timestamp NULL DEFAULT NULL,
  `created_at` timestamp NULL DEFAULT NULL,
  `updated_at` timestamp NULL DEFAULT NULL
) ENGINE=InnoDB DEFAULT CHARSET=utf8mb4 COLLATE=utf8mb4_unicode_ci;

-- --------------------------------------------------------

--
-- Estructura de tabla para la tabla `dep_pers`
--

CREATE TABLE `dep_pers` (
  `id` bigint(20) UNSIGNED NOT NULL,
  `perfiles_usuarios_id` bigint(20) UNSIGNED NOT NULL,
  `ope_puesto` varchar(255) COLLATE utf8mb4_unicode_ci NOT NULL,
  `departamento_id` bigint(20) UNSIGNED NOT NULL,
  `equipo_id` bigint(20) UNSIGNED DEFAULT NULL,
  `deleted_at` timestamp NULL DEFAULT NULL,
  `created_at` timestamp NULL DEFAULT NULL,
  `updated_at` timestamp NULL DEFAULT NULL
) ENGINE=InnoDB DEFAULT CHARSET=utf8mb4 COLLATE=utf8mb4_unicode_ci;

-- --------------------------------------------------------

--
-- Estructura de tabla para la tabla `equipos`
--

CREATE TABLE `equipos` (
  `id` bigint(20) UNSIGNED NOT NULL,
  `nombre` varchar(255) COLLATE utf8mb4_unicode_ci NOT NULL,
  `turno_id` bigint(20) UNSIGNED DEFAULT NULL,
  `departamento_id` bigint(20) UNSIGNED NOT NULL,
  `deleted_at` timestamp NULL DEFAULT NULL,
  `created_at` timestamp NULL DEFAULT NULL,
  `updated_at` timestamp NULL DEFAULT NULL
) ENGINE=InnoDB DEFAULT CHARSET=utf8mb4 COLLATE=utf8mb4_unicode_ci;

-- --------------------------------------------------------

--
-- Estructura de tabla para la tabla `failed_jobs`
--

CREATE TABLE `failed_jobs` (
  `id` bigint(20) UNSIGNED NOT NULL,
  `uuid` varchar(255) COLLATE utf8mb4_unicode_ci NOT NULL,
  `connection` text COLLATE utf8mb4_unicode_ci NOT NULL,
  `queue` text COLLATE utf8mb4_unicode_ci NOT NULL,
  `payload` longtext COLLATE utf8mb4_unicode_ci NOT NULL,
  `exception` longtext COLLATE utf8mb4_unicode_ci NOT NULL,
  `failed_at` timestamp NOT NULL DEFAULT current_timestamp()
) ENGINE=InnoDB DEFAULT CHARSET=utf8mb4 COLLATE=utf8mb4_unicode_ci;

-- --------------------------------------------------------

--
-- Estructura de tabla para la tabla `formulas`
--

CREATE TABLE `formulas` (
  `id` bigint(20) UNSIGNED NOT NULL,
  `proc_rela` varchar(255) COLLATE utf8mb4_unicode_ci NOT NULL,
  `maq_pros_id` bigint(20) UNSIGNED DEFAULT NULL,
  `proceso_id` bigint(20) UNSIGNED DEFAULT NULL,
  `deleted_at` timestamp NULL DEFAULT NULL,
  `created_at` timestamp NULL DEFAULT NULL,
  `updated_at` timestamp NULL DEFAULT NULL
) ENGINE=InnoDB DEFAULT CHARSET=utf8mb4 COLLATE=utf8mb4_unicode_ci;

-- --------------------------------------------------------

--
-- Estructura de tabla para la tabla `incidencias`
--

CREATE TABLE `incidencias` (
  `id` bigint(20) UNSIGNED NOT NULL,
  `IdUser` bigint(20) UNSIGNED NOT NULL,
  `IdEmp` bigint(20) UNSIGNED NOT NULL,
  `TipoMotivo` varchar(65) COLLATE utf8mb4_unicode_ci NOT NULL,
  `Fecha` date DEFAULT NULL,
  `Comentarios` text COLLATE utf8mb4_unicode_ci NOT NULL,
  `perfiles_usuarios_id` bigint(20) UNSIGNED NOT NULL,
  `deleted_at` timestamp NULL DEFAULT NULL,
  `created_at` timestamp NULL DEFAULT NULL,
  `updated_at` timestamp NULL DEFAULT NULL
) ENGINE=InnoDB DEFAULT CHARSET=utf8mb4 COLLATE=utf8mb4_unicode_ci;

-- --------------------------------------------------------

--
-- Estructura de tabla para la tabla `jefes_areas`
--

CREATE TABLE `jefes_areas` (
  `id` bigint(20) UNSIGNED NOT NULL,
  `IdUser` bigint(20) UNSIGNED NOT NULL,
  `IdEmp` bigint(20) UNSIGNED NOT NULL,
  `Nombre` varchar(35) COLLATE utf8mb4_unicode_ci NOT NULL,
  `Area` varchar(30) COLLATE utf8mb4_unicode_ci NOT NULL,
  `deleted_at` timestamp NULL DEFAULT NULL,
  `created_at` timestamp NULL DEFAULT NULL,
  `updated_at` timestamp NULL DEFAULT NULL
) ENGINE=InnoDB DEFAULT CHARSET=utf8mb4 COLLATE=utf8mb4_unicode_ci;

--
-- Volcado de datos para la tabla `jefes_areas`
--

INSERT INTO `jefes_areas` (`id`, `IdUser`, `IdEmp`, `Nombre`, `Area`, `deleted_at`, `created_at`, `updated_at`) VALUES
(1, 1, 41, 'JAVIER PEREZ GIL', 'ADMINISTRATIVO', NULL, '2021-09-29 01:11:34', '2021-09-29 01:11:34'),
(2, 1, 22, 'RODOLFO REYES GARCIA', 'OPERACIONES', NULL, '2021-09-29 01:11:35', '2021-09-29 01:11:35'),
(3, 1, 70, 'DIANA MUÑOZ HERRERA', 'ADMINISTRATIVO', NULL, '2021-09-29 01:11:35', '2021-09-29 01:11:35'),
(4, 1, 28, 'JUAN PABLO QUINTANA', 'SUPPLY MANAGER', NULL, '2021-09-29 01:11:35', '2021-09-29 01:11:35'),
(5, 1, 9898, 'ALBERTO AGUILAR', 'CONTRALORIA', NULL, '2021-09-29 01:11:35', '2021-09-29 01:11:35'),
(6, 1, 13, 'LEYDEN LOPEZ', 'RECURSOS HUMANOS', NULL, '2021-09-29 01:11:35', '2021-09-29 01:11:35'),
(7, 1, 53, 'GERARDO LOPEZ ROSALES', 'ADMINISTRATIVO', NULL, '2021-09-29 01:11:35', '2021-09-29 01:11:35'),
(8, 1, 21, 'JOSE ALFONSO', 'ADMINISTRATIVO', NULL, '2021-09-29 01:11:35', '2021-09-29 01:11:35'),
(9, 1, 32, 'RICARDO CASTILLO OLIVER', 'ADMINISTRATIVO', NULL, '2021-09-29 01:11:35', '2021-09-29 01:11:35'),
(10, 1, 10, 'ARTURO RODRIGUEZ CARMONA', 'ADMINISTRATIVO', NULL, '2021-09-29 01:11:35', '2021-09-29 01:11:35'),
(11, 1, 49, 'JUAN JOSE MENDOZA PASTRANA', 'COMERCIAL', NULL, '2021-09-29 01:11:35', '2021-09-29 01:11:35'),
(12, 1, 83, 'GERARDO ROJAS GARCIA', 'ADMINISTRATIVO', NULL, '2021-09-29 01:11:35', '2021-09-29 01:11:35'),
(13, 1, 64, 'PATRICIA RODRIGUEZ NESME', 'ADMINISTRATIVO', NULL, '2021-09-29 01:11:35', '2021-09-29 01:11:35'),
(14, 1, 43, 'BEATRIZ JARAMILLO NOLASCO', 'ADMINISTRATIVO', NULL, '2021-09-29 01:11:35', '2021-09-29 01:11:35'),
(15, 1, 99999, 'PEDRO MUÑOZ', 'ADMINISTRATIVO', NULL, '2021-09-29 01:11:35', '2021-09-29 01:11:35'),
(16, 1, 1263, 'ISRAEL CORONA', 'ADMINISTRATIVO', NULL, '2021-09-29 01:11:35', '2021-09-29 01:11:35'),
(17, 1, 516, 'RAFAEL PARRAGUIRRE GARCIA', 'ADMINISTRATIVO', NULL, '2021-09-29 01:11:35', '2021-09-29 01:11:35'),
(18, 1, 53, 'GERARDO LOPEZ ROSALES', 'ADMINISTRATIVO', NULL, '2021-09-29 01:11:35', '2021-09-29 01:11:35'),
(19, 1, 1225, 'MIGUEL ANGEL HERNANDEZ RODIRGUEZ', 'ADMINISTRATIVO', NULL, '2021-09-29 01:11:35', '2021-09-29 01:11:35'),
(20, 1, 1235, 'FERNANDO MADRIGAL RANGEL', 'ADMINISTRATIVO', NULL, '2021-09-29 01:11:35', '2021-09-29 01:11:35'),
(21, 1, 5310, 'ADMINISTRADOR', 'ADMINISTRATIVO', NULL, '2021-09-29 01:11:36', '2021-09-29 01:11:36');

-- --------------------------------------------------------

--
-- Estructura de tabla para la tabla `maquinas`
--

CREATE TABLE `maquinas` (
  `id` bigint(20) UNSIGNED NOT NULL,
  `IdUser` bigint(20) UNSIGNED NOT NULL,
  `Nombre` varchar(45) COLLATE utf8mb4_unicode_ci NOT NULL,
  `Departamento` varchar(35) COLLATE utf8mb4_unicode_ci NOT NULL,
  `departamento_id` bigint(20) UNSIGNED DEFAULT NULL,
  `deleted_at` timestamp NULL DEFAULT NULL,
  `created_at` timestamp NULL DEFAULT NULL,
  `updated_at` timestamp NULL DEFAULT NULL
) ENGINE=InnoDB DEFAULT CHARSET=utf8mb4 COLLATE=utf8mb4_unicode_ci;

--
-- Volcado de datos para la tabla `maquinas`
--

INSERT INTO `maquinas` (`id`, `IdUser`, `Nombre`, `Departamento`, `departamento_id`, `deleted_at`, `created_at`, `updated_at`) VALUES
(1, 1, 'PRENSA 1', 'APERTURA', 7, NULL, '2021-09-29 01:11:36', '2021-09-29 01:11:36'),
(2, 1, 'ROMPEDORA 1', 'APERTURA', 7, NULL, '2021-09-29 01:11:36', '2021-09-29 01:11:36'),
(3, 1, 'ROMPEDORA 2', 'APERTURA', 7, NULL, '2021-09-29 01:11:36', '2021-09-29 01:11:36'),
(4, 1, 'MULTIWASTE', 'APERTURA', 7, NULL, '2021-09-29 01:11:36', '2021-09-29 01:11:36'),
(5, 1, 'PRENSA 2 ROTATIVA', 'APERTURA', 7, NULL, '2021-09-29 01:11:36', '2021-09-29 01:11:36'),
(6, 1, 'CORTADORA 2', 'APERTURA', 7, NULL, '2021-09-29 01:11:36', '2021-09-29 01:11:36'),
(7, 1, 'MULTIWASTE 2', 'APERTURA', 7, NULL, '2021-09-29 01:11:36', '2021-09-29 01:11:36'),
(8, 1, 'PRENSA DE POLVOS', 'APERTURA', 7, NULL, '2021-09-29 01:11:36', '2021-09-29 01:11:36'),
(9, 1, 'ROMPEDORA 1 CUERPO', 'APERTURA', 7, NULL, '2021-09-29 01:11:37', '2021-09-29 01:11:37'),
(10, 1, 'CARDA', 'APERTURA', 7, NULL, '2021-09-29 01:11:37', '2021-09-29 01:11:37'),
(11, 1, 'MONTACARGAS', 'APERTURA', 7, NULL, '2021-09-29 01:11:37', '2021-09-29 01:11:37'),
(12, 1, 'COMPRESOR 1', 'APERTURA', 7, NULL, '2021-09-29 01:11:37', '2021-09-29 01:11:37'),
(13, 1, 'COMPRESOR 2', 'APERTURA', 7, NULL, '2021-09-29 01:11:37', '2021-09-29 01:11:37'),
(14, 1, 'AFILADORA', 'APERTURA', 7, NULL, '2021-09-29 01:11:37', '2021-09-29 01:11:37'),
(15, 1, 'SOPLADOR 1', 'APERTURA', 7, NULL, '2021-09-29 01:11:37', '2021-09-29 01:11:37'),
(16, 1, 'SOPLADOR 2', 'APERTURA', 7, NULL, '2021-09-29 01:11:37', '2021-09-29 01:11:37'),
(17, 1, 'CORTADORA 1', 'APERTURA', 7, NULL, '2021-09-29 01:11:37', '2021-09-29 01:11:37'),
(18, 1, 'MANTENIMIENTO APERTURA', 'APERTURA', 7, NULL, '2021-09-29 01:11:37', '2021-09-29 01:11:37'),
(19, 1, 'ABRICARD', 'HILATURA 1', 4, NULL, '2021-09-29 01:11:37', '2021-09-29 01:11:37'),
(20, 1, 'TINA DE ENZIMAJE', 'HILATURA 1', 4, NULL, '2021-09-29 01:11:37', '2021-09-29 01:11:37'),
(21, 1, 'CUARTO DE REPOSO 1', 'HILATURA 1', 4, NULL, '2021-09-29 01:11:37', '2021-09-29 01:11:37'),
(22, 1, 'CUARTO DE REPOSO 2', 'HILATURA 1', 4, NULL, '2021-09-29 01:11:37', '2021-09-29 01:11:37'),
(23, 1, 'CUARTO DE REPOSO 3', 'HILATURA 1', 4, NULL, '2021-09-29 01:11:37', '2021-09-29 01:11:37'),
(24, 1, 'CUARTO DE REPOSO 4', 'HILATURA 1', 4, NULL, '2021-09-29 01:11:37', '2021-09-29 01:11:37'),
(25, 1, 'TABLERO DE CUARTOS', 'HILATURA 1', 4, NULL, '2021-09-29 01:11:37', '2021-09-29 01:11:37'),
(26, 1, 'FRESA', 'HILATURA 1', 4, NULL, '2021-09-29 01:11:37', '2021-09-29 01:11:37'),
(27, 1, 'VENTILADOR DE FRESA', 'HILATURA 1', 4, NULL, '2021-09-29 01:11:37', '2021-09-29 01:11:37'),
(28, 1, 'PANEL DE EAS', 'HILATURA 1', 4, NULL, '2021-09-29 01:11:37', '2021-09-29 01:11:37'),
(29, 1, 'LTB', 'HILATURA 1', 4, NULL, '2021-09-29 01:11:37', '2021-09-29 01:11:37'),
(30, 1, 'MSL', 'HILATURA 1', 4, NULL, '2021-09-29 01:11:38', '2021-09-29 01:11:38'),
(31, 1, 'SECUROMAT', 'HILATURA 1', 4, NULL, '2021-09-29 01:11:38', '2021-09-29 01:11:38'),
(32, 1, 'BE', 'HILATURA 1', 4, NULL, '2021-09-29 01:11:38', '2021-09-29 01:11:38'),
(33, 1, 'TUFTOMAT', 'HILATURA 1', 4, NULL, '2021-09-29 01:11:38', '2021-09-29 01:11:38'),
(34, 1, 'DUSTEX', 'HILATURA 1', 4, NULL, '2021-09-29 01:11:38', '2021-09-29 01:11:38'),
(35, 1, 'CARDA 1', 'HILATURA 1', 4, NULL, '2021-09-29 01:11:38', '2021-09-29 01:11:38'),
(36, 1, 'CARDA 2', 'HILATURA 1', 4, NULL, '2021-09-29 01:11:38', '2021-09-29 01:11:38'),
(37, 1, 'CARDA 3', 'HILATURA 1', 4, NULL, '2021-09-29 01:11:38', '2021-09-29 01:11:38'),
(38, 1, 'CARDA 4', 'HILATURA 1', 4, NULL, '2021-09-29 01:11:38', '2021-09-29 01:11:38'),
(39, 1, 'CARDA 5', 'HILATURA 1', 4, NULL, '2021-09-29 01:11:38', '2021-09-29 01:11:38'),
(40, 1, 'CARDA 6', 'HILATURA 1', 4, NULL, '2021-09-29 01:11:38', '2021-09-29 01:11:38'),
(41, 1, 'ESTIRADOR 1', 'HILATURA 1', 4, NULL, '2021-09-29 01:11:38', '2021-09-29 01:11:38'),
(42, 1, 'ESTIRADOR 2', 'HILATURA 1', 4, NULL, '2021-09-29 01:11:38', '2021-09-29 01:11:38'),
(43, 1, 'OPEN 1', 'HILATURA 1', 4, NULL, '2021-09-29 01:11:39', '2021-09-29 01:11:39'),
(44, 1, 'OPEN 2', 'HILATURA 1', 4, NULL, '2021-09-29 01:11:39', '2021-09-29 01:11:39'),
(45, 1, 'OPEN 3', 'HILATURA 1', 4, NULL, '2021-09-29 01:11:39', '2021-09-29 01:11:39'),
(46, 1, 'OPEN 5', 'HILATURA 1', 4, NULL, '2021-09-29 01:11:39', '2021-09-29 01:11:39'),
(47, 1, 'OPEN 6', 'HILATURA 1', 4, NULL, '2021-09-29 01:11:39', '2021-09-29 01:11:39'),
(48, 1, 'VAPORIZADOR', 'HILATURA 1', 4, NULL, '2021-09-29 01:11:39', '2021-09-29 01:11:39'),
(49, 1, 'TORZAL 1', 'HILATURA 1', 4, NULL, '2021-09-29 01:11:39', '2021-09-29 01:11:39'),
(50, 1, 'TORZAL 2', 'HILATURA 1', 4, NULL, '2021-09-29 01:11:39', '2021-09-29 01:11:39'),
(51, 1, 'TORZAL 3', 'HILATURA 1', 4, NULL, '2021-09-29 01:11:39', '2021-09-29 01:11:39'),
(52, 1, 'CONERA 1', 'HILATURA 1', 4, NULL, '2021-09-29 01:11:39', '2021-09-29 01:11:39'),
(53, 1, 'CONERA 2', 'HILATURA 1', 4, NULL, '2021-09-29 01:11:39', '2021-09-29 01:11:39'),
(54, 1, 'CONERA 3', 'HILATURA 1', 4, NULL, '2021-09-29 01:11:39', '2021-09-29 01:11:39'),
(55, 1, 'CENTRAL DE CARDAS', 'HILATURA 1', 4, NULL, '2021-09-29 01:11:39', '2021-09-29 01:11:39'),
(56, 1, 'COMPACTADOR DE CARDAS', 'HILATURA 1', 4, NULL, '2021-09-29 01:11:40', '2021-09-29 01:11:40'),
(57, 1, 'CENTRAL DE OPEN', 'HILATURA 1', 4, NULL, '2021-09-29 01:11:40', '2021-09-29 01:11:40'),
(58, 1, 'COMPACTADOR DE OPEN', 'HILATURA 1', 4, NULL, '2021-09-29 01:11:40', '2021-09-29 01:11:40'),
(59, 1, 'ABRICARD', 'HILATURA 2', 5, NULL, '2021-09-29 01:11:40', '2021-09-29 01:11:40'),
(60, 1, 'TINA DE ENZIMAJE', 'HILATURA 2', 5, NULL, '2021-09-29 01:11:40', '2021-09-29 01:11:40'),
(61, 1, 'CUARTO DE REPOSO 1', 'HILATURA 2', 5, NULL, '2021-09-29 01:11:40', '2021-09-29 01:11:40'),
(62, 1, 'CUARTO DE REPOSO 2', 'HILATURA 2', 5, NULL, '2021-09-29 01:11:40', '2021-09-29 01:11:40'),
(63, 1, 'FRESA', 'HILATURA 2', 5, NULL, '2021-09-29 01:11:40', '2021-09-29 01:11:40'),
(64, 1, 'VENTILADOR DE FRESA', 'HILATURA 2', 5, NULL, '2021-09-29 01:11:40', '2021-09-29 01:11:40'),
(65, 1, 'BOA', 'HILATURA 2', 5, NULL, '2021-09-29 01:11:40', '2021-09-29 01:11:40'),
(66, 1, 'SECUROMAT', 'HILATURA 2', 5, NULL, '2021-09-29 01:11:40', '2021-09-29 01:11:40'),
(67, 1, 'VENTILADOR DE MULTIMEZCLADORA', 'HILATURA 2', 5, NULL, '2021-09-29 01:11:40', '2021-09-29 01:11:40'),
(68, 1, 'MULTIMEZCLADORA', 'HILATURA 2', 5, NULL, '2021-09-29 01:11:40', '2021-09-29 01:11:40'),
(69, 1, 'CNT1', 'HILATURA 2', 5, NULL, '2021-09-29 01:11:40', '2021-09-29 01:11:40'),
(70, 1, 'DUSTEX', 'HILATURA 2', 5, NULL, '2021-09-29 01:11:40', '2021-09-29 01:11:40'),
(71, 1, 'PANEL DE EAS', 'HILATURA 2', 5, NULL, '2021-09-29 01:11:40', '2021-09-29 01:11:40'),
(72, 1, 'CARDA 1', 'HILATURA 2', 5, NULL, '2021-09-29 01:11:40', '2021-09-29 01:11:40'),
(73, 1, 'CARDA 2', 'HILATURA 2', 5, NULL, '2021-09-29 01:11:40', '2021-09-29 01:11:40'),
(74, 1, 'CARDA 3', 'HILATURA 2', 5, NULL, '2021-09-29 01:11:40', '2021-09-29 01:11:40'),
(75, 1, 'CARDA 4', 'HILATURA 2', 5, NULL, '2021-09-29 01:11:40', '2021-09-29 01:11:40'),
(76, 1, 'CARDA 5', 'HILATURA 2', 5, NULL, '2021-09-29 01:11:40', '2021-09-29 01:11:40'),
(77, 1, 'CARDA 6', 'HILATURA 2', 5, NULL, '2021-09-29 01:11:40', '2021-09-29 01:11:40'),
(78, 1, 'ESTIRADOR 1', 'HILATURA 2', 5, NULL, '2021-09-29 01:11:41', '2021-09-29 01:11:41'),
(79, 1, 'ESTIRADOR 2', 'HILATURA 2', 5, NULL, '2021-09-29 01:11:41', '2021-09-29 01:11:41'),
(80, 1, 'BOMBA DE ALTA PRESION', 'HILATURA 2', 5, NULL, '2021-09-29 01:11:41', '2021-09-29 01:11:41'),
(81, 1, 'OPEN 1', 'HILATURA 2', 5, NULL, '2021-09-29 01:11:41', '2021-09-29 01:11:41'),
(82, 1, 'OPEN 2', 'HILATURA 2', 5, NULL, '2021-09-29 01:11:41', '2021-09-29 01:11:41'),
(83, 1, 'OPEN 3', 'HILATURA 2', 5, NULL, '2021-09-29 01:11:41', '2021-09-29 01:11:41'),
(84, 1, 'OPEN 4', 'HILATURA 2', 5, NULL, '2021-09-29 01:11:41', '2021-09-29 01:11:41'),
(85, 1, 'OPEN 5', 'HILATURA 2', 5, NULL, '2021-09-29 01:11:41', '2021-09-29 01:11:41'),
(86, 1, 'OPEN 6', 'HILATURA 2', 5, NULL, '2021-09-29 01:11:41', '2021-09-29 01:11:41'),
(87, 1, 'CENTRAL DE CARDAS', 'HILATURA 2', 5, NULL, '2021-09-29 01:11:41', '2021-09-29 01:11:41'),
(88, 1, 'COMPACTADOR DE CARDAS', 'HILATURA 2', 5, NULL, '2021-09-29 01:11:41', '2021-09-29 01:11:41'),
(89, 1, 'CENTRAL DE OPEN', 'HILATURA 2', 5, NULL, '2021-09-29 01:11:41', '2021-09-29 01:11:41'),
(90, 1, 'ABRICARD', 'HILATURA 3', 6, NULL, '2021-09-29 01:11:41', '2021-09-29 01:11:41'),
(91, 1, 'CUARTO 1', 'HILATURA 3', 6, NULL, '2021-09-29 01:11:41', '2021-09-29 01:11:41'),
(92, 1, 'CUARTO 2', 'HILATURA 3', 6, NULL, '2021-09-29 01:11:41', '2021-09-29 01:11:41'),
(93, 1, 'FRESA', 'HILATURA 3', 6, NULL, '2021-09-29 01:11:41', '2021-09-29 01:11:41'),
(94, 1, 'CARGADORA', 'HILATURA 3', 6, NULL, '2021-09-29 01:11:41', '2021-09-29 01:11:41'),
(95, 1, 'ABRIDORA', 'HILATURA 3', 6, NULL, '2021-09-29 01:11:41', '2021-09-29 01:11:41'),
(96, 1, 'SEPARADOR', 'HILATURA 3', 6, NULL, '2021-09-29 01:11:42', '2021-09-29 01:11:42'),
(97, 1, 'DUSTEX', 'HILATURA 3', 6, NULL, '2021-09-29 01:11:42', '2021-09-29 01:11:42'),
(98, 1, 'CARDA 1', 'HILATURA 3', 6, NULL, '2021-09-29 01:11:42', '2021-09-29 01:11:42'),
(99, 1, 'CARDA 2', 'HILATURA 3', 6, NULL, '2021-09-29 01:11:42', '2021-09-29 01:11:42'),
(100, 1, 'CARDA 3', 'HILATURA 3', 6, NULL, '2021-09-29 01:11:42', '2021-09-29 01:11:42'),
(101, 1, 'CARDA 4', 'HILATURA 3', 6, NULL, '2021-09-29 01:11:42', '2021-09-29 01:11:42'),
(102, 1, 'ESTIRADOR', 'HILATURA 3', 6, NULL, '2021-09-29 01:11:42', '2021-09-29 01:11:42'),
(103, 1, 'OPEN 1', 'HILATURA 3', 6, NULL, '2021-09-29 01:11:42', '2021-09-29 01:11:42'),
(104, 1, 'OPEN 2', 'HILATURA 3', 6, NULL, '2021-09-29 01:11:42', '2021-09-29 01:11:42'),
(105, 1, 'OPEN 3', 'HILATURA 3', 6, NULL, '2021-09-29 01:11:42', '2021-09-29 01:11:42'),
(106, 1, 'ROBOT', 'HILATURA 3', 6, NULL, '2021-09-29 01:11:42', '2021-09-29 01:11:42'),
(107, 1, 'COMPACTADOR', 'HILATURA 3', 6, NULL, '2021-09-29 01:11:42', '2021-09-29 01:11:42'),
(108, 1, 'CENTRAL', 'HILATURA 3', 6, NULL, '2021-09-29 01:11:42', '2021-09-29 01:11:42'),
(109, 1, 'TRANSFORMADOR 500 KVA', 'HILATURA 3', 6, NULL, '2021-09-29 01:11:42', '2021-09-29 01:11:42'),
(110, 1, 'COMPRESOR 30 HP', 'HILATURA 3', 6, NULL, '2021-09-29 01:11:42', '2021-09-29 01:11:42'),
(111, 1, 'PULMON', 'HILATURA 3', 6, NULL, '2021-09-29 01:11:42', '2021-09-29 01:11:42'),
(112, 1, 'ABRICARD', 'PREPARACION', 18, NULL, '2021-09-29 01:11:42', '2021-09-29 01:11:42'),
(113, 1, 'TINA DE ENZIMAJE', 'PREPARACION', 18, NULL, '2021-09-29 01:11:42', '2021-09-29 01:11:42'),
(114, 1, 'CUARTO DE REPOSO 1', 'PREPARACION', 18, NULL, '2021-09-29 01:11:42', '2021-09-29 01:11:42'),
(115, 1, 'CUARTO DE REPOSO 2', 'PREPARACION', 18, NULL, '2021-09-29 01:11:42', '2021-09-29 01:11:42'),
(116, 1, 'FRESA', 'PREPARACION', 18, NULL, '2021-09-29 01:11:42', '2021-09-29 01:11:42'),
(117, 1, 'SECUROMAT', 'PREPARACION', 18, NULL, '2021-09-29 01:11:42', '2021-09-29 01:11:42'),
(118, 1, 'TFV1', 'PREPARACION', 18, NULL, '2021-09-29 01:11:42', '2021-09-29 01:11:42'),
(119, 1, 'VENTILADOR DEL TFV1', 'PREPARACION', 18, NULL, '2021-09-29 01:11:42', '2021-09-29 01:11:42'),
(120, 1, 'CARDA ROSIQUE', 'PREPARACION', 18, NULL, '2021-09-29 01:11:42', '2021-09-29 01:11:42'),
(121, 1, 'BOMBA DE ALTA PRESION', 'PREPARACION', 18, NULL, '2021-09-29 01:11:42', '2021-09-29 01:11:42'),
(122, 1, 'CARDA 1', 'PREPARACION', 18, NULL, '2021-09-29 01:11:42', '2021-09-29 01:11:42'),
(123, 1, 'CARDA 2', 'PREPARACION', 18, NULL, '2021-09-29 01:11:42', '2021-09-29 01:11:42'),
(124, 1, 'CARDA 3', 'PREPARACION', 18, NULL, '2021-09-29 01:11:43', '2021-09-29 01:11:43'),
(125, 1, 'CARDA 4', 'PREPARACION', 18, NULL, '2021-09-29 01:11:43', '2021-09-29 01:11:43'),
(126, 1, 'CARDA 5', 'PREPARACION', 18, NULL, '2021-09-29 01:11:43', '2021-09-29 01:11:43'),
(127, 1, 'CARDA 6', 'PREPARACION', 18, NULL, '2021-09-29 01:11:43', '2021-09-29 01:11:43'),
(128, 1, 'CONDENSADOR 1 DE PRENSA', 'PREPARACION', 18, NULL, '2021-09-29 01:11:43', '2021-09-29 01:11:43'),
(129, 1, 'CONDENSADOR 2 DE PRENSA', 'PREPARACION', 18, NULL, '2021-09-29 01:11:43', '2021-09-29 01:11:43'),
(130, 1, 'PRENSA', 'PREPARACION', 18, NULL, '2021-09-29 01:11:43', '2021-09-29 01:11:43'),
(131, 1, 'VENTILADOR CARDAS 1-2', 'PREPARACION', 18, NULL, '2021-09-29 01:11:43', '2021-09-29 01:11:43'),
(132, 1, 'VENTILADOR CARDA 3,4,5,6', 'PREPARACION', 18, NULL, '2021-09-29 01:11:43', '2021-09-29 01:11:43'),
(133, 1, 'CONDENSADOR DE RECUPERACION', 'PREPARACION', 18, NULL, '2021-09-29 01:11:43', '2021-09-29 01:11:43'),
(134, 1, 'CENTRAL DE ASPIRACION', 'PREPARACION', 18, NULL, '2021-09-29 01:11:43', '2021-09-29 01:11:43'),
(135, 1, 'TRANSFORMADOR DE 500 KVA', 'PREPARACION', 18, NULL, '2021-09-29 01:11:43', '2021-09-29 01:11:43'),
(136, 1, 'ABRICARD LINEA 1', 'PREPARACION DE ANILLO', 19, NULL, '2021-09-29 01:11:43', '2021-09-29 01:11:43'),
(137, 1, 'VENTILADOR DEL ABRICARD', 'PREPARACION DE ANILLO', 19, NULL, '2021-09-29 01:11:43', '2021-09-29 01:11:43'),
(138, 1, 'CUARTO DE REPOSO 1', 'PREPARACION DE ANILLO', 19, NULL, '2021-09-29 01:11:43', '2021-09-29 01:11:43'),
(139, 1, 'CUARTO DE REPOSO 2', 'PREPARACION DE ANILLO', 19, NULL, '2021-09-29 01:11:43', '2021-09-29 01:11:43'),
(140, 1, 'FRESA', 'PREPARACION DE ANILLO', 19, NULL, '2021-09-29 01:11:43', '2021-09-29 01:11:43'),
(141, 1, 'CARGADORA LINEA 1', 'PREPARACION DE ANILLO', 19, NULL, '2021-09-29 01:11:43', '2021-09-29 01:11:43'),
(142, 1, 'ABRIDORA LINEA 1', 'PREPARACION DE ANILLO', 19, NULL, '2021-09-29 01:11:43', '2021-09-29 01:11:43'),
(143, 1, 'MSL', 'PREPARACION DE ANILLO', 19, NULL, '2021-09-29 01:11:43', '2021-09-29 01:11:43'),
(144, 1, 'CARDA 1', 'PREPARACION DE ANILLO', 19, NULL, '2021-09-29 01:11:43', '2021-09-29 01:11:43'),
(145, 1, 'CARDA 2', 'PREPARACION DE ANILLO', 19, NULL, '2021-09-29 01:11:44', '2021-09-29 01:11:44'),
(146, 1, 'CARDA 3', 'PREPARACION DE ANILLO', 19, NULL, '2021-09-29 01:11:44', '2021-09-29 01:11:44'),
(147, 1, 'CARDA 4', 'PREPARACION DE ANILLO', 19, NULL, '2021-09-29 01:11:44', '2021-09-29 01:11:44'),
(148, 1, 'CARDA 5', 'PREPARACION DE ANILLO', 19, NULL, '2021-09-29 01:11:44', '2021-09-29 01:11:44'),
(149, 1, 'CARGADORA LINEA 2', 'PREPARACION DE ANILLO', 19, NULL, '2021-09-29 01:11:44', '2021-09-29 01:11:44'),
(150, 1, 'ABRIDORA LINEA 2', 'PREPARACION DE ANILLO', 19, NULL, '2021-09-29 01:11:44', '2021-09-29 01:11:44'),
(151, 1, 'BOMBA DE ALTA PRESION', 'PREPARACION DE ANILLO', 19, NULL, '2021-09-29 01:11:44', '2021-09-29 01:11:44'),
(152, 1, 'CALEFACTOR', 'PREPARACION DE ANILLO', 19, NULL, '2021-09-29 01:11:44', '2021-09-29 01:11:44'),
(153, 1, 'ESTIRADOR 1 PRIMER PASO', 'PREPARACION DE ANILLO', 19, NULL, '2021-09-29 01:11:44', '2021-09-29 01:11:44'),
(154, 1, 'ESTIRADOR 2 SEGUNDO PASO', 'PREPARACION DE ANILLO', 19, NULL, '2021-09-29 01:11:44', '2021-09-29 01:11:44'),
(155, 1, 'ESTIRADOR 3 PRIMER PASO', 'PREPARACION DE ANILLO', 19, NULL, '2021-09-29 01:11:44', '2021-09-29 01:11:44'),
(156, 1, 'ESTIRADOR 4 SEGUNDO PASO', 'PREPARACION DE ANILLO', 19, NULL, '2021-09-29 01:11:44', '2021-09-29 01:11:44'),
(157, 1, 'VELOZ 1', 'PREPARACION DE ANILLO', 19, NULL, '2021-09-29 01:11:44', '2021-09-29 01:11:44'),
(158, 1, 'VELOZ 2', 'PREPARACION DE ANILLO', 19, NULL, '2021-09-29 01:11:44', '2021-09-29 01:11:44'),
(159, 1, 'TRANSFORMADOR 300 KVA', 'PREPARACION DE ANILLO', 19, NULL, '2021-09-29 01:11:44', '2021-09-29 01:11:44'),
(160, 1, 'SECADOR DE PREPARACION', 'PREPARACION DE ANILLO', 19, NULL, '2021-09-29 01:11:44', '2021-09-29 01:11:44'),
(161, 1, 'PULMON 1 PREPARACION', 'PREPARACION DE ANILLO', 19, NULL, '2021-09-29 01:11:44', '2021-09-29 01:11:44'),
(162, 1, 'COMPRESOR 25 HP', 'PREPARACION DE ANILLO', 19, NULL, '2021-09-29 01:11:44', '2021-09-29 01:11:44'),
(163, 1, 'COMPRESOR 30 HP', 'PREPARACION DE ANILLO', 19, NULL, '2021-09-29 01:11:44', '2021-09-29 01:11:44'),
(164, 1, 'TROCIL 1', 'HILATURA DE ANILLO', 8, NULL, '2021-09-29 01:11:44', '2021-09-29 01:11:44'),
(165, 1, 'TROCIL 2', 'HILATURA DE ANILLO', 8, NULL, '2021-09-29 01:11:44', '2021-09-29 01:11:44'),
(166, 1, 'TROCIL 3', 'HILATURA DE ANILLO', 8, NULL, '2021-09-29 01:11:44', '2021-09-29 01:11:44'),
(167, 1, 'TROCIL 4', 'HILATURA DE ANILLO', 8, NULL, '2021-09-29 01:11:44', '2021-09-29 01:11:44'),
(168, 1, 'TROCIL 5', 'HILATURA DE ANILLO', 8, NULL, '2021-09-29 01:11:44', '2021-09-29 01:11:44'),
(169, 1, 'TROCIL 6', 'HILATURA DE ANILLO', 8, NULL, '2021-09-29 01:11:44', '2021-09-29 01:11:44'),
(170, 1, 'TROCIL 7', 'HILATURA DE ANILLO', 8, NULL, '2021-09-29 01:11:44', '2021-09-29 01:11:44'),
(171, 1, 'TROCIL 8', 'HILATURA DE ANILLO', 8, NULL, '2021-09-29 01:11:44', '2021-09-29 01:11:44'),
(172, 1, 'TROCIL 9', 'HILATURA DE ANILLO', 8, NULL, '2021-09-29 01:11:44', '2021-09-29 01:11:44'),
(173, 1, 'CENTRAL DE HUMIDIFICACION', 'HILATURA DE ANILLO', 8, NULL, '2021-09-29 01:11:45', '2021-09-29 01:11:45'),
(174, 1, 'CONERA 1', 'HILATURA DE ANILLO', 8, NULL, '2021-09-29 01:11:45', '2021-09-29 01:11:45'),
(175, 1, 'CONERA 2', 'HILATURA DE ANILLO', 8, NULL, '2021-09-29 01:11:45', '2021-09-29 01:11:45'),
(176, 1, 'CONERA 3', 'HILATURA DE ANILLO', 8, NULL, '2021-09-29 01:11:45', '2021-09-29 01:11:45'),
(177, 1, 'TORZAL 1', 'HILATURA DE ANILLO', 8, NULL, '2021-09-29 01:11:45', '2021-09-29 01:11:45'),
(178, 1, 'TORZAL 3', 'HILATURA DE ANILLO', 8, NULL, '2021-09-29 01:11:45', '2021-09-29 01:11:45'),
(179, 1, 'BOMBA DE ALTA PRESION', 'HILATURA DE ANILLO', 8, NULL, '2021-09-29 01:11:45', '2021-09-29 01:11:45'),
(180, 1, 'DOBLADORA', 'HILATURA DE ANILLO', 8, NULL, '2021-09-29 01:11:45', '2021-09-29 01:11:45'),
(181, 1, 'CHAMUSCADORA', 'HILATURA DE ANILLO', 8, NULL, '2021-09-29 01:11:45', '2021-09-29 01:11:45'),
(182, 1, 'COMPRESOR 1 100 HP', 'HILATURA DE ANILLO', 8, NULL, '2021-09-29 01:11:45', '2021-09-29 01:11:45'),
(183, 1, 'COMPRESOR 2 100 HP', 'HILATURA DE ANILLO', 8, NULL, '2021-09-29 01:11:45', '2021-09-29 01:11:45'),
(184, 1, 'TRANSFORMADOR 1000 KVA', 'HILATURA DE ANILLO', 8, NULL, '2021-09-29 01:11:45', '2021-09-29 01:11:45'),
(185, 1, 'SECADOR DE ANILLO', 'HILATURA DE ANILLO', 8, NULL, '2021-09-29 01:11:45', '2021-09-29 01:11:45'),
(186, 1, 'PULMON 1 ANILLO P/ KAISER', 'HILATURA DE ANILLO', 8, NULL, '2021-09-29 01:11:45', '2021-09-29 01:11:45'),
(187, 1, 'COMPRESOR 50 HP', 'HILATURA DE ANILLO', 8, NULL, '2021-09-29 01:11:45', '2021-09-29 01:11:45'),
(188, 1, 'PULMON 2 P/ IR', 'HILATURA DE ANILLO', 8, NULL, '2021-09-29 01:11:45', '2021-09-29 01:11:45'),
(189, 1, 'SECADOR 2', 'HILATURA DE ANILLO', 8, NULL, '2021-09-29 01:11:45', '2021-09-29 01:11:45'),
(190, 1, 'COMPRESOR 75 HP', 'HILATURA 2', 5, NULL, '2021-09-29 01:11:45', '2021-09-29 01:11:45'),
(191, 1, 'COMPRESOR 60 HP', 'HILATURA 2', 5, NULL, '2021-09-29 01:11:45', '2021-09-29 01:11:45'),
(192, 1, 'SECADOR', 'HILATURA 2', 5, NULL, '2021-09-29 01:11:45', '2021-09-29 01:11:45'),
(193, 1, 'TRANSFORMADOR 750 KVA', 'HILATURA 2', 5, NULL, '2021-09-29 01:11:45', '2021-09-29 01:11:45'),
(194, 1, 'TRANSFORMADOR 1500 KVA', 'HILATURA 2', 5, NULL, '2021-09-29 01:11:45', '2021-09-29 01:11:45'),
(195, 1, 'PULMON 1', 'HILATURA 2', 5, NULL, '2021-09-29 01:11:45', '2021-09-29 01:11:45'),
(196, 1, 'PULMON 2', 'HILATURA 2', 5, NULL, '2021-09-29 01:11:45', '2021-09-29 01:11:45');

-- --------------------------------------------------------

--
-- Estructura de tabla para la tabla `maq_pros`
--

CREATE TABLE `maq_pros` (
  `id` bigint(20) UNSIGNED NOT NULL,
  `proceso_id` bigint(20) UNSIGNED NOT NULL,
  `maquina_id` bigint(20) UNSIGNED NOT NULL,
  `deleted_at` timestamp NULL DEFAULT NULL,
  `created_at` timestamp NULL DEFAULT NULL,
  `updated_at` timestamp NULL DEFAULT NULL
) ENGINE=InnoDB DEFAULT CHARSET=utf8mb4 COLLATE=utf8mb4_unicode_ci;

-- --------------------------------------------------------

--
-- Estructura de tabla para la tabla `marcas_maquinas`
--

CREATE TABLE `marcas_maquinas` (
  `id` bigint(20) UNSIGNED NOT NULL,
  `IdUser` bigint(20) UNSIGNED NOT NULL,
  `Nombre` varchar(45) COLLATE utf8mb4_unicode_ci NOT NULL,
  `maquinas_id` bigint(20) UNSIGNED NOT NULL,
  `deleted_at` timestamp NULL DEFAULT NULL,
  `created_at` timestamp NULL DEFAULT NULL,
  `updated_at` timestamp NULL DEFAULT NULL
) ENGINE=InnoDB DEFAULT CHARSET=utf8mb4 COLLATE=utf8mb4_unicode_ci;

--
-- Volcado de datos para la tabla `marcas_maquinas`
--

INSERT INTO `marcas_maquinas` (`id`, `IdUser`, `Nombre`, `maquinas_id`, `deleted_at`, `created_at`, `updated_at`) VALUES
(1, 1, 'DAVIZZI', 1, NULL, '2021-09-29 01:11:46', '2021-09-29 01:11:46'),
(2, 1, 'OVC', 2, NULL, '2021-09-29 01:11:46', '2021-09-29 01:11:46'),
(3, 1, 'MARGASA', 3, NULL, '2021-09-29 01:11:46', '2021-09-29 01:11:46'),
(4, 1, 'MARTELL', 4, NULL, '2021-09-29 01:11:46', '2021-09-29 01:11:46'),
(5, 1, 'DAVIZZI', 5, NULL, '2021-09-29 01:11:46', '2021-09-29 01:11:46'),
(6, 1, 'MARGASA', 6, NULL, '2021-09-29 01:11:46', '2021-09-29 01:11:46'),
(7, 1, 'SIN MARCA', 7, NULL, '2021-09-29 01:11:46', '2021-09-29 01:11:46'),
(8, 1, 'SIN MARCA', 8, NULL, '2021-09-29 01:11:46', '2021-09-29 01:11:46'),
(9, 1, 'SIN MARCA', 9, NULL, '2021-09-29 01:11:46', '2021-09-29 01:11:46'),
(10, 1, 'ROSIQUE', 10, NULL, '2021-09-29 01:11:46', '2021-09-29 01:11:46'),
(11, 1, 'CLARK', 11, NULL, '2021-09-29 01:11:46', '2021-09-29 01:11:46'),
(12, 1, 'INGERSOLL RAND', 12, NULL, '2021-09-29 01:11:46', '2021-09-29 01:11:46'),
(13, 1, 'INGERSOLL RAND', 13, NULL, '2021-09-29 01:11:46', '2021-09-29 01:11:46'),
(14, 1, 'SIN MARCA', 14, NULL, '2021-09-29 01:11:46', '2021-09-29 01:11:46'),
(15, 1, 'APERTURA', 15, NULL, '2021-09-29 01:11:46', '2021-09-29 01:11:46'),
(16, 1, 'APERTURA', 16, NULL, '2021-09-29 01:11:46', '2021-09-29 01:11:46'),
(17, 1, 'OMT', 17, NULL, '2021-09-29 01:11:46', '2021-09-29 01:11:46'),
(18, 1, 'OMT', 19, NULL, '2021-09-29 01:11:46', '2021-09-29 01:11:46'),
(19, 1, 'SIN MARCA', 20, NULL, '2021-09-29 01:11:46', '2021-09-29 01:11:46'),
(20, 1, 'SIN MARCA', 21, NULL, '2021-09-29 01:11:46', '2021-09-29 01:11:46'),
(21, 1, 'SIN MARCA', 22, NULL, '2021-09-29 01:11:46', '2021-09-29 01:11:46'),
(22, 1, 'SIN MARCA', 23, NULL, '2021-09-29 01:11:46', '2021-09-29 01:11:46'),
(23, 1, 'SIN MARCA', 24, NULL, '2021-09-29 01:11:47', '2021-09-29 01:11:47'),
(24, 1, 'RAVETTI', 25, NULL, '2021-09-29 01:11:47', '2021-09-29 01:11:47'),
(25, 1, 'OMT BIELLA', 26, NULL, '2021-09-29 01:11:47', '2021-09-29 01:11:47'),
(26, 1, 'SIN MARCA', 27, NULL, '2021-09-29 01:11:47', '2021-09-29 01:11:47'),
(27, 1, 'TRUTZSCHLER', 28, NULL, '2021-09-29 01:11:47', '2021-09-29 01:11:47'),
(28, 1, 'TRUTZSCHLER', 29, NULL, '2021-09-29 01:11:47', '2021-09-29 01:11:47'),
(29, 1, 'TRUTZSCHLER', 30, NULL, '2021-09-29 01:11:47', '2021-09-29 01:11:47'),
(30, 1, 'TRUTZSCHLER', 31, NULL, '2021-09-29 01:11:47', '2021-09-29 01:11:47'),
(31, 1, 'TRUTZSCHLER', 32, NULL, '2021-09-29 01:11:47', '2021-09-29 01:11:47'),
(32, 1, 'TRUTZSCHLER', 33, NULL, '2021-09-29 01:11:47', '2021-09-29 01:11:47'),
(33, 1, 'TRUTZSCHLER', 34, NULL, '2021-09-29 01:11:47', '2021-09-29 01:11:47'),
(34, 1, 'TRUTZSCHLER', 35, NULL, '2021-09-29 01:11:47', '2021-09-29 01:11:47'),
(35, 1, 'TRUTZSCHLER', 36, NULL, '2021-09-29 01:11:47', '2021-09-29 01:11:47'),
(36, 1, 'TRUTZSCHLER', 37, NULL, '2021-09-29 01:11:47', '2021-09-29 01:11:47'),
(37, 1, 'TRUTZSCHLER', 38, NULL, '2021-09-29 01:11:47', '2021-09-29 01:11:47'),
(38, 1, 'TRUTZSCHLER', 39, NULL, '2021-09-29 01:11:47', '2021-09-29 01:11:47'),
(39, 1, 'TRUTZSCHLER', 40, NULL, '2021-09-29 01:11:47', '2021-09-29 01:11:47'),
(40, 1, 'RIETER', 41, NULL, '2021-09-29 01:11:47', '2021-09-29 01:11:47'),
(41, 1, 'RIETER', 42, NULL, '2021-09-29 01:11:47', '2021-09-29 01:11:47'),
(42, 1, 'ACO 9', 43, NULL, '2021-09-29 01:11:47', '2021-09-29 01:11:47'),
(43, 1, 'RIETER 923', 44, NULL, '2021-09-29 01:11:47', '2021-09-29 01:11:47'),
(44, 1, 'RIETER 903', 45, NULL, '2021-09-29 01:11:47', '2021-09-29 01:11:47'),
(45, 1, 'SCHLAFHORST', 46, NULL, '2021-09-29 01:11:47', '2021-09-29 01:11:47'),
(46, 1, 'SCHLAFHORST', 47, NULL, '2021-09-29 01:11:47', '2021-09-29 01:11:47'),
(47, 1, 'XORELLA', 48, NULL, '2021-09-29 01:11:47', '2021-09-29 01:11:47'),
(48, 1, 'VOLKMAN', 49, NULL, '2021-09-29 01:11:47', '2021-09-29 01:11:47'),
(49, 1, 'VOLKMAN', 50, NULL, '2021-09-29 01:11:48', '2021-09-29 01:11:48'),
(50, 1, 'VOLKMAN', 51, NULL, '2021-09-29 01:11:48', '2021-09-29 01:11:48'),
(51, 1, 'SCHLAFHORST', 52, NULL, '2021-09-29 01:11:48', '2021-09-29 01:11:48'),
(52, 1, 'SCHLAFHORST', 53, NULL, '2021-09-29 01:11:48', '2021-09-29 01:11:48'),
(53, 1, 'SCHLAFHORST', 54, NULL, '2021-09-29 01:11:48', '2021-09-29 01:11:48'),
(54, 1, 'MARTELL', 55, NULL, '2021-09-29 01:11:48', '2021-09-29 01:11:48'),
(55, 1, 'MARTELL', 56, NULL, '2021-09-29 01:11:48', '2021-09-29 01:11:48'),
(56, 1, 'CEDINSA', 57, NULL, '2021-09-29 01:11:48', '2021-09-29 01:11:48'),
(57, 1, 'MARTELL', 58, NULL, '2021-09-29 01:11:48', '2021-09-29 01:11:48'),
(58, 1, 'CARRESSI', 59, NULL, '2021-09-29 01:11:48', '2021-09-29 01:11:48'),
(59, 1, 'SIN MARCA', 60, NULL, '2021-09-29 01:11:48', '2021-09-29 01:11:48'),
(60, 1, 'SIN MARCA', 61, NULL, '2021-09-29 01:11:48', '2021-09-29 01:11:48'),
(61, 1, 'SIN MARCA', 62, NULL, '2021-09-29 01:11:48', '2021-09-29 01:11:48'),
(62, 1, 'OMT', 63, NULL, '2021-09-29 01:11:48', '2021-09-29 01:11:48'),
(63, 1, 'TRUTZSCHLER', 64, NULL, '2021-09-29 01:11:48', '2021-09-29 01:11:48'),
(64, 1, 'TRUTZSCHLER', 65, NULL, '2021-09-29 01:11:48', '2021-09-29 01:11:48'),
(65, 1, 'TRUTZSCHLER', 66, NULL, '2021-09-29 01:11:48', '2021-09-29 01:11:48'),
(66, 1, 'TRUTZSCHLER', 67, NULL, '2021-09-29 01:11:48', '2021-09-29 01:11:48'),
(67, 1, 'TRUTZSCHLER', 68, NULL, '2021-09-29 01:11:48', '2021-09-29 01:11:48'),
(68, 1, 'TRUTZSCHLER', 69, NULL, '2021-09-29 01:11:48', '2021-09-29 01:11:48'),
(69, 1, 'TRUTZSCHLER', 70, NULL, '2021-09-29 01:11:48', '2021-09-29 01:11:48'),
(70, 1, 'TRUTZSCHLER', 71, NULL, '2021-09-29 01:11:48', '2021-09-29 01:11:48'),
(71, 1, 'TRUTZSCHLER', 72, NULL, '2021-09-29 01:11:48', '2021-09-29 01:11:48'),
(72, 1, 'TRUTZSCHLER', 73, NULL, '2021-09-29 01:11:48', '2021-09-29 01:11:48'),
(73, 1, 'TRUTZSCHLER', 74, NULL, '2021-09-29 01:11:48', '2021-09-29 01:11:48'),
(74, 1, 'TRUTZSCHLER', 75, NULL, '2021-09-29 01:11:48', '2021-09-29 01:11:48'),
(75, 1, 'TRUTZSCHLER', 76, NULL, '2021-09-29 01:11:48', '2021-09-29 01:11:48'),
(76, 1, 'TRUTZSCHLER', 77, NULL, '2021-09-29 01:11:49', '2021-09-29 01:11:49'),
(77, 1, 'RIETER', 78, NULL, '2021-09-29 01:11:49', '2021-09-29 01:11:49'),
(78, 1, 'RIETER', 79, NULL, '2021-09-29 01:11:49', '2021-09-29 01:11:49'),
(79, 1, 'SIN MARCA', 80, NULL, '2021-09-29 01:11:49', '2021-09-29 01:11:49'),
(80, 1, 'ACO 9', 81, NULL, '2021-09-29 01:11:49', '2021-09-29 01:11:49'),
(81, 1, 'SCHLAFHORST', 82, NULL, '2021-09-29 01:11:49', '2021-09-29 01:11:49'),
(82, 1, 'SCHLAFHORST', 83, NULL, '2021-09-29 01:11:49', '2021-09-29 01:11:49'),
(83, 1, 'ACO 9', 84, NULL, '2021-09-29 01:11:49', '2021-09-29 01:11:49'),
(84, 1, 'SCHLAFHORST', 85, NULL, '2021-09-29 01:11:49', '2021-09-29 01:11:49'),
(85, 1, 'SCHLAFHORST', 86, NULL, '2021-09-29 01:11:49', '2021-09-29 01:11:49'),
(86, 1, 'CEDINSA', 87, NULL, '2021-09-29 01:11:49', '2021-09-29 01:11:49'),
(87, 1, 'CEDINSA', 88, NULL, '2021-09-29 01:11:49', '2021-09-29 01:11:49'),
(88, 1, 'CEDINSA', 89, NULL, '2021-09-29 01:11:49', '2021-09-29 01:11:49'),
(89, 1, 'CARRESSI', 90, NULL, '2021-09-29 01:11:49', '2021-09-29 01:11:49'),
(90, 1, 'SIN MARCA', 91, NULL, '2021-09-29 01:11:49', '2021-09-29 01:11:49'),
(91, 1, 'SIN MARCA', 92, NULL, '2021-09-29 01:11:49', '2021-09-29 01:11:49'),
(92, 1, 'OMT', 93, NULL, '2021-09-29 01:11:49', '2021-09-29 01:11:49'),
(93, 1, 'BONINO', 94, NULL, '2021-09-29 01:11:49', '2021-09-29 01:11:49'),
(94, 1, 'BONINO', 95, NULL, '2021-09-29 01:11:49', '2021-09-29 01:11:49'),
(95, 1, 'RIETER', 96, NULL, '2021-09-29 01:11:49', '2021-09-29 01:11:49'),
(96, 1, 'TRUTZSCHLER', 97, NULL, '2021-09-29 01:11:49', '2021-09-29 01:11:49'),
(97, 1, 'TRUTZSCHLER', 98, NULL, '2021-09-29 01:11:49', '2021-09-29 01:11:49'),
(98, 1, 'TRUTZSCHLER', 99, NULL, '2021-09-29 01:11:49', '2021-09-29 01:11:49'),
(99, 1, 'TRUTZSCHLER', 100, NULL, '2021-09-29 01:11:49', '2021-09-29 01:11:49'),
(100, 1, 'TRUTZSCHLER', 101, NULL, '2021-09-29 01:11:49', '2021-09-29 01:11:49'),
(101, 1, 'RIETER', 102, NULL, '2021-09-29 01:11:49', '2021-09-29 01:11:49'),
(102, 1, 'SCHLAFHORST', 103, NULL, '2021-09-29 01:11:49', '2021-09-29 01:11:49'),
(103, 1, 'SCHLAFHORST', 104, NULL, '2021-09-29 01:11:50', '2021-09-29 01:11:50'),
(104, 1, 'SCHLAFHORST', 105, NULL, '2021-09-29 01:11:50', '2021-09-29 01:11:50'),
(105, 1, 'MARTELL', 106, NULL, '2021-09-29 01:11:50', '2021-09-29 01:11:50'),
(106, 1, 'MARTELL', 107, NULL, '2021-09-29 01:11:50', '2021-09-29 01:11:50'),
(107, 1, 'CEDINSA', 108, NULL, '2021-09-29 01:11:50', '2021-09-29 01:11:50'),
(108, 1, 'TEISA', 109, NULL, '2021-09-29 01:11:50', '2021-09-29 01:11:50'),
(109, 1, 'GARDNER DENVER', 110, NULL, '2021-09-29 01:11:50', '2021-09-29 01:11:50'),
(110, 1, 'SATEÑA', 111, NULL, '2021-09-29 01:11:50', '2021-09-29 01:11:50'),
(111, 1, 'OMT BIELLA', 112, NULL, '2021-09-29 01:11:50', '2021-09-29 01:11:50'),
(112, 1, 'SIN MARCA', 113, NULL, '2021-09-29 01:11:50', '2021-09-29 01:11:50'),
(113, 1, 'SIN MARCA', 114, NULL, '2021-09-29 01:11:50', '2021-09-29 01:11:50'),
(114, 1, 'SIN MARCA', 115, NULL, '2021-09-29 01:11:50', '2021-09-29 01:11:50'),
(115, 1, 'OMMI', 116, NULL, '2021-09-29 01:11:50', '2021-09-29 01:11:50'),
(116, 1, 'TRUTZSCHLER', 117, NULL, '2021-09-29 01:11:50', '2021-09-29 01:11:50'),
(117, 1, 'TRUTZSCHLER', 118, NULL, '2021-09-29 01:11:50', '2021-09-29 01:11:50'),
(118, 1, 'SIN MARCA', 119, NULL, '2021-09-29 01:11:50', '2021-09-29 01:11:50'),
(119, 1, 'ROSIQUE', 120, NULL, '2021-09-29 01:11:50', '2021-09-29 01:11:50'),
(120, 1, 'SIN MARCA', 121, NULL, '2021-09-29 01:11:50', '2021-09-29 01:11:50'),
(121, 1, 'TRUTZSCHLER', 122, NULL, '2021-09-29 01:11:50', '2021-09-29 01:11:50'),
(122, 1, 'TRUTZSCHLER', 123, NULL, '2021-09-29 01:11:50', '2021-09-29 01:11:50'),
(123, 1, 'TRUTZSCHLER', 124, NULL, '2021-09-29 01:11:51', '2021-09-29 01:11:51'),
(124, 1, 'TRUTZSCHLER', 125, NULL, '2021-09-29 01:11:51', '2021-09-29 01:11:51'),
(125, 1, 'TRUTZSCHLER', 126, NULL, '2021-09-29 01:11:51', '2021-09-29 01:11:51'),
(126, 1, 'TRUTZSCHLER', 127, NULL, '2021-09-29 01:11:51', '2021-09-29 01:11:51'),
(127, 1, 'TRUTZSCHLER', 128, NULL, '2021-09-29 01:11:51', '2021-09-29 01:11:51'),
(128, 1, 'TRUTZSCHLER', 129, NULL, '2021-09-29 01:11:51', '2021-09-29 01:11:51'),
(129, 1, 'FARREL', 130, NULL, '2021-09-29 01:11:51', '2021-09-29 01:11:51'),
(130, 1, 'SIN MARCA', 131, NULL, '2021-09-29 01:11:51', '2021-09-29 01:11:51'),
(131, 1, 'SIN MARCA', 132, NULL, '2021-09-29 01:11:51', '2021-09-29 01:11:51'),
(132, 1, 'SIN MARCA', 133, NULL, '2021-09-29 01:11:51', '2021-09-29 01:11:51'),
(133, 1, 'SIN MARCA', 134, NULL, '2021-09-29 01:11:51', '2021-09-29 01:11:51'),
(134, 1, 'PROLEC', 135, NULL, '2021-09-29 01:11:51', '2021-09-29 01:11:51'),
(135, 1, 'MASIAS', 136, NULL, '2021-09-29 01:11:51', '2021-09-29 01:11:51'),
(136, 1, 'SIN MARCA', 137, NULL, '2021-09-29 01:11:51', '2021-09-29 01:11:51'),
(137, 1, 'SIN MARCA', 138, NULL, '2021-09-29 01:11:51', '2021-09-29 01:11:51'),
(138, 1, 'SIN MARCA', 139, NULL, '2021-09-29 01:11:51', '2021-09-29 01:11:51'),
(139, 1, 'OMT', 140, NULL, '2021-09-29 01:11:51', '2021-09-29 01:11:51'),
(140, 1, 'TRUTZSCHLER', 141, NULL, '2021-09-29 01:11:51', '2021-09-29 01:11:51'),
(141, 1, 'TRUTZSCHLER', 142, NULL, '2021-09-29 01:11:51', '2021-09-29 01:11:51'),
(142, 1, 'TRUTZSCHLER', 143, NULL, '2021-09-29 01:11:51', '2021-09-29 01:11:51'),
(143, 1, 'TRUTZSCHLER', 144, NULL, '2021-09-29 01:11:51', '2021-09-29 01:11:51'),
(144, 1, 'TRUTZSCHLER', 145, NULL, '2021-09-29 01:11:51', '2021-09-29 01:11:51'),
(145, 1, 'TRUTZSCHLER', 146, NULL, '2021-09-29 01:11:51', '2021-09-29 01:11:51'),
(146, 1, 'TRUTZSCHLER', 147, NULL, '2021-09-29 01:11:51', '2021-09-29 01:11:51'),
(147, 1, 'TRUTZSCHLER', 148, NULL, '2021-09-29 01:11:52', '2021-09-29 01:11:52'),
(148, 1, 'TRUTZSCHLER', 149, NULL, '2021-09-29 01:11:52', '2021-09-29 01:11:52'),
(149, 1, 'TRUTZSCHLER', 150, NULL, '2021-09-29 01:11:52', '2021-09-29 01:11:52'),
(150, 1, 'SIN MARCA', 151, NULL, '2021-09-29 01:11:52', '2021-09-29 01:11:52'),
(151, 1, 'SIN MARCA', 152, NULL, '2021-09-29 01:11:52', '2021-09-29 01:11:52'),
(152, 1, 'RIETER', 153, NULL, '2021-09-29 01:11:52', '2021-09-29 01:11:52'),
(153, 1, 'RIETER', 154, NULL, '2021-09-29 01:11:52', '2021-09-29 01:11:52'),
(154, 1, 'RIETER', 155, NULL, '2021-09-29 01:11:52', '2021-09-29 01:11:52'),
(155, 1, 'RIETER', 156, NULL, '2021-09-29 01:11:52', '2021-09-29 01:11:52'),
(156, 1, 'SINZER', 157, NULL, '2021-09-29 01:11:52', '2021-09-29 01:11:52'),
(157, 1, 'MARZOLI', 158, NULL, '2021-09-29 01:11:52', '2021-09-29 01:11:52'),
(158, 1, 'PROLEC', 159, NULL, '2021-09-29 01:11:52', '2021-09-29 01:11:52'),
(159, 1, 'HANKINSON', 160, NULL, '2021-09-29 01:11:52', '2021-09-29 01:11:52'),
(160, 1, 'TATSA', 161, NULL, '2021-09-29 01:11:52', '2021-09-29 01:11:52'),
(161, 1, 'INGERSOLL RAND', 162, NULL, '2021-09-29 01:11:52', '2021-09-29 01:11:52'),
(162, 1, 'INGERSOLL RAND', 163, NULL, '2021-09-29 01:11:52', '2021-09-29 01:11:52'),
(163, 1, 'SINZER 320', 164, NULL, '2021-09-29 01:11:52', '2021-09-29 01:11:52'),
(164, 1, 'SINZER 350', 165, NULL, '2021-09-29 01:11:52', '2021-09-29 01:11:52'),
(165, 1, 'SINZER 320', 166, NULL, '2021-09-29 01:11:52', '2021-09-29 01:11:52'),
(166, 1, 'SINZER 321', 167, NULL, '2021-09-29 01:11:52', '2021-09-29 01:11:52'),
(167, 1, 'SINZER 319', 168, NULL, '2021-09-29 01:11:52', '2021-09-29 01:11:52'),
(168, 1, 'SINZER 350', 169, NULL, '2021-09-29 01:11:52', '2021-09-29 01:11:52'),
(169, 1, 'SINZER 350', 170, NULL, '2021-09-29 01:11:52', '2021-09-29 01:11:52'),
(170, 1, 'SINZER 350', 171, NULL, '2021-09-29 01:11:52', '2021-09-29 01:11:52'),
(171, 1, 'SINZER 350', 172, NULL, '2021-09-29 01:11:52', '2021-09-29 01:11:52'),
(172, 1, 'SIN MARCA', 173, NULL, '2021-09-29 01:11:52', '2021-09-29 01:11:52'),
(173, 1, 'SCHLAFHORST 328', 174, NULL, '2021-09-29 01:11:53', '2021-09-29 01:11:53'),
(174, 1, 'SCHLAFHORST 338', 175, NULL, '2021-09-29 01:11:53', '2021-09-29 01:11:53'),
(175, 1, 'SCHLAFHORST 338', 176, NULL, '2021-09-29 01:11:53', '2021-09-29 01:11:53'),
(176, 1, 'VOLKMAN', 177, NULL, '2021-09-29 01:11:53', '2021-09-29 01:11:53'),
(177, 1, 'VOLKMAN', 178, NULL, '2021-09-29 01:11:53', '2021-09-29 01:11:53'),
(178, 1, 'SIN MARCA', 179, NULL, '2021-09-29 01:11:53', '2021-09-29 01:11:53'),
(179, 1, 'FADIS', 180, NULL, '2021-09-29 01:11:53', '2021-09-29 01:11:53'),
(180, 1, 'RITE', 181, NULL, '2021-09-29 01:11:53', '2021-09-29 01:11:53'),
(181, 1, 'KAISER', 182, NULL, '2021-09-29 01:11:53', '2021-09-29 01:11:53'),
(182, 1, 'KAISER', 183, NULL, '2021-09-29 01:11:53', '2021-09-29 01:11:53'),
(183, 1, 'PROLEC', 184, NULL, '2021-09-29 01:11:53', '2021-09-29 01:11:53'),
(184, 1, 'HANKISON', 185, NULL, '2021-09-29 01:11:53', '2021-09-29 01:11:53'),
(185, 1, 'SATEÑA', 186, NULL, '2021-09-29 01:11:53', '2021-09-29 01:11:53'),
(186, 1, 'INGERSOLL RAND', 187, NULL, '2021-09-29 01:11:53', '2021-09-29 01:11:53'),
(187, 1, 'SIN MARCA', 188, NULL, '2021-09-29 01:11:53', '2021-09-29 01:11:53'),
(188, 1, 'HANKISON', 189, NULL, '2021-09-29 01:11:53', '2021-09-29 01:11:53'),
(189, 1, 'GARDNER DENVER', 190, NULL, '2021-09-29 01:11:53', '2021-09-29 01:11:53'),
(190, 1, 'ATLAS COPCO', 191, NULL, '2021-09-29 01:11:53', '2021-09-29 01:11:53'),
(191, 1, 'INGERSOLL RAND', 192, NULL, '2021-09-29 01:11:53', '2021-09-29 01:11:53'),
(192, 1, 'PROLEC', 193, NULL, '2021-09-29 01:11:53', '2021-09-29 01:11:53'),
(193, 1, 'PROLEC', 194, NULL, '2021-09-29 01:11:53', '2021-09-29 01:11:53'),
(194, 1, 'SATEÑA', 195, NULL, '2021-09-29 01:11:53', '2021-09-29 01:11:53'),
(195, 1, 'SATEÑA', 196, NULL, '2021-09-29 01:11:53', '2021-09-29 01:11:53');

-- --------------------------------------------------------

--
-- Estructura de tabla para la tabla `materiales`
--

CREATE TABLE `materiales` (
  `id` bigint(20) UNSIGNED NOT NULL,
  `idmat` varchar(255) COLLATE utf8mb4_unicode_ci NOT NULL,
  `nommat` varchar(255) COLLATE utf8mb4_unicode_ci NOT NULL,
  `descrip` varchar(255) COLLATE utf8mb4_unicode_ci DEFAULT NULL,
  `estatus` enum('1','2','3') COLLATE utf8mb4_unicode_ci NOT NULL DEFAULT '1',
  `deleted_at` timestamp NULL DEFAULT NULL,
  `created_at` timestamp NULL DEFAULT NULL,
  `updated_at` timestamp NULL DEFAULT NULL
) ENGINE=InnoDB DEFAULT CHARSET=utf8mb4 COLLATE=utf8mb4_unicode_ci;

--
-- Volcado de datos para la tabla `materiales`
--

INSERT INTO `materiales` (`id`, `idmat`, `nommat`, `descrip`, `estatus`, `deleted_at`, `created_at`, `updated_at`) VALUES
(1, 'KVT', 'KEVLAR T', NULL, '1', NULL, '2021-09-29 01:11:54', '2021-09-29 01:11:54'),
(2, 'KVR', 'KEVLAR', NULL, '1', NULL, '2021-09-29 01:11:54', '2021-09-29 01:11:54'),
(3, 'BKV', 'BLEND KEVLAR', NULL, '1', NULL, '2021-09-29 01:11:54', '2021-09-29 01:11:54'),
(4, 'POL', 'POLIESTER', NULL, '1', NULL, '2021-09-29 01:11:54', '2021-09-29 01:11:54'),
(5, 'NOM', 'NOMEX', NULL, '1', NULL, '2021-09-29 01:11:54', '2021-09-29 01:11:54'),
(6, 'ACR', 'ACRILICO', NULL, '1', NULL, '2021-09-29 01:11:54', '2021-09-29 01:11:54'),
(7, 'CO', 'ALGODÓN', NULL, '1', NULL, '2021-09-29 01:11:55', '2021-09-29 01:11:55'),
(8, 'NYL', 'NYLON', NULL, '1', NULL, '2021-09-29 01:11:55', '2021-09-29 01:11:55'),
(9, '7DPA', 'DESARROLLO PUREBAS ANILLO', NULL, '1', NULL, '2021-09-29 01:11:55', '2021-09-29 01:11:55');

-- --------------------------------------------------------

--
-- Estructura de tabla para la tabla `material_papelerias`
--

CREATE TABLE `material_papelerias` (
  `id` bigint(20) UNSIGNED NOT NULL,
  `IdUser` bigint(20) UNSIGNED DEFAULT NULL,
  `Nombre` varchar(65) COLLATE utf8mb4_unicode_ci NOT NULL,
  `Unidad` varchar(7) COLLATE utf8mb4_unicode_ci NOT NULL,
  `deleted_at` timestamp NULL DEFAULT NULL,
  `created_at` timestamp NULL DEFAULT NULL,
  `updated_at` timestamp NULL DEFAULT NULL
) ENGINE=InnoDB DEFAULT CHARSET=utf8mb4 COLLATE=utf8mb4_unicode_ci;

--
-- Volcado de datos para la tabla `material_papelerias`
--

INSERT INTO `material_papelerias` (`id`, `IdUser`, `Nombre`, `Unidad`, `deleted_at`, `created_at`, `updated_at`) VALUES
(1, 1, 'BICOLOR DIXON GRUESO', 'PZA', NULL, NULL, NULL),
(2, 1, 'BLOCK DE NOTAS 1/4 BLANCO', 'PZA', NULL, NULL, NULL),
(3, 1, 'BOLIGRAFO FINO AZUL PIN POINT', 'PZA', NULL, NULL, NULL),
(4, 1, 'BOLIGRAFO FINO NEGRO PIN POINT', 'PZA', NULL, NULL, NULL),
(5, 1, 'BOLIGRAFO FINO ROJO PIN POINT', 'PZA', NULL, NULL, NULL),
(6, 1, 'BORRADOR DE MADERA PARA PIZARRON ', 'PZA', NULL, NULL, NULL),
(7, 1, 'BROCHE 8CM ACCO', 'PZA', NULL, NULL, NULL),
(8, 1, 'CAJA DE ARCHIVO MUERTO T/CARTA', 'PZA', NULL, NULL, NULL),
(9, 1, 'CALCULADORA ESCRITORIO 12 DIGITOS DELTA', 'PZA', NULL, NULL, NULL),
(10, 1, 'CARPETA PANORAMICA 0.5\" BLANCA NIVELL', 'PZA', NULL, NULL, NULL),
(11, 1, 'CARPETA PANORAMICA 1\" BLANCA NIVELL', 'PZA', NULL, NULL, NULL),
(12, 1, 'CARPETA PANORAMICA 2\" BLANCA NIVELL', 'PZA', NULL, NULL, NULL),
(13, 1, 'CARPETA PANORAMICA 3\" BLANCA NIVELL', 'PZA', NULL, NULL, NULL),
(14, 1, 'CARPETA PANORAMICA 4\" BLANCA NIVELL', 'PZA', NULL, NULL, NULL),
(15, 1, 'CHAROLA PLASTICO 3 NIVELES T/CARTA', 'PZA', NULL, NULL, NULL),
(16, 1, 'CHAROLA PLASTICO 3 NIVELES T/OFICIO', 'PZA', NULL, NULL, NULL),
(17, 1, 'CINTA DIUREX 18X33', 'PZA', NULL, NULL, NULL),
(18, 1, 'CINTA CANELA', 'PZA', NULL, NULL, NULL),
(19, 1, 'CINTA ADHESIVA DE EMPAQUE', 'PZA', NULL, NULL, NULL),
(20, 1, 'CLIPS REDONDO N?2 ACCO', 'CAJA', NULL, NULL, NULL),
(21, 1, 'CLIPS REDONDO N?3 ACCO', 'CAJA', NULL, NULL, NULL),
(22, 1, 'CLIPS TIPO MARIPOSA N?2 ACCO', 'CAJA', NULL, NULL, NULL),
(23, 1, 'CORRECTOR LIQUIDO TIPO PLUMA', 'PZA', NULL, NULL, NULL),
(24, 1, 'CORRECTOR TIPO TIRA ', 'PZA', NULL, NULL, NULL),
(25, 1, 'CUADERNO FRANCES ESPIRAL 100H BLANCO', 'PZA', NULL, NULL, NULL),
(26, 1, 'CUADERNO FRANCES ESPIRAL 100H CUADRO 7MM', 'PZA', NULL, NULL, NULL),
(27, 1, 'CUADERNO ITALIANO ESPIRAL 100H CUADRO 7MM', 'PZA', NULL, NULL, NULL),
(28, 1, 'CUBO POST-IT CHICO AMARILLO C/12', 'PZA', NULL, NULL, NULL),
(29, 1, 'CUTER GRANDE ALMA METAL', 'PZA', NULL, NULL, NULL),
(30, 1, 'DEDAL PLASTICO #11', 'PZA', NULL, NULL, NULL),
(31, 1, 'DEDAL PLASTICO #12', 'PZA', NULL, NULL, NULL),
(32, 1, 'ENGRAPADORA PLASTICA MEDIA TIRA 25H', 'PZA', NULL, NULL, NULL),
(33, 1, 'ENGRAPADORA METALICA TIRA COMPLETA', 'PZA', NULL, NULL, NULL),
(34, 1, 'ESTRUCTURA CAJON PARA FOLDER COLGANTE T/C', 'PZA', NULL, NULL, NULL),
(35, 1, 'ETIQUETA ADHESIVA T/CARTA C/50PZ NIVELL', 'PAQUETE', NULL, NULL, NULL),
(36, 1, 'ETIQUETA ADHESIVA T/CARTA NIVELL', 'PZA', NULL, NULL, NULL),
(37, 1, 'ETIQUETA JANEL 1319 BLANCA', 'PZA', NULL, NULL, NULL),
(38, 1, 'ETIQUETA JANEL 2538 BLANCA', 'PZA', NULL, NULL, NULL),
(39, 1, 'FOLDER COLGANTE T/CARTA', 'PZA', NULL, NULL, NULL),
(40, 1, 'FOLDER COLGANTE T/OFICIO', 'PZA', NULL, NULL, NULL),
(41, 1, 'FOLDER T/C CREMA EMIR', 'PZA', NULL, NULL, NULL),
(42, 1, 'FORMA FORMITEC COMPROBANTE DE GASTOS ', 'PZA', NULL, NULL, NULL),
(43, 1, 'FORMA FORMITEC VALE PROVISIONAL CAJA', 'PZA', NULL, NULL, NULL),
(44, 1, 'GOMA MIGAJON', 'PZA', NULL, NULL, NULL),
(45, 1, 'GOMA TIPO LAPIZ RETRACTIL', 'PZA', NULL, NULL, NULL),
(46, 1, 'GRAPA STANDARD PILOT ', 'CAJA', NULL, NULL, NULL),
(47, 1, 'LAPIZ ADHESIVO 42GR PRITT ', 'PZA', NULL, NULL, NULL),
(48, 1, 'LAPIZ N?2 STAEDTLER', 'PZA', NULL, NULL, NULL),
(49, 1, 'LAPIZ PARA DIBUJO H Y B', 'PZA', NULL, NULL, NULL),
(50, 1, 'LAPIZ PORTAMINAS', 'PZA', NULL, NULL, NULL),
(51, 1, 'LIBRETA PROFESIONAL 100H CUADRO 7MM', 'PZA', NULL, NULL, NULL),
(52, 1, 'LIBRO DE REGISTRO VISITAS', 'PZA', NULL, NULL, NULL),
(53, 1, 'LIGA N?18  80GR AGUILA', 'BOLSA', NULL, NULL, NULL),
(54, 1, 'MARCADOR PERMANENTE ESTERBROOK AZUL', 'PZA', NULL, NULL, NULL),
(55, 1, 'MARCADOR PERMANENTE ESTERBROOK NEGRO', 'PZA', NULL, NULL, NULL),
(56, 1, 'MARCADOR PERMANENTE ESTERBROOK ROJO', 'PZA', NULL, NULL, NULL),
(57, 1, 'MARCADOR PERMANENTE PUNTO FINO NEGRO SHARPIE', 'PZA', NULL, NULL, NULL),
(58, 1, 'MARCADOR PIZARRON MAGISTRAL AZUL', 'PZA', NULL, NULL, NULL),
(59, 1, 'MARCADOR PIZARRON MAGISTRAL NEGRO', 'PZA', NULL, NULL, NULL),
(60, 1, 'MARCADOR PIZARRON MAGISTRAL ROJO', 'PZA', NULL, NULL, NULL),
(61, 1, 'MARCADOR PIZARRON MAGISTRAL VERDE', 'PZA', NULL, NULL, NULL),
(62, 1, 'MARCATEXTOS AMARILLO BOLIK', 'PZA', NULL, NULL, NULL),
(63, 1, 'MARCATEXTOS AMARILLO DELGADO A-INK', 'PZA', NULL, NULL, NULL),
(64, 1, 'MARCATEXTOS AZUL BOLIK', 'PZA', NULL, NULL, NULL),
(65, 1, 'MARCATEXTOS ROSA BOLIK', 'PZA', NULL, NULL, NULL),
(66, 1, 'MARCATEXTOS VERDE DELGADO A-INK', 'PZA', NULL, NULL, NULL),
(67, 1, 'MICA TERMICA T/CARTA CAJA 100pz', 'CAJA', NULL, NULL, NULL),
(68, 1, 'MICA TERMICA T/CARTA', 'PZA', NULL, NULL, NULL),
(69, 1, 'MINAS .5', 'PZA', NULL, NULL, NULL),
(70, 1, 'MINAS .7', 'PZA', NULL, NULL, NULL),
(71, 1, 'NAVAJA PARA CUTTER 1404 MARCA BARRILITO', 'PZA', NULL, NULL, NULL),
(72, 1, 'NOTA ADHESIVA CUBO PASTEL POST-IT CON 400H', 'PZA', NULL, NULL, NULL),
(73, 1, 'NOTA ADHESIVA MINI CUBO PASTEL POST-IT CON 240H', 'PZA', NULL, NULL, NULL),
(74, 1, 'PAPEL BOND 50KG BLANCO PLIEGO 70X95', 'ROLLO', NULL, NULL, NULL),
(75, 1, 'PAPEL BOND T/CARTA 500 HOJAS', 'PLIEGO', NULL, NULL, NULL),
(76, 1, 'PAPEL CAPLE PLIEGO', 'PLIEGO', NULL, NULL, NULL),
(77, 1, 'PAPEL CONTAC ROLLO', 'ROLLO', NULL, NULL, NULL),
(78, 1, 'PAPEL T/C AMARILLO NEON', 'PZA', NULL, NULL, NULL),
(79, 1, 'PAPEL T/C AZUL TURQUESA', 'PZA', NULL, NULL, NULL),
(80, 1, 'PAPEL T/C FIUSHA', 'PZA', NULL, NULL, NULL),
(81, 1, 'PAPEL T/C ROJO', 'PZA', NULL, NULL, NULL),
(82, 1, 'PAPEL T/C ROSA NEON', 'PZA', NULL, NULL, NULL),
(83, 1, 'PAPEL T/C VERDE NEON', 'PZA', NULL, NULL, NULL),
(84, 1, 'PAPEL MICRO PLIEGO', 'PLIEGO', NULL, NULL, NULL),
(85, 1, 'PERFORADORA DOBLE ', 'PZA', NULL, NULL, NULL),
(86, 1, 'PERFORADORA TRIPLE', 'PZA', NULL, NULL, NULL),
(87, 1, 'POLIZA CHEQUE CON AUTOCOPIANTE', 'BLOCK', NULL, NULL, NULL),
(88, 1, 'PORTACLIPS', 'PZA', NULL, NULL, NULL),
(89, 1, 'PORTADIUEREX', 'PZA', NULL, NULL, NULL),
(90, 1, 'PROTECTOR DE TARJETAS DE PRESENTACION', 'PZA', NULL, NULL, NULL),
(91, 1, 'PROTECTOR T/CARTA GRUESO NIVELL C/25PZ', 'PZA', NULL, NULL, NULL),
(92, 1, 'PROTECTORES DE HOJAS C/100 PZ', 'PZA', NULL, NULL, NULL),
(93, 1, 'PUSH PIN CABEZA PLASTICO, BARRILITO C/100PZ', 'CAJA', NULL, NULL, NULL),
(94, 1, 'QUITA GRAPAS', 'PZA', NULL, NULL, NULL),
(95, 1, 'RECOPILADOR NIVELL  T/CARTA', 'PZA', NULL, NULL, NULL),
(96, 1, 'RECOPILADOR NIVELL T/ESQUELA', 'PZA', NULL, NULL, NULL),
(97, 1, 'REGLA METALICA 30CM', 'PZA', NULL, NULL, NULL),
(98, 1, 'ROLLO PARA SUMADORA', 'PZA', NULL, NULL, NULL),
(99, 1, 'ROLLO TERMICO 80X70 NIVELL ', 'PZA', NULL, NULL, NULL),
(100, 1, 'SACAPUNTAS METAL', 'PZA', NULL, NULL, NULL),
(101, 1, 'SEPARADOR 15 DIVISIONES CON NUMERACION', 'PZA', NULL, NULL, NULL),
(102, 1, 'SEPARADOR 31 DIVISIONES CON NUMERACION', 'PZA', NULL, NULL, NULL),
(103, 1, 'SEPARADOR ALFABETICO A-Z', 'PZA', NULL, NULL, NULL),
(104, 1, 'SOBRE BOLSA  T/CARTA ', 'PZA', NULL, NULL, NULL),
(105, 1, 'SOBRE BOLSA  T/ESQUELA', 'PZA', NULL, NULL, NULL),
(106, 1, 'SOBRE BOLSA T/OFICIO', 'PZA', NULL, NULL, NULL),
(107, 1, 'SOBRE RAYA COIN ', 'PZA', NULL, NULL, NULL),
(108, 1, 'SUJETA DOCUMENTO CHICO', 'PZA', NULL, NULL, NULL),
(109, 1, 'SUJETA DOCUMENTO GRANDE', 'PZA', NULL, NULL, NULL),
(110, 1, 'SUJETA DOCUMENTO MEDIANO', 'PZA', NULL, NULL, NULL),
(111, 1, 'TABLA CON BROCHE T/CARTA MADERA', 'PZA', NULL, NULL, NULL),
(112, 1, 'TABLA CON BROCHE T/CARTA PLASTICO', 'PZA', NULL, NULL, NULL),
(114, 1, 'TIJERA METALICA OFICINA BARRILITO', 'PZA', NULL, NULL, NULL),
(115, 1, '238A HP ', 'PZA', NULL, NULL, NULL),
(116, 1, '7115A SAMSUNG SCX3405', 'PZA', NULL, NULL, NULL),
(117, 1, '504 EPSON BLACK', 'PZA', NULL, NULL, NULL),
(118, 1, '504 EPSON YELLOW', 'PZA', NULL, NULL, NULL),
(119, 1, '504 EPSON MAGENTA', 'PZA', NULL, NULL, NULL),
(120, 1, '504 EPSON CYAN', 'PZA', NULL, NULL, NULL),
(121, 1, '774 EPSON BLACK', 'PZA', NULL, NULL, NULL),
(122, 1, '664 EPSON BLACK', 'PZA', NULL, NULL, NULL),
(123, 1, '664 EPSON YELLOW', 'PZA', NULL, NULL, NULL),
(124, 1, '664 EPSON MAGENTA', 'PZA', NULL, NULL, NULL),
(125, 1, '664 EPSON CYAN', 'PZA', NULL, NULL, NULL),
(126, 1, 'CINTA DATAPAC DP-095', 'PZA', NULL, NULL, NULL);

-- --------------------------------------------------------

--
-- Estructura de tabla para la tabla `migrations`
--

CREATE TABLE `migrations` (
  `id` int(10) UNSIGNED NOT NULL,
  `migration` varchar(255) COLLATE utf8mb4_unicode_ci NOT NULL,
  `batch` int(11) NOT NULL
) ENGINE=InnoDB DEFAULT CHARSET=utf8mb4 COLLATE=utf8mb4_unicode_ci;

--
-- Volcado de datos para la tabla `migrations`
--

INSERT INTO `migrations` (`id`, `migration`, `batch`) VALUES
(1, '2014_10_12_000000_create_users_table', 1),
(2, '2014_10_12_100000_create_password_resets_table', 1),
(3, '2014_10_12_200000_add_two_factor_columns_to_users_table', 1),
(4, '2019_08_19_000000_create_failed_jobs_table', 1),
(5, '2019_12_14_000001_create_personal_access_tokens_table', 1),
(6, '2020_05_21_100000_create_teams_table', 1),
(7, '2020_05_21_200000_create_team_user_table', 1),
(8, '2020_05_21_300000_create_team_invitations_table', 1),
(9, '2021_07_21_210521_create_sessions_table', 1),
(10, '2021_07_21_212524_create_permission_tables', 1),
(11, '2021_07_26_133403_create_areas_table', 1),
(12, '2021_07_26_133415_create_departamentos_table', 1),
(13, '2021_07_26_133429_create_puestos_table', 1),
(14, '2021_07_26_133442_create_jefes_areas_table', 1),
(15, '2021_07_26_133517_create_perfiles_usuarios_table', 1),
(16, '2021_07_26_133518_create_vacaciones_table', 1),
(17, '2021_07_26_133520_create_incidencias_table', 1),
(18, '2021_07_26_134325_create_procesos_table', 1),
(19, '2021_07_26_134405_create_maquinas_table', 1),
(20, '2021_07_26_141239_create_maq_pros_table', 1),
(21, '2021_07_27_095758_create_formulas_table', 1),
(22, '2021_07_27_101215_create_materiales_table', 1),
(23, '2021_07_27_103624_create_turnos_table', 1),
(24, '2021_07_27_105207_create_marcas_maquinas_table', 1),
(25, '2021_07_27_105633_create_requisiciones_table', 1),
(26, '2021_07_27_111735_create_articulos_requisiciones_table', 1),
(27, '2021_07_27_171148_create_equipos_table', 1),
(28, '2021_07_28_151946_create_modulos_table', 1),
(29, '2021_07_29_094113_create_areas_modulos_table', 1),
(30, '2021_08_05_095220_create_dep_mats_table', 1),
(31, '2021_08_05_095858_create_claves_table', 1),
(32, '2021_08_05_134522_create_dep_pers_table', 1),
(33, '2021_08_05_141240_create_cargas_table', 1),
(34, '2021_08_30_130340_create_notas_cargas_table', 1),
(35, '2021_09_08_170648_create_proveedores_table', 1),
(36, '2021_09_09_163122_create_precios_cotizaciones_table', 1),
(37, '2021_09_13_094926_create_material_papelerias_table', 1),
(38, '2021_09_13_095844_create_papeleria_requisicions_table', 1),
(39, '2021_09_13_095938_create_articulos_papeleria_requisicions_table', 1),
(40, '2021_09_20_103225_create_presupuestos_table', 1),
(41, '2021_09_20_111921_create_paros_table', 1),
(42, '2021_09_20_114151_create_paros_cargas_table', 1),
(43, '2021_09_22_150034_create_tiempos_requisiciones_table', 1);

-- --------------------------------------------------------

--
-- Estructura de tabla para la tabla `model_has_permissions`
--

CREATE TABLE `model_has_permissions` (
  `permission_id` bigint(20) UNSIGNED NOT NULL,
  `model_type` varchar(255) COLLATE utf8mb4_unicode_ci NOT NULL,
  `model_id` bigint(20) UNSIGNED NOT NULL
) ENGINE=InnoDB DEFAULT CHARSET=utf8mb4 COLLATE=utf8mb4_unicode_ci;

-- --------------------------------------------------------

--
-- Estructura de tabla para la tabla `model_has_roles`
--

CREATE TABLE `model_has_roles` (
  `role_id` bigint(20) UNSIGNED NOT NULL,
  `model_type` varchar(255) COLLATE utf8mb4_unicode_ci NOT NULL,
  `model_id` bigint(20) UNSIGNED NOT NULL
) ENGINE=InnoDB DEFAULT CHARSET=utf8mb4 COLLATE=utf8mb4_unicode_ci;

--
-- Volcado de datos para la tabla `model_has_roles`
--

INSERT INTO `model_has_roles` (`role_id`, `model_type`, `model_id`) VALUES
(1, 'App\\Models\\User', 1),
(2, 'App\\Models\\User', 2),
(2, 'App\\Models\\User', 3),
(2, 'App\\Models\\User', 28),
(2, 'App\\Models\\User', 29),
(2, 'App\\Models\\User', 30),
(3, 'App\\Models\\User', 4),
(3, 'App\\Models\\User', 19),
(4, 'App\\Models\\User', 7),
(4, 'App\\Models\\User', 51),
(5, 'App\\Models\\User', 5),
(5, 'App\\Models\\User', 50),
(6, 'App\\Models\\User', 6),
(6, 'App\\Models\\User', 24),
(7, 'App\\Models\\User', 9),
(8, 'App\\Models\\User', 8),
(9, 'App\\Models\\User', 10),
(9, 'App\\Models\\User', 11),
(9, 'App\\Models\\User', 80),
(9, 'App\\Models\\User', 81),
(9, 'App\\Models\\User', 82),
(9, 'App\\Models\\User', 83),
(9, 'App\\Models\\User', 84),
(9, 'App\\Models\\User', 85),
(9, 'App\\Models\\User', 86),
(9, 'App\\Models\\User', 87),
(9, 'App\\Models\\User', 88),
(9, 'App\\Models\\User', 89),
(9, 'App\\Models\\User', 90),
(9, 'App\\Models\\User', 91),
(9, 'App\\Models\\User', 92),
(9, 'App\\Models\\User', 93),
(9, 'App\\Models\\User', 94),
(9, 'App\\Models\\User', 95),
(9, 'App\\Models\\User', 96),
(9, 'App\\Models\\User', 97),
(9, 'App\\Models\\User', 98),
(9, 'App\\Models\\User', 99),
(9, 'App\\Models\\User', 100),
(9, 'App\\Models\\User', 101),
(9, 'App\\Models\\User', 102),
(9, 'App\\Models\\User', 265),
(12, 'App\\Models\\User', 80),
(13, 'App\\Models\\User', 81),
(14, 'App\\Models\\User', 89),
(14, 'App\\Models\\User', 92),
(14, 'App\\Models\\User', 95),
(15, 'App\\Models\\User', 82),
(15, 'App\\Models\\User', 83),
(15, 'App\\Models\\User', 84),
(15, 'App\\Models\\User', 85),
(15, 'App\\Models\\User', 86),
(15, 'App\\Models\\User', 87),
(15, 'App\\Models\\User', 88),
(15, 'App\\Models\\User', 90),
(15, 'App\\Models\\User', 91),
(15, 'App\\Models\\User', 93),
(15, 'App\\Models\\User', 94),
(15, 'App\\Models\\User', 96),
(15, 'App\\Models\\User', 97),
(15, 'App\\Models\\User', 98),
(15, 'App\\Models\\User', 99),
(15, 'App\\Models\\User', 100),
(15, 'App\\Models\\User', 101),
(15, 'App\\Models\\User', 102);

-- --------------------------------------------------------

--
-- Estructura de tabla para la tabla `modulos`
--

CREATE TABLE `modulos` (
  `id` bigint(20) UNSIGNED NOT NULL,
  `IdUser` bigint(20) UNSIGNED NOT NULL,
  `NombreModulo` varchar(45) COLLATE utf8mb4_unicode_ci NOT NULL,
  `Icono` varchar(45) COLLATE utf8mb4_unicode_ci NOT NULL,
  `Ruta` varchar(65) COLLATE utf8mb4_unicode_ci NOT NULL,
  `Area` varchar(45) COLLATE utf8mb4_unicode_ci NOT NULL,
  `deleted_at` timestamp NULL DEFAULT NULL,
  `created_at` timestamp NULL DEFAULT NULL,
  `updated_at` timestamp NULL DEFAULT NULL
) ENGINE=InnoDB DEFAULT CHARSET=utf8mb4 COLLATE=utf8mb4_unicode_ci;

--
-- Volcado de datos para la tabla `modulos`
--

INSERT INTO `modulos` (`id`, `IdUser`, `NombreModulo`, `Icono`, `Ruta`, `Area`, `deleted_at`, `created_at`, `updated_at`) VALUES
(1, 16, 'PERSONAL', 'fas fa-users', 'Produccion/Personal', '7', NULL, '2021-09-29 01:11:53', '2021-09-29 01:11:53'),
(2, 16, 'PROCESOS', 'fas fa-cogs', 'Produccion/Procesos', '7', NULL, '2021-09-29 01:11:53', '2021-09-29 01:11:53'),
(3, 16, 'MAQUINAS', 'fas fa-digital-tachograph', 'Produccion/Maquinas', '7', NULL, '2021-09-29 01:11:53', '2021-09-29 01:11:53'),
(4, 1, 'PERFILES', 'fas fa-users', 'RecursosHumanos/PerfilesUsuarios', '2', NULL, '2021-09-29 01:11:54', '2021-09-29 01:11:54'),
(5, 1, 'VACACIONES', 'fas fa-calendar-check', 'RecursosHumanos/Vacaciones', '2', NULL, '2021-09-29 01:11:54', '2021-09-29 01:11:54'),
(6, 1, 'CANCELA VACACIONES', 'fas fa-file-signature', 'RecursosHumanos/CancelaVacaciones', '2', NULL, '2021-09-29 01:11:54', '2021-09-29 01:11:54'),
(7, 1, 'REPORTE VACACIONES', 'fas fa-file-contract', 'RecursosHumanos/ReporteVacaciones', '2', NULL, '2021-09-29 01:11:54', '2021-09-29 01:11:54'),
(8, 1, 'INCIDENCIAS', 'fas fa-user-plus', 'RecursosHumanos/Incidencias', '2', NULL, '2021-09-29 01:11:54', '2021-09-29 01:11:54'),
(9, 1, 'REPORTE INCIDENCIAS', 'fas fa-file-invoice', 'RecursosHumanos/ReporteIncidencias', '2', NULL, '2021-09-29 01:11:54', '2021-09-29 01:11:54'),
(10, 1, 'PROVEEDORES', 'fas fa-truck', 'Compras/Proveedores', '4', NULL, '2021-09-29 01:11:54', '2021-09-29 01:11:54'),
(11, 1, 'COTIZACIONES', 'fas fa-calculator', 'Compras/Cotizaciones', '4', NULL, '2021-09-29 01:11:54', '2021-09-29 01:11:54'),
(12, 1, 'PAPELERIA', 'fas fa-store', 'Compras/Papeleria', '4', NULL, '2021-09-29 01:11:54', '2021-09-29 01:11:54'),
(13, 1, 'ALTA PAPELERIA', 'fas fa-pencil-alt', 'Compras/AltaPapeleria', '4', NULL, '2021-09-29 01:11:54', '2021-09-29 01:11:54'),
(14, 1, 'REQUISICIONES SOLICITADAS', 'fas fa-clipboard-list', 'Almacen/Requisiciones', '3', NULL, '2021-09-29 01:11:54', '2021-09-29 01:11:54'),
(15, 1, 'AUTORIZA REQUISICIONES', 'fas fa-stamp', 'Supply/AutorizaRequisiciones', '8', NULL, '2021-09-29 01:11:54', '2021-09-29 01:11:54'),
(16, 1, 'PRESUPUESTOS', 'fas fa-coins', 'Supply/Presupuestos', '8', NULL, '2021-09-29 01:11:54', '2021-09-29 01:11:54'),
(17, 1, 'GASTOS REQUISICIONES', 'fas fa-cash-register', 'Supply/GastosRequisiciones', '8', NULL, '2021-09-29 01:11:54', '2021-09-29 01:11:54'),
(18, 1, 'TURNOS', 'fas fa-user-clock', 'Produccion/Turnos', '7', NULL, '2021-09-29 01:11:54', '2021-09-29 01:11:54'),
(19, 16, 'MATERIALES', 'fas fa-boxes', 'Produccion/Materiales', '7', NULL, '2021-09-29 01:11:54', '2021-09-29 01:11:54'),
(20, 16, 'CLAVES', 'fas fa-truck-loading', 'Produccion/Clamat', '7', NULL, '2021-09-29 01:11:54', '2021-09-29 01:11:54'),
(21, 1, 'CARGA DE DATOS', 'fas fa-clipboard-list', 'Produccion/Carga', '7', NULL, '2021-09-29 01:11:54', '2021-09-29 01:11:54');

-- --------------------------------------------------------

--
-- Estructura de tabla para la tabla `notas_cargas`
--

CREATE TABLE `notas_cargas` (
  `id` bigint(20) UNSIGNED NOT NULL,
  `fecha` timestamp NOT NULL DEFAULT current_timestamp() ON UPDATE current_timestamp(),
  `nota` varchar(255) COLLATE utf8mb4_unicode_ci NOT NULL,
  `perfil_id` bigint(20) UNSIGNED NOT NULL,
  `carga_id` bigint(20) UNSIGNED NOT NULL,
  `deleted_at` timestamp NULL DEFAULT NULL,
  `created_at` timestamp NULL DEFAULT NULL,
  `updated_at` timestamp NULL DEFAULT NULL
) ENGINE=InnoDB DEFAULT CHARSET=utf8mb4 COLLATE=utf8mb4_unicode_ci;

-- --------------------------------------------------------

--
-- Estructura de tabla para la tabla `papeleria_requisicions`
--

CREATE TABLE `papeleria_requisicions` (
  `id` bigint(20) UNSIGNED NOT NULL,
  `IdUser` bigint(20) UNSIGNED DEFAULT NULL,
  `IdEmp` bigint(20) UNSIGNED NOT NULL,
  `Fecha` date NOT NULL,
  `Departamento_id` bigint(20) UNSIGNED NOT NULL,
  `jefes_areas_id` bigint(20) UNSIGNED DEFAULT NULL,
  `Comentarios` varchar(255) COLLATE utf8mb4_unicode_ci DEFAULT NULL,
  `deleted_at` timestamp NULL DEFAULT NULL,
  `created_at` timestamp NULL DEFAULT NULL,
  `updated_at` timestamp NULL DEFAULT NULL
) ENGINE=InnoDB DEFAULT CHARSET=utf8mb4 COLLATE=utf8mb4_unicode_ci;

-- --------------------------------------------------------

--
-- Estructura de tabla para la tabla `paros`
--

CREATE TABLE `paros` (
  `id` bigint(20) UNSIGNED NOT NULL,
  `clave` varchar(255) COLLATE utf8mb4_unicode_ci NOT NULL,
  `descri` varchar(255) COLLATE utf8mb4_unicode_ci DEFAULT NULL,
  `tipo` enum('1','2','3','4','5','6') COLLATE utf8mb4_unicode_ci DEFAULT NULL,
  `departamento_id` bigint(20) UNSIGNED DEFAULT NULL,
  `deleted_at` timestamp NULL DEFAULT NULL,
  `created_at` timestamp NULL DEFAULT NULL,
  `updated_at` timestamp NULL DEFAULT NULL
) ENGINE=InnoDB DEFAULT CHARSET=utf8mb4 COLLATE=utf8mb4_unicode_ci;

--
-- Volcado de datos para la tabla `paros`
--

INSERT INTO `paros` (`id`, `clave`, `descri`, `tipo`, `departamento_id`, `deleted_at`, `created_at`, `updated_at`) VALUES
(1, 'AEE', 'Ahorro energía eléctrica', '1', NULL, NULL, '2021-09-29 01:11:55', '2021-09-29 01:11:55'),
(2, 'DDE', 'Días determinados por la empresa', '1', NULL, NULL, '2021-09-29 01:11:55', '2021-09-29 01:11:55'),
(3, 'MP', 'Mantenimiento Preventivo', '1', NULL, NULL, '2021-09-29 01:11:55', '2021-09-29 01:11:55'),
(4, 'PPP', 'Paros Programados por Producción', '1', NULL, NULL, '2021-09-29 01:11:56', '2021-09-29 01:11:56'),
(5, 'FB', 'Falta de Bote Vacío', '1', NULL, NULL, '2021-09-29 01:11:56', '2021-09-29 01:11:56'),
(6, 'CM', 'Cambio de Material', '1', NULL, NULL, '2021-09-29 01:11:56', '2021-09-29 01:11:56'),
(7, 'AM', 'Ajuste(s) mantenimiento /máquina', '1', NULL, NULL, '2021-09-29 01:11:56', '2021-09-29 01:11:56'),
(8, 'AL', 'Análisis Laboratorio', '1', NULL, NULL, '2021-09-29 01:11:56', '2021-09-29 01:11:56'),
(9, 'EM', 'Enderezar Máquina', '1', NULL, NULL, '2021-09-29 01:11:56', '2021-09-29 01:11:56'),
(10, 'CF', 'Cambio de Fresa (cuarto)', '1', NULL, NULL, '2021-09-29 01:11:56', '2021-09-29 01:11:56'),
(11, 'FMP', 'Falta de Materia Prima', '1', NULL, NULL, '2021-09-29 01:11:56', '2021-09-29 01:11:56'),
(12, 'L', 'Limpieza', '1', NULL, NULL, '2021-09-29 01:11:56', '2021-09-29 01:11:56'),
(13, 'FM', 'Falla Mecánica', '1', NULL, NULL, '2021-09-29 01:11:56', '2021-09-29 01:11:56'),
(14, 'F', 'Falla Eléctrica', '1', NULL, NULL, '2021-09-29 01:11:57', '2021-09-29 01:11:57'),
(15, 'MCMP', 'Mala Calidad Materia Prima', '1', NULL, NULL, '2021-09-29 01:11:57', '2021-09-29 01:11:57'),
(16, 'FE', 'Falla Electrónica', '1', NULL, NULL, '2021-09-29 01:11:57', '2021-09-29 01:11:57'),
(17, 'FEE', 'Falla En Empalmador', '1', NULL, NULL, '2021-09-29 01:11:57', '2021-09-29 01:11:57'),
(18, 'FDI', 'Falta De Insumos ', '1', NULL, NULL, '2021-09-29 01:11:57', '2021-09-29 01:11:57'),
(19, 'FSE', 'Falla Sistema Empaque', '1', NULL, NULL, '2021-09-29 01:11:57', '2021-09-29 01:11:57'),
(20, 'CP', 'Cambio de Producto', '1', NULL, NULL, '2021-09-29 01:11:57', '2021-09-29 01:11:57'),
(21, 'CE', 'Corte de Energía Eléctrica', '1', NULL, NULL, '2021-09-29 01:11:57', '2021-09-29 01:11:57'),
(22, 'FR', 'Falta de Refacción', '1', NULL, NULL, '2021-09-29 01:11:57', '2021-09-29 01:11:57'),
(23, 'MC', 'Mala Calidad(U%,neps,etc.)', '1', NULL, NULL, '2021-09-29 01:11:57', '2021-09-29 01:11:57'),
(24, 'RM', 'Reajuste de Máquina', '1', NULL, NULL, '2021-09-29 01:11:57', '2021-09-29 01:11:57'),
(25, 'FO', 'Falla Operativa', '1', NULL, NULL, '2021-09-29 01:11:57', '2021-09-29 01:11:57');

-- --------------------------------------------------------

--
-- Estructura de tabla para la tabla `paros_cargas`
--

CREATE TABLE `paros_cargas` (
  `id` bigint(20) UNSIGNED NOT NULL,
  `fecha` datetime NOT NULL,
  `orden` varchar(255) COLLATE utf8mb4_unicode_ci DEFAULT NULL,
  `causa` varchar(255) COLLATE utf8mb4_unicode_ci DEFAULT NULL,
  `pla_acci` varchar(255) COLLATE utf8mb4_unicode_ci DEFAULT NULL,
  `estatus` varchar(255) COLLATE utf8mb4_unicode_ci DEFAULT NULL,
  `iniFecha` datetime NOT NULL,
  `finFecha` datetime DEFAULT NULL,
  `tiempo` varchar(255) COLLATE utf8mb4_unicode_ci DEFAULT NULL,
  `descri` varchar(255) COLLATE utf8mb4_unicode_ci DEFAULT NULL,
  `nota` text COLLATE utf8mb4_unicode_ci DEFAULT NULL,
  `paro_id` bigint(20) UNSIGNED NOT NULL,
  `perfil_ini_id` bigint(20) UNSIGNED NOT NULL,
  `perfil_fin_id` bigint(20) UNSIGNED DEFAULT NULL,
  `maq_pro_id` bigint(20) UNSIGNED DEFAULT NULL,
  `proceso_id` bigint(20) UNSIGNED NOT NULL,
  `departamento_id` bigint(20) UNSIGNED DEFAULT NULL,
  `deleted_at` timestamp NULL DEFAULT NULL,
  `created_at` timestamp NULL DEFAULT NULL,
  `updated_at` timestamp NULL DEFAULT NULL
) ENGINE=InnoDB DEFAULT CHARSET=utf8mb4 COLLATE=utf8mb4_unicode_ci;

-- --------------------------------------------------------

--
-- Estructura de tabla para la tabla `password_resets`
--

CREATE TABLE `password_resets` (
  `email` varchar(255) COLLATE utf8mb4_unicode_ci NOT NULL,
  `token` varchar(255) COLLATE utf8mb4_unicode_ci NOT NULL,
  `created_at` timestamp NULL DEFAULT NULL
) ENGINE=InnoDB DEFAULT CHARSET=utf8mb4 COLLATE=utf8mb4_unicode_ci;

-- --------------------------------------------------------

--
-- Estructura de tabla para la tabla `perfiles_usuarios`
--

CREATE TABLE `perfiles_usuarios` (
  `id` bigint(20) UNSIGNED NOT NULL,
  `IdUser` bigint(20) UNSIGNED DEFAULT NULL,
  `IdEmp` bigint(20) UNSIGNED NOT NULL,
  `Empresa` varchar(15) COLLATE utf8mb4_unicode_ci DEFAULT NULL,
  `Nombre` varchar(35) COLLATE utf8mb4_unicode_ci NOT NULL,
  `ApPat` varchar(35) COLLATE utf8mb4_unicode_ci NOT NULL,
  `ApMat` varchar(35) COLLATE utf8mb4_unicode_ci NOT NULL,
  `Curp` varchar(20) COLLATE utf8mb4_unicode_ci NOT NULL,
  `Rfc` varchar(20) COLLATE utf8mb4_unicode_ci NOT NULL,
  `Nss` varchar(20) COLLATE utf8mb4_unicode_ci NOT NULL,
  `Direccion` varchar(255) COLLATE utf8mb4_unicode_ci NOT NULL,
  `Telefono` varchar(20) COLLATE utf8mb4_unicode_ci NOT NULL,
  `Cumpleaños` date NOT NULL,
  `FecIng` date NOT NULL,
  `Antiguedad` int(11) NOT NULL,
  `DiasVac` int(11) NOT NULL,
  `jefe_id` bigint(20) UNSIGNED DEFAULT NULL,
  `user_id` bigint(20) UNSIGNED DEFAULT NULL,
  `Puesto_id` bigint(20) UNSIGNED NOT NULL,
  `Departamento_id` bigint(20) UNSIGNED NOT NULL,
  `jefes_areas_id` bigint(20) UNSIGNED DEFAULT NULL,
  `deleted_at` timestamp NULL DEFAULT NULL,
  `created_at` timestamp NULL DEFAULT NULL,
  `updated_at` timestamp NULL DEFAULT NULL
) ENGINE=InnoDB DEFAULT CHARSET=utf8mb4 COLLATE=utf8mb4_unicode_ci;

--
-- Volcado de datos para la tabla `perfiles_usuarios`
--

INSERT INTO `perfiles_usuarios` (`id`, `IdUser`, `IdEmp`, `Empresa`, `Nombre`, `ApPat`, `ApMat`, `Curp`, `Rfc`, `Nss`, `Direccion`, `Telefono`, `Cumpleaños`, `FecIng`, `Antiguedad`, `DiasVac`, `jefe_id`, `user_id`, `Puesto_id`, `Departamento_id`, `jefes_areas_id`, `deleted_at`, `created_at`, `updated_at`) VALUES
(1, 1, 5310, 'SERGES', 'ADMINISTRADOR', 'PATERNO', 'MATERNO', 'CURP', 'RFC', 'NSS', 'FFGFGDFGDFGFD', '21231561', '2010-07-09', '2010-07-09', 25, 12, NULL, 1, 13, 1, 21, NULL, '2021-09-22 10:00:00', '2021-09-22 10:00:00'),
(2, 1, 2, 'SERGES', 'MAXIMO', 'CARRERA', 'MARTINEZ', 'CAMM640511HOCRRX05', 'CAMM640511J8A', '62846434520', 'DIRECCION', '222', '1964-05-11', '2014-07-07', 1, 8, NULL, 12, 7, 2, 1, NULL, '2021-07-01 10:00:00', '2021-07-02 10:00:00'),
(3, 1, 3, 'SERGES', 'PEDRO ASENCION', 'MU?OZ', 'CHAVEZ', 'MUCP750508HPLXHD04', 'MUCP750508R18', '48007501660', 'DIRECCION', '222', '1975-05-08', '2014-07-07', 1, 24, NULL, 13, 17, 2, 2, NULL, '2021-07-01 10:00:00', '2021-07-02 10:00:00'),
(4, 1, 4, 'SERGES', 'GUADALUPE', 'SALGADO', 'NERI', 'SANG730819MPLLRD04', 'SANG7308191D7', '62907070924', 'DIRECCION', '222', '1973-08-19', '2014-07-07', 1, 8, NULL, 14, 2, 2, 3, NULL, '2021-07-01 10:00:00', '2021-07-02 10:00:00'),
(5, 1, 5, 'SERGES', 'MARIA ANTONIA', 'LIMON', 'TORRES', 'LITA731030MTLMRN04', 'LITA731030IS4', '48037410189', 'DIRECCION', '222', '1973-10-30', '2014-07-07', 1, 10, NULL, 15, 11, 2, 3, NULL, '2021-07-01 10:00:00', '2021-07-02 10:00:00'),
(6, 1, 6, 'SERGES', 'HUMBERTO', 'MARTINEZ', 'TRUJILLO', 'MATH761126HDFRRM01', 'MATH761126GT5', '71947665395', 'DIRECCION', '222', '1976-11-26', '2014-07-07', 1, 1, NULL, 16, 28, 1, 4, NULL, '2021-07-01 10:00:00', '2021-07-02 10:00:00'),
(7, 1, 8, 'SERGES', 'JANNINA', 'RUIZ DEL SOL', 'LEON', 'RULJ730626MPLZNN06', 'RULJ730626278', '62917311284', 'DIRECCION', '222', '1973-06-26', '2014-07-07', 1, 15, NULL, 17, 33, 1, 5, NULL, '2021-07-01 10:00:00', '2021-07-02 10:00:00'),
(8, 1, 10, 'SERGES', 'ARTURO', 'RODRIGUEZ', 'CARMONA', 'ROCA741018HDFDRR07', 'ROCA741018A88', '68937423538', 'DIRECCION', '222', '1974-10-18', '2014-07-07', 1, 3, NULL, 18, 6, 1, 6, NULL, '2021-07-01 10:00:00', '2021-07-02 10:00:00'),
(9, 1, 12, 'SERGES', 'MARIA MARINA', 'MORALES', 'SANCHEZ', 'MOSM690718MPLRNR05', 'MOSM6907189Z1', '48006903396', 'DIRECCION', '222', '1969-07-18', '2014-07-21', 1, 10, NULL, 19, 34, 1, 7, NULL, '2021-07-01 10:00:00', '2021-07-02 10:00:00'),
(10, 1, 13, 'SERGES', 'FRUMENCIA LEYDEN', 'LOPEZ', 'SILVA', 'LOSF770928MOCPLR07', 'LOSF7709282N0', '78917700631', 'DIRECCION', '222', '1977-09-28', '2015-07-06', 1, 0, NULL, 20, 35, 1, 6, NULL, '2021-07-01 10:00:00', '2021-07-02 10:00:00'),
(11, 1, 14, 'SERGES', 'EDILBERTO', 'ROJAS', 'MORALES', 'ROME790114HTLJRD09', 'ROME790114S38', '61977900234', 'DIRECCION', '222', '1979-01-14', '2014-07-21', 1, 21, NULL, 21, 14, 1, 4, NULL, '2021-07-01 10:00:00', '2021-07-02 10:00:00'),
(12, 1, 15, 'SERGES', 'FLOR ERENDIRA', 'PEREZ', 'ALTAMIRANO', 'PEAF850425MDFRLL09', 'PEAF850425IY0', '48068539716', 'DIRECCION', '222', '1985-04-25', '2014-07-21', 1, 8, NULL, 22, 36, 1, 5, NULL, '2021-07-01 10:00:00', '2021-07-02 10:00:00'),
(13, 1, 16, 'SERGES', 'ELIZABETH', 'HERNANDEZ', 'PEREZ', 'HEPE851129MTLRRL02', 'HEPE8511292D5', '48098501751', 'DIRECCION', '222', '1985-11-29', '2014-07-21', 1, 11, NULL, 23, 8, 1, 5, NULL, '2021-07-01 10:00:00', '2021-07-02 10:00:00'),
(14, 1, 17, 'SERGES', 'BEATRIZ EUGENIA', 'LOPEZ', 'LOZADA', 'LOLB830521MPLPZT03', 'LOLB8305213H3', '48078303665', 'DIRECCION', '222', '1983-05-21', '2014-07-21', 1, 4, NULL, 24, 9, 1, 6, NULL, '2021-07-01 10:00:00', '2021-07-02 10:00:00'),
(15, 1, 21, 'SERGES', 'JOSE ALFONSO', 'VENTURA', 'ELIZAGA', 'VEEA830315HPLNLL07', 'VEEA830315J19', '48078317053', 'DIRECCION', '222', '1983-03-15', '2014-07-28', 1, 16, NULL, 25, 37, 1, 8, NULL, '2021-07-01 10:00:00', '2021-07-02 10:00:00'),
(16, 1, 22, 'SERGES', 'RODOLFO', 'REYES', 'GARCIA', 'REGR831202HPLYRD09', 'REGR831202N91', '48008352592', 'DIRECCION', '222', '1983-12-02', '2014-07-28', 1, 14, NULL, 26, 16, 2, 6, NULL, '2021-07-01 10:00:00', '2021-07-02 10:00:00'),
(17, 1, 27, 'SERGES', 'ROCIO BERENICE', 'LIMON', 'RAMIREZ', 'LIRR750524MDFMMC03', 'LIRR750524E92', '62977563618', 'DIRECCION', '222', '1975-05-24', '2014-07-28', 1, 11, NULL, 27, 38, 1, 6, NULL, '2021-07-01 10:00:00', '2021-07-02 10:00:00'),
(18, 1, 28, 'SERGES', 'JUAN PABLO', 'QUINTANA', 'ELIZAGA', 'QUEJ861207HPLNLN09', 'QUEJ8612073HA', '48098631640', 'DIRECCION', '222', '1986-12-07', '2014-08-11', 1, -17, NULL, 28, 39, 1, 6, NULL, '2021-07-01 10:00:00', '2021-07-02 10:00:00'),
(19, 1, 32, 'SERGES', 'RICARDO', 'CASTILLO', 'OLIVER', 'CAOR791201HPLSLC07', 'CAOR7912011Y5', '48077908662', 'DIRECCION', '222', '1979-12-01', '2014-11-03', 1, 3, NULL, 29, 40, 1, 4, NULL, '2021-07-01 10:00:00', '2021-07-02 10:00:00'),
(20, 1, 36, 'SERGES', 'MIGUEL ANGEL', 'GARCIA', 'QUI?ONES', 'GAQM790408HPLRXG01', 'GAQM790408LH0', '62957907108', 'DIRECCION', '222', '1979-04-08', '2015-08-03', 1, 8, NULL, 30, 13, 1, 9, NULL, '2021-07-01 10:00:00', '2021-07-02 10:00:00'),
(21, 1, 39, 'SERGES', 'MANUEL HUMBERTO', 'RAMIREZ', 'CASTILLO', 'RACM940414HPLMSN07', 'RACM940414LL1', '48119422078', 'DIRECCION', '222', '1994-04-14', '2015-09-14', 1, 8, NULL, 31, 12, 1, 6, NULL, '2021-07-01 10:00:00', '2021-07-02 10:00:00'),
(22, 1, 41, 'SERGES', 'JAVIER', 'PEREZ', 'GIL', 'PEGJ851020HPLRLV00', 'PEGJ8510201AA', '48028423183', 'DIRECCION', '222', '1985-10-20', '2016-03-28', 1, 14, NULL, 32, 41, 1, 2, NULL, '2021-07-01 10:00:00', '2021-07-02 10:00:00'),
(23, 1, 43, 'SERGES', 'GUADALUPE BEATRIZ', 'JARAMILLO', 'NOLASCO', 'JANG711210HPLRLD08', 'JANG711210A59', '62917118572', 'DIRECCION', '222', '1971-12-10', '2016-07-18', 1, 5, NULL, 33, 10, 2, 1, NULL, '2021-07-01 10:00:00', '2021-07-02 10:00:00'),
(24, 1, 49, 'SERGES', 'JUAN JOSE', 'MENDOZA', 'PASTRANA', 'MEPJ841130HPLNSN04', 'MEPJ841130HV0', '48048413933', 'DIRECCION', '222', '1984-11-30', '2017-07-03', 1, 2, NULL, 34, 42, 1, 10, NULL, '2021-07-01 10:00:00', '2021-07-02 10:00:00'),
(25, 1, 53, 'SERGES', 'GERARDO BALTAZAR', 'LOPEZ', 'ROSALES', 'LORG871028HTLPSR00', 'LORG8710285BA', '61108708837', 'DIRECCION', '222', '1987-10-28', '2018-05-14', 1, 0, NULL, 35, 2, 2, 2, NULL, '2021-07-01 10:00:00', '2021-07-02 10:00:00'),
(26, 1, 57, 'SERGES', 'FEDERICO', 'LOPEZ', 'CARRASCO', 'LOCF840302HTLPRD02', 'LOCF840302V75', '61058404643', 'DIRECCION', '222', '1984-03-02', '2019-07-29', 1, 5, NULL, 36, 6, 1, 11, NULL, '2021-07-01 10:00:00', '2021-07-02 10:00:00'),
(27, 1, 58, 'SERGES', 'ADRIAN', 'JUAREZ', 'REMEDIOS', 'JURA960301HPLRMD06', 'JURA960301PT4', '8199643506', 'DIRECCION', '222', '1996-03-01', '2019-07-29', 1, 5, NULL, 37, 6, 1, 11, NULL, '2021-07-01 10:00:00', '2021-07-02 10:00:00'),
(28, 1, 61, 'SERGES', 'SANTIAGO EDMUNDO', 'TOLEDO', 'MORA', 'TOMS950623HVZLRN02', 'TOMS9506237T3', '46169567644', 'DIRECCION', '222', '1995-06-23', '2019-09-23', 1, 0, NULL, 38, 6, 1, 6, NULL, '2021-07-01 10:00:00', '2021-07-02 10:00:00'),
(29, 1, 63, 'SERGES', 'MARIA ANDREA', 'ZAVALA', 'USCANGA', 'ZAUA890919MPLVSN08', 'ZAUA890919BH7', '2158935292', 'DIRECCION', '222', '1989-09-19', '2020-08-24', 1, 0, NULL, 39, 4, 1, 5, NULL, '2021-07-01 10:00:00', '2021-07-02 10:00:00'),
(30, 1, 64, 'SERGES', 'PATRICIA', 'RODRIGUEZ', 'NESME', 'RONP841112MVZDST01', 'RONP841112L99', '67088409510', 'DIRECCION', '222', '1984-11-12', '2020-08-24', 1, 0, NULL, 40, 6, 1, 6, NULL, '2021-07-01 10:00:00', '2021-07-02 10:00:00'),
(31, 1, 66, 'SERGES', 'KAREN ARELI', 'ARMENDIA', 'TELLEZ', 'AETK910312MPLRLR00', 'AETK9103123A2', '3169168600', 'DIRECCION', '222', '1991-03-12', '2021-01-11', 1, 0, NULL, 41, 6, 1, 6, NULL, '2021-07-01 10:00:00', '2021-07-02 10:00:00'),
(32, 1, 67, 'SERGES', 'MARIA SOLEDAD', 'CANO', 'ALVAREZ', 'CAAS000609MPLNLLA6', 'CAAS000609FH9', '44190077162', 'DIRECCION', '222', '2000-06-09', '2020-10-05', 1, 0, NULL, 42, 34, 1, 6, NULL, '2021-07-01 10:00:00', '2021-07-02 10:00:00'),
(33, 1, 69, 'SERGES', 'LUIS', 'HERNANDEZ', 'GARCIA', 'HEGL790528HVZRRS08', 'HEGL790528LP3', '20967823061', 'DIRECCION', '222', '1979-05-28', '2020-10-19', 1, 0, NULL, 43, 15, 2, 12, NULL, '2021-07-01 10:00:00', '2021-07-02 10:00:00'),
(34, 1, 70, 'SERGES', 'DIANA LIZET', 'MU?OZ', 'HERRERA', 'MUHD810503MPLXRN08', 'MUHD810503SD0', '48048101678', 'DIRECCION', '222', '1981-05-03', '2020-11-02', 1, 0, NULL, 44, 5, 2, 2, NULL, '2021-07-01 10:00:00', '2021-07-02 10:00:00'),
(35, 1, 71, 'SERGES', 'MARIELA', 'MARTINEZ', 'ZEPEDA', 'MAZM760707HPLRPR00', 'MAZM7607075W3', '30967623437', 'DIRECCION', '222', '1976-07-07', '2021-01-25', 1, 0, NULL, 45, 6, 1, 13, NULL, '2021-07-01 10:00:00', '2021-07-02 10:00:00'),
(36, 1, 72, 'SERGES', 'NORMA ANGELICA', 'HERNANDES', 'RESENDIZ', 'HERN841107HDFRSR06', 'HERN841107LB9', '39018435865', 'DIRECCION', '222', '1984-11-07', '2021-01-25', 1, 0, NULL, 46, 1, 1, 5, NULL, '2021-07-01 10:00:00', '2021-07-02 10:00:00'),
(37, 1, 73, 'SERGES', 'JOCELYN', 'RODRIGUEZ', 'LOPEZ', 'ROLJ820621MPLDPC08', 'ROLJ8206212Q4', '48058234104', 'DIRECCION', '222', '1982-06-21', '2021-02-22', 1, 0, NULL, 47, 69, 1, 5, NULL, '2021-07-01 10:00:00', '2021-07-02 10:00:00'),
(38, 1, 74, 'SERGES', 'OSIRIS YOSEF', 'HERNANDEZ', 'PEREZ', 'HEPO951017HPLRRS06', 'HEPO9510173G6', '13169503896', 'DIRECCION', '222', '1995-10-17', '2021-03-22', 1, 0, NULL, 48, 13, 1, 9, NULL, '2021-07-01 10:00:00', '2021-07-02 10:00:00'),
(39, 1, 75, 'SERGES', 'GISELA LIZBETH', 'JARAMILLO', 'MARIN', 'JAMG880812MGRRRC17', 'JAMG880812TT6', '5158836329', 'DIRECCION', '222', '1988-08-12', '2021-03-23', 1, 0, NULL, 49, 12, 1, 6, NULL, '2021-07-01 10:00:00', '2021-07-02 10:00:00'),
(40, 1, 76, 'SERGES', 'LUIS ENRIQUE', 'GALVAN', 'BARON', 'GABL900715HDFLRS02', 'GABL900715RB0', '42079004745', 'DIRECCION', '222', '1990-07-15', '2021-03-24', 1, 0, NULL, 50, 14, 1, 4, NULL, '2021-07-01 10:00:00', '2021-07-02 10:00:00'),
(41, 16, 78, 'SERGES', 'Kevin', 'Cisneros', 'Ramirez', 'asdasdas', 'asdasdas', '3215564', 'asdasdasd', '21231561', '2010-07-09', '2010-07-09', 25, 12, NULL, 51, 13, 1, 1, NULL, '2021-09-22 10:00:00', '2021-09-22 10:00:00'),
(42, 1, 780, 'HILATURAS', 'IGNACIO', 'MITRE', 'RODRIGUEZ', 'MIRI771224HPLTDG07', 'MIRI771224176', '62967765454', 'DIRECCION', '222', '1977-12-24', '2014-04-28', 1, 9, NULL, 52, 43, 1, 5, NULL, '2021-07-01 10:00:00', '2021-07-02 10:00:00'),
(43, 1, 870, 'HILATURAS', 'CARLOS GABRIEL', 'LOPEZ', 'MENDEZ', 'LOMC730505HPLPNR08', 'LOMC730505KW1', '62927368431', 'DIRECCION', '222', '1973-05-05', '2016-02-27', 1, 14, NULL, 53, 44, 1, 5, NULL, '2021-07-01 10:00:00', '2021-07-02 10:00:00'),
(44, 1, 15, 'HILATURAS', 'MIGUEL', 'PALACIOS', 'SOSA', 'PASM750521HPLLSG08', 'PASM750521UT1', '62927411892', 'DIRECCION', '222', '1975-05-21', '1999-06-01', 1, 6, NULL, 54, 45, 3, 1, NULL, '2021-07-01 10:00:00', '2021-07-02 10:00:00'),
(45, 1, 116, 'HILATURAS', 'MARIA BIOLA', 'HERNANDEZ', 'GARCIA', 'HEGB680503MTLRRL08', 'HEGB680503DR5', '61906800323', 'DIRECCION', '222', '1968-05-03', '2001-02-06', 1, 18, NULL, 55, 46, 3, 14, NULL, '2021-07-01 10:00:00', '2021-07-02 10:00:00'),
(46, 1, 122, 'HILATURAS', 'BRIGIDA TERESA', 'AMADOR', 'ROMERO', 'AARB671008MPLMMR02', 'AARB671008NI2', '62916703499', 'DIRECCION', '222', '1967-10-08', '2001-03-22', 1, 16, NULL, 56, 46, 3, 14, NULL, '2021-07-01 10:00:00', '2021-07-02 10:00:00'),
(47, 1, 139, 'HILATURAS', 'MA COLUMBA FRANCISCA', 'DIAZ', 'ABRIZ', 'DIAC620306MTLZBL04', 'DIAC620306DY0', '62876206111', 'DIRECCION', '222', '1962-03-06', '2002-05-21', 1, 16, NULL, 57, 47, 3, 14, NULL, '2021-07-01 10:00:00', '2021-07-02 10:00:00'),
(48, 1, 628, 'HILATURAS', 'ELOY', 'BONILLA', 'XICOHTENCATL', 'BOXE740718HTLNCL06', 'BOXE7407187Z8', '61917417075', 'DIRECCION', '222', '1974-07-18', '2011-05-14', 1, 15, NULL, 58, 48, 3, 1, NULL, '2021-07-01 10:00:00', '2021-07-02 10:00:00'),
(49, 1, 875, 'HILATURAS', 'LORENA', 'HERNANDEZ', 'NAVARRO', 'HENL750520HPLRVR09', 'HENL750520IE1', '65097504271', 'DIRECCION', '222', '1975-05-20', '2016-03-14', 1, 10, NULL, 59, 49, 3, 14, NULL, '2021-07-01 10:00:00', '2021-07-02 10:00:00'),
(50, 1, 963, 'HILATURAS', 'JONATHAN', 'CRISOSTOMO', 'OROZCO', 'CIOJ960624HPLRRN02', 'CIOJ9606244F8', '78149604296', 'DIRECCION', '222', '1996-06-24', '2017-03-29', 1, 9, NULL, 60, 25, 3, 1, NULL, '2021-07-01 10:00:00', '2021-07-02 10:00:00'),
(51, 1, 973, 'HILATURAS', 'PRAXEDES', 'FLORES', 'DIAZ', 'FODP870721HTLLZR03', 'FODP870721JP8', '61068700170', 'DIRECCION', '222', '1987-07-21', '2017-05-06', 1, 10, NULL, 61, 50, 3, 1, NULL, '2021-07-01 10:00:00', '2021-07-02 10:00:00'),
(52, 1, 1024, 'HILATURAS', 'ITZEL BELEN', 'RAMIREZ', 'REYES', 'RARI870403MPLMYT00', 'RARI8704032T8', '48108714147', 'DIRECCION', '222', '1987-04-03', '2018-03-24', 1, 3, NULL, 62, 49, 3, 14, NULL, '2021-07-01 10:00:00', '2021-07-02 10:00:00'),
(53, 1, 1059, 'HILATURAS', 'CLAUDIA', 'CARMONA', 'ROJAS', 'CARC920208MPLRJL07', 'CARC920208RQ7', '48129223664', 'DIRECCION', '222', '1992-02-08', '2019-01-14', 1, 2, NULL, 63, 49, 3, 14, NULL, '2021-07-01 10:00:00', '2021-07-02 10:00:00'),
(54, 1, 1075, 'HILATURAS', 'M ALEJANDRA GUADALUP', 'MARTINEZ', 'CORONA', 'MACA820806MPLRRL03', 'MACA820806G44', '48088215842', 'DIRECCION', '222', '1982-08-06', '2019-01-30', 1, 7, NULL, 64, 49, 3, 14, NULL, '2021-07-01 10:00:00', '2021-07-02 10:00:00'),
(55, 1, 1076, 'HILATURAS', 'ESTEFANIA', 'ARELLANO', 'CRUZ', 'AECE991210MVZRRS08', 'AECE991210MXA', '72169921417', 'DIRECCION', '222', '1999-12-10', '2019-01-30', 1, 7, NULL, 65, 49, 3, 14, NULL, '2021-07-01 10:00:00', '2021-07-02 10:00:00'),
(56, 1, 1077, 'HILATURAS', 'MELISSA', 'MORALES', 'CRUZ', 'MOCM991003MVZRRL04', 'MOCM991003IW2', '40169975030', 'DIRECCION', '222', '1999-10-03', '2019-01-30', 1, 1, NULL, 66, 49, 3, 14, NULL, '2021-07-01 10:00:00', '2021-07-02 10:00:00'),
(57, 1, 1099, 'HILATURAS', 'ANA LAURA', 'DE LA LUZ', 'GERMAN', 'LUGA910628MPLZRN07', 'LUGA9106285D4', '12169122335', 'DIRECCION', '222', '1991-06-28', '2019-05-20', 1, 6, NULL, 67, 49, 3, 14, NULL, '2021-07-01 10:00:00', '2021-07-02 10:00:00'),
(58, 1, 1108, 'HILATURAS', 'CANDELARIA', 'SOSA', 'DE JESUS', 'SOJC990404MVZSSN00', 'SOJC990404NZ2', '51169995225', 'DIRECCION', '222', '1999-04-04', '2019-09-11', 1, 0, NULL, 68, 49, 3, 14, NULL, '2021-07-01 10:00:00', '2021-07-02 10:00:00'),
(59, 1, 1137, 'HILATURAS', 'MARIA DE JESUS', 'MATIAS', 'SEPULVEDA', 'MASJ880617MPLTPS05', 'MASJ880617TF3', '48078838371', 'DIRECCION', '222', '1988-06-17', '2020-09-05', 1, 0, NULL, 69, 49, 3, 14, NULL, '2021-07-01 10:00:00', '2021-07-02 10:00:00'),
(60, 1, 1138, 'HILATURAS', 'MARICRUZ', 'MU?OZ', 'MU?OZ', 'MUMM840110MTLXXR08', 'MUMM840110GM4', '61048412011', 'DIRECCION', '222', '1984-01-10', '2020-09-05', 1, 0, NULL, 70, 49, 3, 14, NULL, '2021-07-01 10:00:00', '2021-07-02 10:00:00'),
(61, 1, 1141, 'HILATURAS', 'DAGOBERTO', 'SANCHEZ', 'CARRERA', 'SACD831014HPLNRG03', 'SACD831014A86', '48068324515', 'DIRECCION', '222', '1983-10-14', '2020-09-05', 1, 0, NULL, 71, 25, 3, 1, NULL, '2021-07-01 10:00:00', '2021-07-02 10:00:00'),
(62, 1, 1159, 'HILATURAS', 'MIRIAM', 'AGUILAR', 'ONTIVEROS', 'AUOM941108MTLGNR02', 'AUOM941108TK2', '61129421261', 'DIRECCION', '222', '1994-11-08', '2020-09-19', 1, 0, NULL, 72, 49, 3, 14, NULL, '2021-07-01 10:00:00', '2021-07-02 10:00:00'),
(63, 1, 1163, 'HILATURAS', 'PABLO', 'RAMOS', 'DIEGO', 'RADP000316HPLMGBA0', 'RADP000316GJ3', '29130010993', 'DIRECCION', '222', '2000-03-16', '2020-09-19', 1, 0, NULL, 73, 25, 3, 1, NULL, '2021-07-01 10:00:00', '2021-07-02 10:00:00'),
(64, 1, 1164, 'HILATURAS', 'NAZARIO', 'FRANCISCO', 'SALAZAR', 'FASN990925HPLRLZ08', 'FASN9909257X9', '28169954303', 'DIRECCION', '222', '1999-09-25', '2020-09-19', 1, 0, NULL, 74, 25, 3, 1, NULL, '2021-07-01 10:00:00', '2021-07-02 10:00:00'),
(65, 1, 1248, 'HILATURAS', 'MARIA EUGENIA', 'MARTINEZ', 'MARTINEZ', 'MXME900713MPLRRG00', 'MAMX900713U43', '48089063423', 'DIRECCION', '222', '1990-07-13', '2021-04-06', 1, 0, NULL, 75, 49, 3, 14, NULL, '2021-07-01 10:00:00', '2021-07-02 10:00:00'),
(66, 1, 1249, 'HILATURAS', 'DANIEL', 'ORTIZ', 'RODRIGUEZ', 'OIRD981021HPLRDN05', 'OIRD9810213S9', '61159826850', 'DIRECCION', '222', '1998-10-21', '2021-04-19', 1, 0, NULL, 76, 25, 3, 1, NULL, '2021-07-01 10:00:00', '2021-07-02 10:00:00'),
(67, 1, 1251, 'HILATURAS', 'OSCAR', 'PEREZ', 'CONTRERAS', 'PECO020815HTLRNSA7', 'PECO020815193', '59170202739', 'DIRECCION', '222', '2002-08-15', '2021-04-21', 1, 0, NULL, 77, 25, 3, 1, NULL, '2021-07-01 10:00:00', '2021-07-02 10:00:00'),
(68, 1, 1268, 'HILATURAS', 'KARINA', 'SANTOS', 'VAZQUEZ', 'SAVK980125MPLNZR03', 'SAVK980125258', '45169807034', 'DIRECCION', '222', '1998-01-25', '2021-06-07', 1, 0, NULL, 78, 49, 3, 14, NULL, '2021-07-01 10:00:00', '2021-07-02 10:00:00'),
(69, 1, 1272, 'HILATURAS', 'GEORGINA', 'RAMIREZ', 'ESTRADA', 'RAEG781006MHGMSR03', 'RAEG781016HP8', '13997807030', 'DIRECCION', '222', '1978-10-16', '2021-06-14', 1, 0, NULL, 79, 49, 3, 14, NULL, '2021-07-01 10:00:00', '2021-07-02 10:00:00'),
(70, 1, 83, 'HILATURAS', 'GERARDO', 'ROJAS', 'GARCIA', 'ROGG771030HPLJRR09', 'ROGG7710306X5', '61947701662', 'DIRECCION', '222', '1977-10-30', '2002-10-12', 1, 9, NULL, 80, 51, 7, 2, NULL, '2021-07-01 10:00:00', '2021-07-02 10:00:00'),
(71, 1, 500, 'HILATURAS', 'VICENTE', 'SOSA', 'PEÑA', 'SOPV770405HPLSXC08', 'SOPV770405BL8', '62967724394', 'DIRECCION', '222', '1977-04-05', '2007-08-20', 1, 3, NULL, 81, 52, 7, 12, NULL, '2021-07-01 10:00:00', '2021-09-22 10:00:00'),
(72, 1, 606, 'HILATURAS', 'ELEGARDO', 'RODRIGUEZ', 'ALVAREZ', 'ROAE790808HTLDLL02', 'ROAE7908086X6', '62967995382', 'DIRECCION', '222', '1979-08-08', '2010-11-13', 1, 9, NULL, 82, 24, 7, 12, NULL, '2021-07-01 10:00:00', '2021-09-22 10:00:00'),
(73, 1, 686, 'HILATURAS', 'MARCO ANTONIO', 'GALAN', 'CHAVEZ', 'GACM891025HPLLHR11', 'GACM891025RW1', '48068904084', 'DIRECCION', '222', '1989-10-25', '2012-02-08', 1, 6, NULL, 83, 26, 7, 12, NULL, '2021-07-01 10:00:00', '2021-09-22 10:00:00'),
(74, 1, 726, 'HILATURAS', 'ANTONIO', 'MUNIVE', 'CONTRERAS', 'MUCA910903HTLNNN02', 'MUCA910903K9A', '61109113672', 'DIRECCION', '222', '1991-09-03', '2013-01-23', 1, 9, NULL, 84, 24, 7, 12, NULL, '2021-07-01 10:00:00', '2021-07-02 10:00:00'),
(75, 1, 792, 'HILATURAS', 'CESAR', 'ROJAS', 'MORALES', 'ROMC751028HTLJRS06', 'ROMC751028PU2', '62927513598', 'DIRECCION', '222', '1975-10-28', '2014-10-01', 1, 8, NULL, 85, 24, 7, 12, NULL, '2021-07-01 10:00:00', '2021-07-02 10:00:00'),
(76, 1, 858, 'HILATURAS', 'FRANCISCO JAVIER', 'MENDIETA', 'RODRIGUEZ', 'MERF900703HPLNDR08', 'MERF900703D54', '61119014043', 'DIRECCION', '222', '1990-07-03', '2016-02-05', 1, 11, NULL, 86, 27, 7, 12, NULL, '2021-07-01 10:00:00', '2021-07-02 10:00:00'),
(77, 1, 862, 'HILATURAS', 'FELIPE', 'PEREZ', 'JUAREZ', 'PEJF880522HPLRRL07', 'PEJF880522M74', '48108810259', 'DIRECCION', '222', '1988-05-22', '2016-02-22', 1, 12, NULL, 87, 24, 7, 12, NULL, '2021-07-01 10:00:00', '2021-07-02 10:00:00'),
(78, 1, 924, 'HILATURAS', 'JAVIER', 'MELENDEZ', 'ROMERO', 'MERJ971229HPLLMV08', 'MERJ9712294G1', '13169796482', 'DIRECCION', '222', '1997-12-29', '2021-05-06', 1, 0, NULL, 88, 25, 7, 12, NULL, '2021-07-01 10:00:00', '2021-07-02 10:00:00'),
(79, 1, 929, 'HILATURAS', 'JOSE MANUEL', 'RAMIREZ', 'CALDERON', 'RACM830927HPLMLN04', 'RACM830927IE5', '48108304261', 'DIRECCION', '222', '1983-09-27', '2016-10-12', 1, 6, NULL, 89, 26, 7, 12, NULL, '2021-07-01 10:00:00', '2021-07-02 10:00:00'),
(80, 1, 930, 'HILATURAS', 'SERGIO BRANDON', 'LOPEZ', 'GONZALEZ', 'LOGS920531HPLPNR00', 'LOGS920531N86', '16169285182', 'DIRECCION', '222', '1992-05-31', '2020-08-25', 1, 0, NULL, 90, 31, 7, 12, NULL, '2021-07-01 10:00:00', '2021-07-02 10:00:00'),
(81, 1, 983, 'HILATURAS', 'CESAR', 'VICTORIANO', 'HERNANDEZ', 'VIHC890420HVZCRS08', 'VIHC890420M48', '67138912711', 'DIRECCION', '222', '1989-04-20', '2017-07-01', 1, 0, NULL, 91, 24, 7, 12, NULL, '2021-07-01 10:00:00', '2021-07-02 10:00:00'),
(82, 1, 994, 'HILATURAS', 'BERNARDO', 'BERNALDINO', 'HERNANDEZ', 'BEHB920116HPLRRR00', 'BEHB9201168UA', '16169241607', 'DIRECCION', '222', '1992-01-16', '2017-08-26', 1, 4, NULL, 92, 24, 7, 12, NULL, '2021-07-01 10:00:00', '2021-07-02 10:00:00'),
(83, 1, 1004, 'HILATURAS', 'JUAN DAVID', 'SERRANO', 'HERNANDEZ', 'SEHJ990129HPLRRN03', 'SEHJ990129FS2', '84159985179', 'DIRECCION', '222', '1999-01-29', '2017-11-22', 1, 2, NULL, 93, 24, 7, 12, NULL, '2021-07-01 10:00:00', '2021-07-02 10:00:00'),
(84, 1, 1053, 'HILATURAS', 'JULIO', 'ROJAS', 'OLAYA', 'ROOJ981114HPLJLL01', 'ROOJ981114IN0', '57169831971', 'DIRECCION', '222', '1998-11-14', '2018-09-25', 1, 3, NULL, 94, 24, 7, 12, NULL, '2021-07-01 10:00:00', '2021-07-02 10:00:00'),
(85, 1, 1054, 'HILATURAS', 'EMILIO', 'MUÑOZ', 'XICOHTENCATL', 'MUXE930105HPLXCM04', 'MUXE930105KV3', '48119327830', 'DIRECCION', '222', '1993-01-05', '2018-10-22', 1, 5, NULL, 95, 24, 7, 12, NULL, '2021-07-01 10:00:00', '2021-07-02 10:00:00'),
(86, 1, 1098, 'HILATURAS', 'EDGAR IVAN', 'AGUILAR', 'FERNANDEZ', 'AUFE950113HPLGRD09', 'AUFE950113L84', '23169553866', 'DIRECCION', '222', '1995-01-13', '2019-05-20', 1, 8, NULL, 96, 24, 7, 12, NULL, '2021-07-01 10:00:00', '2021-07-02 10:00:00'),
(87, 1, 1161, 'HILATURAS', 'PAULINO', 'TORRES', 'GUZMAN', 'TOGP971012HTLRZL03', 'TOGP971012BI1', '12139768027', 'DIRECCION', '222', '1997-10-12', '2020-09-19', 1, 0, NULL, 97, 24, 7, 12, NULL, '2021-07-01 10:00:00', '2021-07-02 10:00:00'),
(88, 1, 1166, 'HILATURAS', 'JUAN CARLOS', 'OCHOA', 'MARTINEZ', 'OOMJ981210HPLCRN09', 'OOMJ9812109CA', '5169894226', 'DIRECCION', '222', '1998-12-10', '2020-09-19', 1, 0, NULL, 98, 25, 7, 12, NULL, '2021-07-01 10:00:00', '2021-07-02 10:00:00'),
(89, 1, 1173, 'HILATURAS', 'JONATHAN', 'AGUILAR', 'CARO', 'AUCJ930224HPLGRN08', 'AUCJ9302242Y2', '48129321799', 'DIRECCION', '222', '1993-02-24', '2020-09-21', 1, 0, NULL, 99, 25, 7, 12, NULL, '2021-07-01 10:00:00', '2021-07-02 10:00:00'),
(90, 1, 1193, 'HILATURAS', 'RAMIRO', 'ISLAS', 'CHAVEZ', 'IACR810523HPLSHM04', 'IACR810523D76', '48988125026', 'DIRECCION', '222', '1981-05-23', '2020-10-09', 1, 0, NULL, 100, 24, 7, 12, NULL, '2021-07-01 10:00:00', '2021-07-02 10:00:00'),
(91, 1, 1210, 'HILATURAS', 'JUAN JOSE', 'JARAMILLO', 'SILVA', 'JASJ910630HTLRLN09', 'JASJ9106306C9', '61079101251', 'DIRECCION', '222', '1991-06-30', '2021-01-23', 1, 0, NULL, 101, 25, 7, 12, NULL, '2021-07-01 10:00:00', '2021-07-02 10:00:00'),
(92, 1, 1244, 'HILATURAS', 'EMMANUEL', 'GUTIERREZ', 'LOZADA', 'GULE010228HPLTZMA8', 'GULE010228R38', '19200177285', 'DIRECCION', '222', '2001-02-28', '2021-03-22', 1, 0, NULL, 102, 25, 7, 12, NULL, '2021-07-01 10:00:00', '2021-07-02 10:00:00'),
(93, 1, 22, 'HILATURAS', 'DANIEL', 'FLORES', 'ROJAS', 'FORD801208HTLLJN02', 'FORD801208US3', '62978017499', 'DIRECCION', '222', '1980-12-08', '1999-06-03', 1, 0, NULL, 103, 18, 4, 15, NULL, '2021-07-01 10:00:00', '2021-07-02 10:00:00'),
(94, 1, 57, 'HILATURAS', 'BENITO', 'CORTES', 'CRUZ', 'COCB740711HPLRRN01', 'COCB740711P10', '62917410979', 'DIRECCION', '222', '1974-07-11', '2000-01-12', 1, 10, NULL, 104, 18, 4, 15, NULL, '2021-07-01 10:00:00', '2021-07-02 10:00:00'),
(95, 1, 89, 'HILATURAS', 'NESTOR', 'VALENCIA', 'FLORES', 'VAFN810226HPLLLS08', 'VAFN810226IRA', '48998190184', 'DIRECCION', '222', '1981-02-26', '2000-04-17', 1, 20, NULL, 105, 18, 4, 15, NULL, '2021-07-01 10:00:00', '2021-07-02 10:00:00'),
(96, 1, 126, 'HILATURAS', 'NESTOR', 'CIRIO', 'MORENO', 'CIMN771118HTLRRS06', 'CIMN771118T32', '62957709140', 'DIRECCION', '222', '1977-11-18', '2001-04-14', 1, 20, NULL, 106, 18, 4, 15, NULL, '2021-07-01 10:00:00', '2021-07-02 10:00:00'),
(97, 1, 140, 'HILATURAS', 'RICARDO', 'RODRIGUEZ', 'RODRIGUEZ', 'RORR810402HPLDDC09', 'RORR810402D48', '48018120062', 'DIRECCION', '222', '1981-04-02', '2001-12-26', 1, 14, NULL, 107, 23, 4, 15, NULL, '2021-07-01 10:00:00', '2021-07-02 10:00:00'),
(98, 1, 271, 'HILATURAS', 'BRAULIO', 'GUZMAN', 'TAPIA', 'GUTB800326HTLZPR01', 'GUTB800326E45', '61998004313', 'DIRECCION', '222', '1980-03-26', '2003-09-24', 1, 7, NULL, 108, 23, 4, 15, NULL, '2021-07-01 10:00:00', '2021-07-02 10:00:00'),
(99, 1, 291, 'HILATURAS', 'BENJAMIN', 'GARCIA', 'BONILLA', 'GABB840330HPLRNN17', 'GABB8403306E6', '61998401014', 'DIRECCION', '222', '1984-03-30', '2004-01-13', 1, 14, NULL, 109, 23, 4, 15, NULL, '2021-07-01 10:00:00', '2021-07-02 10:00:00'),
(100, 1, 301, 'HILATURAS', 'JOSUE', 'PEREZ', 'ROMERO', 'PERJ841005HTLRMS03', 'PERJ841005PP0', '61028403998', 'DIRECCION', '222', '1984-10-05', '2004-02-14', 1, 13, NULL, 110, 23, 4, 15, NULL, '2021-07-01 10:00:00', '2021-07-02 10:00:00'),
(101, 1, 340, 'HILATURAS', 'PABLO', 'ENCARNACION', 'ZAMORA', 'EAZP760914HPLNMB01', 'EAZP760914S36', '62917466948', 'DIRECCION', '222', '1976-09-14', '2004-09-27', 1, 8, NULL, 111, 23, 4, 15, NULL, '2021-07-01 10:00:00', '2021-07-02 10:00:00'),
(102, 1, 393, 'HILATURAS', 'JORGE', 'CRUZ', 'CERVANTES', 'CUCJ801109HPLRRR04', 'CUCJ801109UI0', '48008000340', 'DIRECCION', '222', '1980-11-09', '2005-07-30', 1, 0, NULL, 112, 18, 4, 15, NULL, '2021-07-01 10:00:00', '2021-07-02 10:00:00'),
(103, 1, 401, 'HILATURAS', 'JOHNNY', 'CALDERON', 'CARVENTE', 'CACJ830220HTLLRH04', 'CACJ8302208R7', '61028311225', 'DIRECCION', '222', '1983-02-20', '2005-09-10', 1, 1, NULL, 113, 18, 4, 15, NULL, '2021-07-01 10:00:00', '2021-07-02 10:00:00'),
(104, 1, 464, 'HILATURAS', 'JOSE VICENTE RAUL', 'LIMA', 'CASTILLO', 'LICV760719HPLMSC04', 'LICV7607198FA', '48077600095', 'DIRECCION', '222', '1976-07-19', '2007-01-02', 1, 4, NULL, 114, 23, 4, 15, NULL, '2021-07-01 10:00:00', '2021-07-02 10:00:00'),
(105, 1, 537, 'HILATURAS', 'GUILLERMO', 'HERNANDEZ', 'MORALES', 'HEMG750625HPLRRL01', 'HEMG7506257U2', '62937560803', 'DIRECCION', '222', '1975-06-25', '2008-10-10', 1, 8, NULL, 115, 23, 4, 15, NULL, '2021-07-01 10:00:00', '2021-07-02 10:00:00'),
(106, 1, 604, 'HILATURAS', 'FERMIN', 'PEREZ', 'XICOHTENCATL', 'PEXF820707HTLRCR03', 'PEXF820707TD5', '61038200582', 'DIRECCION', '222', '1982-07-07', '2010-10-18', 1, 5, NULL, 116, 23, 4, 15, NULL, '2021-07-01 10:00:00', '2021-07-02 10:00:00'),
(107, 1, 755, 'HILATURAS', 'DAVID', 'QUINTANILLA', 'VERA', 'QUVD941207HPLNRV08', 'QUVD941207LN0', '48139441843', 'DIRECCION', '222', '1994-12-07', '2013-05-11', 1, 1, NULL, 117, 18, 4, 15, NULL, '2021-07-01 10:00:00', '2021-07-02 10:00:00'),
(108, 1, 768, 'HILATURAS', 'MARCO ANTONIO', 'SALAS', 'ROJAS', 'SARM900819HTLLJR08', 'SARM900819EE0', '61139012142', 'DIRECCION', '222', '1990-08-19', '2013-11-14', 1, 6, NULL, 118, 23, 4, 15, NULL, '2021-07-01 10:00:00', '2021-07-02 10:00:00'),
(109, 1, 777, 'HILATURAS', 'ARTURO', 'MARTINEZ', 'LIRA', 'MALA771129HTLRRR07', 'MALA771129C65', '61967709702', 'DIRECCION', '222', '1977-11-29', '2014-04-14', 1, 8, NULL, 119, 23, 4, 15, NULL, '2021-07-01 10:00:00', '2021-07-02 10:00:00'),
(110, 1, 795, 'HILATURAS', 'OMAR', 'MONROY', 'CRUZ', 'MXCO911209HPLNRM08', 'MOCX911209NH4', '48119145208', 'DIRECCION', '222', '1991-12-09', '2014-10-20', 1, 1, NULL, 120, 23, 4, 15, NULL, '2021-07-01 10:00:00', '2021-07-02 10:00:00'),
(111, 1, 835, 'HILATURAS', 'JOSE', 'TZONTECOMANI', 'CORTES', 'TOCJ770709HTLZRS00', 'TOCJ770709BW1', '61937500710', 'DIRECCION', '222', '1977-07-09', '2015-08-29', 1, 0, NULL, 121, 23, 4, 15, NULL, '2021-07-01 10:00:00', '2021-07-02 10:00:00'),
(112, 1, 852, 'HILATURAS', 'CRUZ', 'VELAZQUEZ', 'MARAVILLA', 'VEMC820503HTLLRR01', 'VEMC820503VC3', '61998215752', 'DIRECCION', '222', '1982-05-03', '2016-01-16', 1, 12, NULL, 122, 23, 4, 15, NULL, '2021-07-01 10:00:00', '2021-07-02 10:00:00'),
(113, 1, 967, 'HILATURAS', 'MIGUEL', 'SANCHEZ', 'HERNANDEZ', 'SAHM861212HTLNRG07', 'SAHM8612128Y5', '61058608367', 'DIRECCION', '222', '1986-12-12', '2017-04-08', 1, 10, NULL, 123, 23, 4, 15, NULL, '2021-07-01 10:00:00', '2021-07-02 10:00:00'),
(114, 1, 1005, 'HILATURAS', 'SINAI', 'MU?OZ', 'XICOHTENCATL', 'MUXS950621HPLXCN01', 'MUXS950621771', '2159506878', 'DIRECCION', '222', '1995-06-21', '2018-01-08', 1, 8, NULL, 124, 23, 4, 15, NULL, '2021-07-01 10:00:00', '2021-07-02 10:00:00'),
(115, 1, 1044, 'HILATURAS', 'JESUS', 'FLORES', 'DE LA CRUZ', 'FOCJ870521HTLLRS05', 'FOCJ870521HL7', '3188742096', 'DIRECCION', '222', '1987-05-21', '2018-07-28', 1, 2, NULL, 125, 23, 4, 15, NULL, '2021-07-01 10:00:00', '2021-07-02 10:00:00'),
(116, 1, 1095, 'HILATURAS', 'RUFINO', 'BONILLA', 'DE LA CRUZ', 'BOCR821203HTLNRF02', 'BOCR8212039J6', '61028201335', 'DIRECCION', '222', '1982-12-03', '2019-04-06', 1, 7, NULL, 126, 25, 4, 15, NULL, '2021-07-01 10:00:00', '2021-07-02 10:00:00'),
(117, 1, 1225, 'HILATURAS', 'MIGUEL ANGEL', 'HERNANDEZ', 'RODRIGUEZ', 'HERM910429HPLRDG00', 'HERM9104298I8', '48079105663', 'DIRECCION', '222', '1991-04-29', '2021-02-20', 1, 0, NULL, 127, 53, 4, 15, NULL, '2021-07-01 10:00:00', '2021-07-02 10:00:00'),
(118, 1, 1240, 'HILATURAS', 'JUAN DANIEL', 'AMARO', 'LUNA', 'AALJ960506HPLMNN01', 'AALJ960506IW5', '3149679668', 'DIRECCION', '222', '1996-05-06', '2021-04-03', 1, 0, NULL, 128, 25, 4, 15, NULL, '2021-07-01 10:00:00', '2021-07-02 10:00:00'),
(119, 1, 1255, 'HILATURAS', 'DAVID', 'HERNANDEZ', 'HERNANDEZ', 'HEHD981028HPLRRV03', 'HEHD981028GL0', '3219821547', 'DIRECCION', '222', '1998-10-28', '2021-05-17', 1, 0, NULL, 129, 25, 4, 15, NULL, '2021-07-01 10:00:00', '2021-07-02 10:00:00'),
(120, 1, 4, 'HILATURAS', 'FERNANDO', 'MARTINEZ', 'HERNANDEZ', 'MAHF720822HPLRRR07', 'MAHF720822B70', '40917208577', 'DIRECCION', '222', '1972-08-22', '1999-02-16', 1, 18, NULL, 130, 18, 5, 15, NULL, '2021-07-01 10:00:00', '2021-07-02 10:00:00'),
(121, 1, 167, 'HILATURAS', 'JOEL', 'RAMIREZ', 'SALAZAR', 'RASJ800428HTLMLL00', 'RASJ800428BC0', '61978030072', 'DIRECCION', '222', '1980-04-28', '2002-02-02', 1, 12, NULL, 131, 18, 5, 15, NULL, '2021-07-01 10:00:00', '2021-07-02 10:00:00'),
(122, 1, 216, 'HILATURAS', 'EMILIO', 'REYES', 'PEREZ', 'REPE711128HTLYRM01', 'REPE711128TJ9', '62907129613', 'DIRECCION', '222', '1971-11-28', '2003-01-18', 1, 16, NULL, 132, 23, 5, 15, NULL, '2021-07-01 10:00:00', '2021-07-02 10:00:00'),
(123, 1, 281, 'HILATURAS', 'RAYMUNDO', 'CASTRO', 'CORTES', 'CACR810825HTLSRY00', 'CACR8108255R7', '61998111274', 'DIRECCION', '222', '1981-08-25', '2003-10-25', 1, 10, NULL, 133, 18, 5, 15, NULL, '2021-07-01 10:00:00', '2021-07-02 10:00:00'),
(124, 1, 286, 'HILATURAS', 'JUAN', 'ROJAS', 'JUAREZ', 'ROJJ830208HPLJRN07', 'ROJJ830208FE0', '61978300913', 'DIRECCION', '222', '1983-02-08', '2003-12-11', 1, 10, NULL, 134, 23, 5, 15, NULL, '2021-07-01 10:00:00', '2021-07-02 10:00:00'),
(125, 1, 307, 'HILATURAS', 'RAUL', 'QUINTERO', 'OSORIO', 'QUOR790505HPLNSL04', 'QUOR790505FN8', '48997909923', 'DIRECCION', '222', '1979-05-05', '2004-03-29', 1, 14, NULL, 135, 23, 5, 15, NULL, '2021-07-01 10:00:00', '2021-07-02 10:00:00'),
(126, 1, 327, 'HILATURAS', 'SALVADOR', 'VICTORIANO', 'GARCIA', 'VIGS830515HVZCRL05', 'VIGS8305158M3', '48008332420', 'DIRECCION', '222', '1983-05-15', '2004-07-03', 1, 0, NULL, 136, 18, 5, 15, NULL, '2021-07-01 10:00:00', '2021-07-02 10:00:00'),
(127, 1, 483, 'HILATURAS', 'NORBERTO', 'SANCHEZ', 'CORTES', 'SACN780417HPLNRR07', 'SACN780417FA3', '61007801477', 'DIRECCION', '222', '1978-04-17', '2007-05-03', 1, 1, NULL, 137, 18, 5, 15, NULL, '2021-07-01 10:00:00', '2021-07-02 10:00:00'),
(128, 1, 684, 'HILATURAS', 'JOSE DANIEL', 'CRUZ', 'HERNANDEZ', 'CUHD920518HPLRRN06', 'CUHD920518H90', '48099211525', 'DIRECCION', '222', '1992-05-18', '2012-01-27', 1, 4, NULL, 138, 23, 5, 15, NULL, '2021-07-01 10:00:00', '2021-07-02 10:00:00'),
(129, 1, 707, 'HILATURAS', 'JORGE LUIS', 'LOPEZ', 'SARMIENTO', 'LOSJ920501HCSPRR02', 'LOSJ920501QB4', '48129253786', 'DIRECCION', '222', '1992-05-01', '2012-08-21', 1, 4, NULL, 139, 23, 5, 15, NULL, '2021-07-01 10:00:00', '2021-07-02 10:00:00'),
(130, 1, 764, 'HILATURAS', 'JESUS ISAHEL', 'CARMONA', 'ROJAS', 'CARJ941126HPLRJS09', 'CARJ941126QLA', '48139469737', 'DIRECCION', '222', '1994-11-26', '2013-08-24', 1, 1, NULL, 140, 23, 5, 15, NULL, '2021-07-01 10:00:00', '2021-07-02 10:00:00'),
(131, 1, 887, 'HILATURAS', 'FRANCISCO', 'VEGA', 'MORENO', 'VEMF970527HPLGRR04', 'VEMF970527ID4', '53169763751', 'DIRECCION', '222', '1997-05-27', '2016-05-10', 1, 10, NULL, 141, 23, 5, 15, NULL, '2021-07-01 10:00:00', '2021-07-02 10:00:00'),
(132, 1, 901, 'HILATURAS', 'DIEGO', 'RIOS', 'CASO', 'RICD970217HPLSSG08', 'RICD970217D39', '17159742356', 'DIRECCION', '222', '1997-02-17', '2016-07-12', 1, -1, NULL, 142, 23, 5, 15, NULL, '2021-07-01 10:00:00', '2021-07-02 10:00:00'),
(133, 1, 948, 'HILATURAS', 'JORGE URIEL', 'QUINTERO', 'FERNANDEZ', 'QUFJ980416HPLNRR09', 'QUFJ9804163P5', '3179865492', 'DIRECCION', '222', '1998-04-16', '2017-01-28', 1, 9, NULL, 143, 23, 5, 15, NULL, '2021-07-01 10:00:00', '2021-07-02 10:00:00'),
(134, 1, 951, 'HILATURAS', 'ANGEL ARAMIS', 'ROBLES', 'MU?OZ', 'ROMA970709HTLBXN02', 'ROMA9707093V4', '3179794270', 'DIRECCION', '222', '1997-07-09', '2017-02-15', 1, 7, NULL, 144, 23, 5, 15, NULL, '2021-07-01 10:00:00', '2021-07-02 10:00:00'),
(135, 1, 1046, 'HILATURAS', 'JOSE EDGAR', 'PEREZ', 'SAUZ', 'PESE860319HTLRZD01', 'PESE860319CW8', '61058600406', 'DIRECCION', '222', '1986-03-19', '2018-07-30', 1, 2, NULL, 145, 23, 5, 15, NULL, '2021-07-01 10:00:00', '2021-07-02 10:00:00'),
(136, 1, 1065, 'HILATURAS', 'ABDIEL ELEAZAR', 'GALLARDO', 'VILLEGAS', 'GAVA930830HPLLLB01', 'GAVA9308308S4', '2199326352', 'DIRECCION', '222', '1993-08-30', '2019-01-21', 1, 6, NULL, 146, 23, 5, 15, NULL, '2021-07-01 10:00:00', '2021-07-02 10:00:00'),
(137, 1, 1243, 'HILATURAS', 'ANDRES', 'MARTINEZ', 'VARGUEZ', 'MAVA950416HPLRRN08', 'MAVA950416L72', '46149548771', 'DIRECCION', '222', '1995-04-16', '2021-03-22', 1, 0, NULL, 147, 25, 5, 15, NULL, '2021-07-01 10:00:00', '2021-07-02 10:00:00'),
(138, 1, 169, 'HILATURAS', 'ROBERTO', 'ROJAS', 'CALDERON', 'ROCR830612HPLJLB16', 'ROCR830612U57', '48028310091', 'DIRECCION', '222', '1983-06-12', '2002-02-05', 1, 10, NULL, 148, 18, 6, 15, NULL, '2021-07-01 10:00:00', '2021-07-02 10:00:00'),
(139, 1, 182, 'HILATURAS', 'FELIPE', 'PAISANO', 'FLORES', 'PAFF830504HPLSLL09', 'PAFF830504K71', '48998322456', 'DIRECCION', '222', '1983-05-04', '2002-05-30', 1, 1, NULL, 149, 18, 6, 15, NULL, '2021-07-01 10:00:00', '2021-07-02 10:00:00'),
(140, 1, 274, 'HILATURAS', 'JOSE LUIS', 'GARCIA', 'VEGA', 'GAVL770126HPLRGS06', 'GAVL770126SH7', '62937703965', 'DIRECCION', '222', '1977-01-26', '2003-09-15', 1, 5, NULL, 150, 18, 6, 15, NULL, '2021-07-01 10:00:00', '2021-07-02 10:00:00'),
(141, 1, 398, 'HILATURAS', 'ARMANDO', 'DEL CORRAL', 'CASTILLO', 'COCA850125HPLRSR00', 'COCA850125SZ6', '48058549758', 'DIRECCION', '222', '1985-01-25', '2005-08-27', 1, 7, NULL, 151, 18, 6, 15, NULL, '2021-07-01 10:00:00', '2021-07-02 10:00:00'),
(142, 1, 466, 'HILATURAS', 'J VICTOR', 'REYES', 'FLORES', 'REFV790506HTLYLC07', 'REFJ790506T43', '62967913997', 'DIRECCION', '222', '1979-05-06', '2007-01-13', 1, 9, NULL, 152, 23, 6, 15, NULL, '2021-07-01 10:00:00', '2021-07-02 10:00:00'),
(143, 1, 547, 'HILATURAS', 'DARIO', 'SOLAR', 'CUEVAS', 'SOCD731219HPLLVR03', 'SOCD731219KZ3', '61917400337', 'DIRECCION', '222', '1973-12-19', '2009-05-26', 1, 14, NULL, 153, 23, 6, 15, NULL, '2021-07-01 10:00:00', '2021-07-02 10:00:00'),
(144, 1, 591, 'HILATURAS', 'MARTIN', 'ABREGO', 'HERNANDEZ', 'AEHM890827HHGBRR08', 'AEHM8908277V3', '48108933234', 'DIRECCION', '222', '1989-08-27', '2010-09-01', 1, 12, NULL, 154, 18, 6, 15, NULL, '2021-07-01 10:00:00', '2021-07-02 10:00:00'),
(145, 1, 616, 'HILATURAS', 'HUGO', 'CEREZO', 'DIAZ', 'CEDH900428HPLRZG05', 'CEDH900428970', '48079006721', 'DIRECCION', '222', '1990-04-28', '2011-04-07', 1, 5, NULL, 155, 23, 6, 15, NULL, '2021-07-01 10:00:00', '2021-07-02 10:00:00'),
(146, 1, 641, 'HILATURAS', 'BONY DANIEL', 'GONZALEZ', 'PAREDES', 'GOPB900505HPLNRN00', 'GOPB900505T16', '48119011921', 'DIRECCION', '222', '1990-05-05', '2011-07-25', 1, 0, NULL, 156, 23, 6, 15, NULL, '2021-07-01 10:00:00', '2021-07-02 10:00:00'),
(147, 1, 697, 'HILATURAS', 'ISAIAS', 'ROMERO', 'XICOHTENCATL', 'ROXI820706HTLMCS01', 'ROXI820706MI0', '61998213302', 'DIRECCION', '222', '1982-07-06', '2012-06-05', 1, 1, NULL, 157, 23, 6, 15, NULL, '2021-07-01 10:00:00', '2021-07-02 10:00:00'),
(148, 1, 719, 'HILATURAS', 'GEOVANY', 'AGUILAR', 'RAMIREZ', 'AURG870920HPLGMV05', 'AURG870920KT5', '48128727319', 'DIRECCION', '222', '1987-09-20', '2012-10-18', 1, 4, NULL, 158, 23, 6, 15, NULL, '2021-07-01 10:00:00', '2021-07-02 10:00:00'),
(149, 1, 751, 'HILATURAS', 'ENRIQUE', 'MARTINEZ', 'MARTINEZ', 'MXME930713HPLRRN00', 'MAMX930713NI8', '48119316593', 'DIRECCION', '222', '1993-07-13', '2013-04-13', 1, 14, NULL, 159, 23, 6, 15, NULL, '2021-07-01 10:00:00', '2021-07-02 10:00:00'),
(150, 1, 785, 'HILATURAS', 'RODRIGO', 'RODRIGUEZ', 'CORTES', 'ROCR950212HTLDRD00', 'ROCR950212LX0', '61139501730', 'DIRECCION', '222', '1995-02-12', '2014-07-14', 1, 0, NULL, 160, 23, 6, 15, NULL, '2021-07-01 10:00:00', '2021-07-02 10:00:00'),
(151, 1, 815, 'HILATURAS', 'GIOVANI', 'VEGA', 'TELLEZ', 'VETG900405HPLGLV07', 'VETG9004056TA', '48119051539', 'DIRECCION', '222', '1990-04-05', '2015-03-28', 1, 12, NULL, 161, 23, 6, 15, NULL, '2021-07-01 10:00:00', '2021-07-02 10:00:00'),
(152, 1, 849, 'HILATURAS', 'MARTIN', 'BONILLA', 'MENDOZA', 'BOMM960413HPLNNR05', 'BOMM960413S12', '48139606908', 'DIRECCION', '222', '1996-04-13', '2015-11-13', 1, 4, NULL, 162, 23, 6, 15, NULL, '2021-07-01 10:00:00', '2021-07-02 10:00:00'),
(153, 1, 878, 'HILATURAS', 'HECTOR', 'GARCIA', 'MARQUEZ', 'GAMH920405HPLRRC02', 'GAMH920405UK9', '48129208681', 'DIRECCION', '222', '1992-04-05', '2016-04-09', 1, 9, NULL, 163, 23, 6, 15, NULL, '2021-07-01 10:00:00', '2021-07-02 10:00:00'),
(154, 1, 989, 'HILATURAS', 'OSCAR', 'GARCIA', 'CORONA', 'GACO970525HTLRRS07', 'GACO9705251I0', '28169700680', 'DIRECCION', '222', '1997-05-25', '2020-08-24', 1, 0, NULL, 164, 23, 6, 15, NULL, '2021-07-01 10:00:00', '2021-07-02 10:00:00'),
(155, 1, 1018, 'HILATURAS', 'JULIO CESAR', 'HERNANDEZ', 'CUEVAS', 'HECJ000404HPLRVLA4', 'HECJ000404CH4', '48150080462', 'DIRECCION', '222', '2000-04-04', '2018-02-19', 1, 6, NULL, 165, 23, 6, 15, NULL, '2021-07-01 10:00:00', '2021-07-02 10:00:00'),
(156, 1, 1118, 'HILATURAS', 'JOSE OMAR', 'PEREZ', 'LOPEZ', 'PELO991218HTLRPM10', 'PELO991218SV6', '19189927163', 'DIRECCION', '222', '1999-12-18', '2020-08-24', 1, 0, NULL, 166, 25, 6, 15, NULL, '2021-07-01 10:00:00', '2021-07-02 10:00:00'),
(157, 1, 1139, 'HILATURAS', 'MARCOS', 'LIMON', 'DOMINGUEZ', 'LIDM990425HPLMMR00', 'LIDM99042592A', '5139960321', 'DIRECCION', '222', '1999-04-25', '2020-09-05', 1, 0, NULL, 167, 25, 6, 15, NULL, '2021-07-01 10:00:00', '2021-07-02 10:00:00'),
(158, 1, 1143, 'HILATURAS', 'BRAYAM ALEXIS', 'MORALES', 'PEREZ', 'MOPB980801HPLRRR01', 'MOPB980801QF8', '64159848288', 'DIRECCION', '222', '1998-08-01', '2020-09-05', 1, 0, NULL, 168, 25, 6, 15, NULL, '2021-07-01 10:00:00', '2021-07-02 10:00:00'),
(159, 1, 1145, 'HILATURAS', 'DAVID', 'PEREZ', 'GONZALEZ', 'PEGD011213HTLRNVA9', 'PEGD0112132U0', '74160184714', 'DIRECCION', '222', '2001-12-13', '2020-09-05', 1, 0, NULL, 169, 25, 6, 15, NULL, '2021-07-01 10:00:00', '2021-07-02 10:00:00'),
(160, 1, 1148, 'HILATURAS', 'HELIODORO', 'MARIN', 'REYES', 'MARH900903HMCRYL04', 'MARH900903C6A', '2159055918', 'DIRECCION', '222', '1990-09-03', '2020-09-05', 1, 0, NULL, 170, 25, 6, 15, NULL, '2021-07-01 10:00:00', '2021-07-02 10:00:00'),
(161, 1, 1149, 'HILATURAS', 'LAZARO', 'REYES', 'FLORES', 'REFL821217HTLYLZ09', 'REFL821217P83', '1138209059', 'DIRECCION', '222', '1982-12-17', '2020-09-05', 1, 0, NULL, 171, 25, 6, 15, NULL, '2021-07-01 10:00:00', '2021-07-02 10:00:00'),
(162, 1, 1165, 'HILATURAS', 'EZEQUIEL', 'LAZCANO', 'PICHARDO', 'LAPE010417HPLZCZA6', 'LAPE010417IU1', '24130176399', 'DIRECCION', '222', '2001-04-17', '2020-09-19', 1, 0, NULL, 172, 23, 6, 15, NULL, '2021-07-01 10:00:00', '2021-07-02 10:00:00'),
(163, 1, 1171, 'HILATURAS', 'ANTONIO', 'RAMOS', 'RUIZ', 'RARA991221HPLMZN05', 'RARA991221U14', '5199907444', 'DIRECCION', '222', '1999-12-21', '2020-09-19', 1, 0, NULL, 173, 25, 6, 15, NULL, '2021-07-01 10:00:00', '2021-07-02 10:00:00'),
(164, 1, 1181, 'HILATURAS', 'OSCAR DAVID', 'LEON', 'RAMOS', 'LERO970105HPLNMS04', 'LERO9701055Q1', '18179741261', 'DIRECCION', '222', '1997-01-05', '2020-09-22', 1, 0, NULL, 174, 25, 6, 15, NULL, '2021-07-01 10:00:00', '2021-07-02 10:00:00'),
(165, 1, 1187, 'HILATURAS', 'ROBERTO CARLOS', 'TLALOLINI', 'ROMERO', 'TARR010623HPLLMBA6', 'TARR0106231BA', '19150120830', 'DIRECCION', '222', '2001-06-23', '2020-10-03', 1, 0, NULL, 175, 25, 6, 15, NULL, '2021-07-01 10:00:00', '2021-07-02 10:00:00'),
(166, 1, 1192, 'HILATURAS', 'RAUL', 'GONZALEZ', 'NICOLAS', 'GONR000520HPLNCLA4', 'GONR000520MB8', '5200062627', 'DIRECCION', '222', '2000-05-20', '2020-10-06', 1, 0, NULL, 176, 25, 6, 15, NULL, '2021-07-01 10:00:00', '2021-07-02 10:00:00'),
(167, 1, 1196, 'HILATURAS', 'BERNARDO', 'GUZMAN', 'ROMERO', 'GURB970121HTLZMR01', 'GURB970121IZ6', '11169793822', 'DIRECCION', '222', '1997-01-21', '2020-10-19', 1, 0, NULL, 177, 25, 6, 15, NULL, '2021-07-01 10:00:00', '2021-07-02 10:00:00'),
(168, 1, 1197, 'HILATURAS', 'JOSE CRUZ', 'ELIOSA', 'LARA', 'EILC920503HTLLRR09', 'EILC920503CJ6', '61109205056', 'DIRECCION', '222', '1992-05-03', '2021-03-23', 1, 0, NULL, 178, 25, 6, 15, NULL, '2021-07-01 10:00:00', '2021-07-02 10:00:00'),
(169, 1, 163, 'HILATURAS', 'ARTURO', 'ROJAS', 'ROJAS', 'RORA760924HPLJJR03', 'RORA760924B61', '62967608399', 'DIRECCION', '222', '1976-09-24', '2002-01-22', 1, 13, NULL, 179, 18, 8, 15, NULL, '2021-07-01 10:00:00', '2021-07-02 10:00:00'),
(170, 1, 556, 'HILATURAS', 'MARTIN', 'PE?A', 'BENAVIDES', 'PEBM710130HPLXNR06', 'PEBM7101307P0', '62897112926', 'DIRECCION', '222', '1971-01-30', '2009-10-05', 1, 7, NULL, 180, 19, 8, 15, NULL, '2021-07-01 10:00:00', '2021-07-02 10:00:00'),
(171, 1, 571, 'HILATURAS', 'ALBERTO', 'HERNANDEZ', 'RAMIREZ', 'HERA870706HPLRML09', 'HERA870706U72', '61078701028', 'DIRECCION', '222', '1987-07-06', '2010-01-04', 1, 3, NULL, 181, 23, 8, 15, NULL, '2021-07-01 10:00:00', '2021-07-02 10:00:00'),
(172, 1, 683, 'HILATURAS', 'LUIS', 'RAMIREZ', 'JUAREZ', 'RAJL910621HPLMRS00', 'RAJL910621SD0', '48099104316', 'DIRECCION', '222', '1991-06-21', '2012-01-26', 1, 7, NULL, 182, 18, 8, 15, NULL, '2021-07-01 10:00:00', '2021-07-02 10:00:00'),
(173, 1, 756, 'HILATURAS', 'IVAN', 'MENA', 'PEREZ', 'MEPI921028HTLNRV09', 'MEPI921028MB1', '61119222588', 'DIRECCION', '222', '1992-10-28', '2013-05-13', 1, 0, NULL, 183, 23, 8, 15, NULL, '2021-07-01 10:00:00', '2021-07-02 10:00:00'),
(174, 1, 773, 'HILATURAS', 'GREGORIO', 'GUZMAN', 'MARTINEZ', 'GUMG790903HTLZRR04', 'GUMG790903H33', '61957915194', 'DIRECCION', '222', '1979-09-03', '2014-04-07', 1, 14, NULL, 184, 23, 8, 15, NULL, '2021-07-01 10:00:00', '2021-07-02 10:00:00'),
(175, 1, 774, 'HILATURAS', 'JORGE URIEL', 'AGUILAR', 'CARO', 'AUCJ920424HPLGRR04', 'AUCJ9204241ZA', '48119244290', 'DIRECCION', '222', '1992-04-24', '2014-04-12', 1, 13, NULL, 185, 23, 8, 15, NULL, '2021-07-01 10:00:00', '2021-07-02 10:00:00'),
(176, 1, 821, 'HILATURAS', 'JOSE EDUARDO', 'NERI', 'ROJAS', 'NERE950102HPLRJD01', 'NERE950102F80', '48139531437', 'DIRECCION', '222', '1995-01-02', '2015-04-25', 1, 13, NULL, 186, 23, 8, 15, NULL, '2021-07-01 10:00:00', '2021-07-02 10:00:00'),
(177, 1, 854, 'HILATURAS', 'JULIO CESAR', 'MU?OZ', 'MU?OZ', 'MUMJ801104HPLXXL06', 'MUMJ8011042V4', '61998013777', 'DIRECCION', '222', '1980-11-04', '2016-01-19', 1, 11, NULL, 187, 23, 8, 15, NULL, '2021-07-01 10:00:00', '2021-07-02 10:00:00'),
(178, 1, 861, 'HILATURAS', 'JESUS', 'MU?OZ', 'XICOHTENCATL', 'MUXJ940319HPLXCS07', 'MUXJ9403194N0', '48139441926', 'DIRECCION', '222', '1994-03-19', '2016-02-20', 1, 9, NULL, 188, 23, 8, 15, NULL, '2021-07-01 10:00:00', '2021-07-02 10:00:00'),
(179, 1, 865, 'HILATURAS', 'DAVID', 'HERRERA', 'CORTES', 'HECD920128HPLRRV02', 'HECD920128P73', '48109202688', 'DIRECCION', '222', '1992-01-28', '2016-02-27', 1, 8, NULL, 189, 23, 8, 15, NULL, '2021-07-01 10:00:00', '2021-07-02 10:00:00'),
(180, 1, 868, 'HILATURAS', 'FRANCISCO', 'ZAMORA', 'RODRIGUEZ', 'ZARF950917HPLMDR06', 'ZARF950917F26', '48139500341', 'DIRECCION', '222', '1995-09-17', '2016-02-27', 1, 11, NULL, 190, 23, 8, 15, NULL, '2021-07-01 10:00:00', '2021-07-02 10:00:00'),
(181, 1, 886, 'HILATURAS', 'DOLORES', 'GOMEZ', 'OLVERA', 'GOOD831002HHGMLL03', 'GOOD831002UJ0', '37018316218', 'DIRECCION', '222', '1983-10-02', '2016-05-07', 1, 14, NULL, 191, 27, 8, 15, NULL, '2021-07-01 10:00:00', '2021-07-02 10:00:00'),
(182, 1, 896, 'HILATURAS', 'JOSE MIGUEL', 'GARCIA', 'DE ANGEL', 'GAAM830820HPLRNG09', 'GAAM830820EN2', '48018377324', 'DIRECCION', '222', '1983-08-20', '2016-06-13', 1, 1, NULL, 192, 20, 8, 15, NULL, '2021-07-01 10:00:00', '2021-07-02 10:00:00'),
(183, 1, 897, 'HILATURAS', 'RAUL', 'BONILLA', 'MENDOZA', 'BOMR940601HPLNNL08', 'BOMR9406018G3', '48139480346', 'DIRECCION', '222', '1994-06-01', '2016-06-18', 1, -1, NULL, 193, 23, 8, 15, NULL, '2021-07-01 10:00:00', '2021-07-02 10:00:00'),
(184, 1, 898, 'HILATURAS', 'JOSE DE JESUS', 'MINOR', 'SALAS', 'MISJ940516HPLNLS02', 'MISJ940516315', '48139445109', 'DIRECCION', '222', '1994-05-16', '2016-06-25', 1, 0, NULL, 194, 23, 8, 15, NULL, '2021-07-01 10:00:00', '2021-07-02 10:00:00'),
(185, 1, 903, 'HILATURAS', 'ARMANDO', 'PALETA', 'CARVENTE', 'PACA731027HPLLRR03', 'PACA731027DX6', '62927393108', 'DIRECCION', '222', '1973-10-27', '2016-07-21', 1, 5, NULL, 195, 23, 8, 15, NULL, '2021-07-01 10:00:00', '2021-07-02 10:00:00'),
(186, 1, 932, 'HILATURAS', 'FERMIN', 'TORRES', 'REYES', 'TORF890227HPLRYR00', 'TORF8902277G2', '61128901503', 'DIRECCION', '222', '1989-02-27', '2016-11-05', 1, 2, NULL, 196, 25, 8, 15, NULL, '2021-07-01 10:00:00', '2021-07-02 10:00:00'),
(187, 1, 935, 'HILATURAS', 'JUAN JESUS', 'CEREZO', 'DIAZ', 'CEDJ980804HPLRZN02', 'CEDJ980804DE2', '62159872134', 'DIRECCION', '222', '1998-08-04', '2016-11-23', 1, 1, NULL, 197, 23, 8, 15, NULL, '2021-07-01 10:00:00', '2021-07-02 10:00:00'),
(188, 1, 938, 'HILATURAS', 'JOSE LUIS', 'ALVARADO', 'LOPEZ', 'AALL770603HTLLPS09', 'AALL770603PY6', '62957709066', 'DIRECCION', '222', '1977-06-03', '2017-01-06', 1, 8, NULL, 198, 23, 8, 15, NULL, '2021-07-01 10:00:00', '2021-07-02 10:00:00'),
(189, 1, 954, 'HILATURAS', 'OSCAR', 'ALVARADO', 'TEPOXTECATL', 'AATO820221HPLLPS06', 'AATO8202211I7', '48988202254', 'DIRECCION', '222', '1982-02-21', '2017-03-03', 1, 0, NULL, 199, 23, 8, 15, NULL, '2021-07-01 10:00:00', '2021-07-02 10:00:00'),
(190, 1, 972, 'HILATURAS', 'IVAN', 'MENDEZ', 'HERNANDEZ', 'MEHI940831HPLNRV02', 'MEHI940831TH8', '48139429590', 'DIRECCION', '222', '1994-08-31', '2017-04-25', 1, 9, NULL, 200, 23, 8, 15, NULL, '2021-07-01 10:00:00', '2021-07-02 10:00:00'),
(191, 1, 998, 'HILATURAS', 'HECTOR JESUS', 'GUEVARA', 'LEA?OS', 'GULH760805HMSVXC09', 'GULH7608056Z4', '62907600290', 'DIRECCION', '222', '1976-08-05', '2017-09-18', 1, 4, NULL, 201, 21, 8, 15, NULL, '2021-07-01 10:00:00', '2021-07-02 10:00:00'),
(192, 1, 1000, 'HILATURAS', 'JORGE', 'PEREZ', 'GONZALEZ', 'PEGJ990715HTLRNR00', 'PEGJ990715AB0', '82169968664', 'DIRECCION', '222', '1999-07-15', '2017-09-25', 1, 4, NULL, 202, 23, 8, 15, NULL, '2021-07-01 10:00:00', '2021-07-02 10:00:00'),
(193, 1, 1001, 'HILATURAS', 'JUAN CARLOS', 'BONILLA', 'DE LA CRUZ', 'BOCJ840918HTLNRN07', 'BOCJ8409185W4', '61018400137', 'DIRECCION', '222', '1984-09-18', '2017-09-29', 1, -1, NULL, 203, 23, 8, 15, NULL, '2021-07-01 10:00:00', '2021-07-02 10:00:00'),
(194, 1, 1007, 'HILATURAS', 'CRISTIAN JESUS', 'ORTIZ', 'FUENTES', 'OIFC960303HPLRNR00', 'OIFC960303DQ0', '27149658331', 'DIRECCION', '222', '1996-03-03', '2018-01-13', 1, 6, NULL, 204, 23, 8, 15, NULL, '2021-07-01 10:00:00', '2021-07-02 10:00:00'),
(195, 1, 1013, 'HILATURAS', 'VICTOR', 'ESTEBAN', 'HERNANDEZ', 'EEHV981024HPLSRC03', 'EEHV9810243K5', '27179867752', 'DIRECCION', '222', '1998-10-24', '2018-02-01', 1, 8, NULL, 205, 23, 8, 15, NULL, '2021-07-01 10:00:00', '2021-07-02 10:00:00'),
(196, 1, 1014, 'HILATURAS', 'RAYMUNDO', 'PEREZ', 'VERGARA', 'PEVR940821HPLRRY06', 'PEVR940821GG4', '2179455916', 'DIRECCION', '222', '1994-08-21', '2018-02-10', 1, 4, NULL, 206, 23, 8, 15, NULL, '2021-07-01 10:00:00', '2021-07-02 10:00:00'),
(197, 1, 1015, 'HILATURAS', 'JUAN CARLOS', 'GARCIA', 'RAMOS', 'GARJ931221HPLRMN00', 'GARJ931221CM1', '48139352602', 'DIRECCION', '222', '1993-12-21', '2018-02-10', 1, 9, NULL, 207, 23, 8, 15, NULL, '2021-07-01 10:00:00', '2021-07-02 10:00:00'),
(198, 1, 1016, 'HILATURAS', 'DAVID', 'CAMACHO', 'GARCIA', 'CAGD981230HPLMRV07', 'CAGD981230D54', '20169870407', 'DIRECCION', '222', '1998-12-30', '2018-02-12', 1, 8, NULL, 208, 23, 8, 15, NULL, '2021-07-01 10:00:00', '2021-07-02 10:00:00'),
(199, 1, 1036, 'HILATURAS', 'RICARDO', 'ROSALES', 'ROSETE', 'RORR990828HPLSSC09', 'RORR990828125', '17189973229', 'DIRECCION', '222', '1999-08-28', '2018-05-07', 1, 3, NULL, 209, 25, 8, 15, NULL, '2021-07-01 10:00:00', '2021-07-02 10:00:00'),
(200, 1, 1037, 'HILATURAS', 'RICARDO', 'SOLIS', 'LOPEZ', 'SOLR880926HPLLPC09', 'SOLR880926JY1', '61078812692', 'DIRECCION', '222', '1988-09-26', '2018-05-08', 1, 10, NULL, 210, 23, 8, 15, NULL, '2021-07-01 10:00:00', '2021-07-02 10:00:00'),
(201, 1, 1056, 'HILATURAS', 'BRANDON', 'PEREZ', 'RAMIREZ', 'PERB000818HPLRMRA5', 'PERB000818C43', '40160050429', 'DIRECCION', '222', '2000-08-18', '2019-01-12', 1, 2, NULL, 211, 25, 8, 15, NULL, '2021-07-01 10:00:00', '2021-07-02 10:00:00'),
(202, 1, 1074, 'HILATURAS', 'IGNACIO', 'SANCHEZ', 'HERNANDEZ', 'SAHI910120HTLNRG09', 'SAHI910120D20', '2199133055', 'DIRECCION', '222', '1991-01-20', '2019-01-29', 1, 5, NULL, 212, 23, 8, 15, NULL, '2021-07-01 10:00:00', '2021-07-02 10:00:00'),
(203, 1, 1079, 'HILATURAS', 'JOSE DANIEL', 'OLMEDO', 'ROJAS', 'OERD940912HPLLJN00', 'OERD9409127L3', '48129483490', 'DIRECCION', '222', '1994-09-12', '2019-01-31', 1, 6, NULL, 213, 23, 8, 15, NULL, '2021-07-01 10:00:00', '2021-07-02 10:00:00'),
(204, 1, 1082, 'HILATURAS', 'OCTAVIO', 'ROBLES', 'PACHECO', 'ROPO900901HPLBCC03', 'ROPO900901C19', '61139001913', 'DIRECCION', '222', '1990-09-01', '2019-02-11', 1, 4, NULL, 214, 23, 8, 15, NULL, '2021-07-01 10:00:00', '2021-07-02 10:00:00'),
(205, 1, 1094, 'HILATURAS', 'EDUARDO', 'SALGADO', 'CHEPE', 'SACE970201HPLLHD02', 'SACE970201M61', '33169797025', 'DIRECCION', '222', '1997-02-01', '2019-04-06', 1, 4, NULL, 215, 25, 8, 15, NULL, '2021-07-01 10:00:00', '2021-07-02 10:00:00'),
(206, 1, 1114, 'HILATURAS', 'HUGO', 'ARROYO', 'TORRES', 'AOTH901011HTLRRG01', 'AOTH901011DQ2', '61109000267', 'DIRECCION', '222', '1990-10-11', '2020-01-13', 1, 3, NULL, 216, 23, 8, 15, NULL, '2021-07-01 10:00:00', '2021-07-02 10:00:00'),
(207, 1, 1115, 'HILATURAS', 'ALEJANDRO', 'HUERTA', 'MARTINEZ', 'HUMA000627HPLRRLA7', 'HUMA000627LD2', '31160066416', 'DIRECCION', '222', '2000-06-27', '2020-01-13', 1, 5, NULL, 217, 23, 8, 15, NULL, '2021-07-01 10:00:00', '2021-07-02 10:00:00');
INSERT INTO `perfiles_usuarios` (`id`, `IdUser`, `IdEmp`, `Empresa`, `Nombre`, `ApPat`, `ApMat`, `Curp`, `Rfc`, `Nss`, `Direccion`, `Telefono`, `Cumpleaños`, `FecIng`, `Antiguedad`, `DiasVac`, `jefe_id`, `user_id`, `Puesto_id`, `Departamento_id`, `jefes_areas_id`, `deleted_at`, `created_at`, `updated_at`) VALUES
(208, 1, 1117, 'HILATURAS', 'ADRIAN ASAEL', 'HERNANDEZ', 'SANCHEZ', 'HESA011208HPLRNDA8', 'HESA011208E63', '2200197412', 'DIRECCION', '222', '2001-12-08', '2020-01-15', 1, 5, NULL, 218, 23, 8, 15, NULL, '2021-07-01 10:00:00', '2021-07-02 10:00:00'),
(209, 1, 1120, 'HILATURAS', 'JAIME', 'HERNANDEZ', 'HERNANDEZ', 'HEHJ880727HVZRRM09', 'HEHJ880727EMA', '4138874195', 'DIRECCION', '222', '1988-07-27', '2020-02-10', 1, 4, NULL, 219, 25, 8, 15, NULL, '2021-07-01 10:00:00', '2021-07-02 10:00:00'),
(210, 1, 1123, 'HILATURAS', 'JOSE', 'FRANCISCO', 'DE LUNA', 'FALJ990713HVZRNS07', 'FALJ990713U39', '50169957789', 'DIRECCION', '222', '1999-07-13', '2020-02-24', 1, 3, NULL, 220, 25, 8, 15, NULL, '2021-07-01 10:00:00', '2021-07-02 10:00:00'),
(211, 1, 1130, 'HILATURAS', 'CARMELO', 'VALENCIA', 'ROJAS', 'VARC780716HTLLJR06', 'VARC7807164A5', '61967808413', 'DIRECCION', '222', '1978-07-16', '2020-08-22', 1, 0, NULL, 221, 25, 8, 15, NULL, '2021-07-01 10:00:00', '2021-07-02 10:00:00'),
(212, 1, 1151, 'HILATURAS', 'MIGUEL', 'CARRILLO', 'GUEVARA', 'CAGM810929HTLRVG05', 'CAGM8109297H6', '48988119375', 'DIRECCION', '222', '1981-09-29', '2020-09-05', 1, 0, NULL, 222, 25, 8, 15, NULL, '2021-07-01 10:00:00', '2021-07-02 10:00:00'),
(213, 1, 1156, 'HILATURAS', 'FERNANDO', 'GONZALEZ', 'DOMINGUEZ', 'GODF710705HPLNMR00', 'GODF710705JY6', '62907122428', 'DIRECCION', '222', '1971-07-05', '2020-09-17', 1, 0, NULL, 223, 25, 8, 15, NULL, '2021-07-01 10:00:00', '2021-07-02 10:00:00'),
(214, 1, 1202, 'HILATURAS', 'JONATAN', 'HERNANDEZ', 'CUEVAS', 'HECJ020906HPLRVNA9', 'HECJ020906K98', '50170221985', 'DIRECCION', '222', '2002-09-06', '2020-11-20', 1, 0, NULL, 224, 25, 8, 15, NULL, '2021-07-01 10:00:00', '2021-07-02 10:00:00'),
(215, 1, 1205, 'HILATURAS', 'OSCAR ARTURO', 'SALDA?A', 'SANCHEZ', 'SASO920531HPLLNS05', 'SASO920531UZ9', '3159258551', 'DIRECCION', '222', '1992-05-31', '2020-11-30', 1, 0, NULL, 225, 25, 8, 15, NULL, '2021-07-01 10:00:00', '2021-07-02 10:00:00'),
(216, 1, 1208, 'HILATURAS', 'DAVID ANTONIO', 'VERA', 'GONZALEZ', 'VEGD970712HVZRNV09', 'VEGD970712SR7', '84159722846', 'DIRECCION', '222', '1997-07-12', '2020-12-07', 1, 0, NULL, 226, 25, 8, 15, NULL, '2021-07-01 10:00:00', '2021-07-02 10:00:00'),
(217, 1, 1209, 'HILATURAS', 'BRYAN EDUARDO', 'LEON', 'LOPEZ', 'LELB011014HPLNPRA5', 'LELB011014953', '56190165169', 'DIRECCION', '222', '2001-10-14', '2020-12-07', 1, 0, NULL, 227, 25, 8, 15, NULL, '2021-07-01 10:00:00', '2021-07-02 10:00:00'),
(218, 1, 1222, 'HILATURAS', 'ALAN GABRIEL', 'RAMIREZ', 'HERNANDEZ', 'RAHA021110HPLMRLA6', 'RAHA021110696', '5210294798', 'DIRECCION', '222', '2002-11-10', '2021-02-20', 1, 0, NULL, 228, 25, 8, 15, NULL, '2021-07-01 10:00:00', '2021-07-02 10:00:00'),
(219, 1, 1223, 'HILATURAS', 'ISRAEL', 'MU?OZ', 'SAUCEDO', 'MUSI811228HTLXCS05', 'MUSI8112287XA', '61968102899', 'DIRECCION', '222', '1981-12-28', '2021-02-20', 1, 0, NULL, 229, 25, 8, 15, NULL, '2021-07-01 10:00:00', '2021-07-02 10:00:00'),
(220, 1, 1226, 'HILATURAS', 'CRISTIAN', 'BERNALDINO', 'HERNANDEZ', 'BEHC981029HPLRRR09', 'BEHC981029ANA', '2189894161', 'DIRECCION', '222', '1998-10-29', '2021-03-01', 1, 0, NULL, 230, 25, 8, 15, NULL, '2021-07-01 10:00:00', '2021-07-02 10:00:00'),
(221, 1, 1227, 'HILATURAS', 'JULIAN', 'MARTINEZ', 'RAMIREZ', 'MARJ800625HVZRML01', 'MARJ800625IB4', '65988052281', 'DIRECCION', '222', '1980-06-25', '2021-03-01', 1, 0, NULL, 231, 25, 8, 15, NULL, '2021-07-01 10:00:00', '2021-07-02 10:00:00'),
(222, 1, 1228, 'HILATURAS', 'FERNANDO YONATAN', 'ZAMORA', 'HERNANDEZ', 'ZAHF970920HPLMRR17', 'ZAHF970920UF5', '18179767654', 'DIRECCION', '222', '1997-09-20', '2021-03-01', 1, 0, NULL, 232, 25, 8, 15, NULL, '2021-07-01 10:00:00', '2021-07-02 10:00:00'),
(223, 1, 1229, 'HILATURAS', 'LUIS ENRIQUE', 'RODRIGUEZ', 'CABRERA', 'ROCL980113HPLDBS06', 'ROCL980113984', '2169896772', 'DIRECCION', '222', '1998-01-13', '2021-03-01', 1, 0, NULL, 233, 25, 8, 15, NULL, '2021-07-01 10:00:00', '2021-07-02 10:00:00'),
(224, 1, 1231, 'HILATURAS', 'FRANCISCO', 'TORRES', 'FLORES', 'TOFF680830HPLRLR02', 'TOFF680830F44', '62896822673', 'DIRECCION', '222', '1968-08-30', '2021-03-06', 1, 0, NULL, 234, 23, 8, 15, NULL, '2021-07-01 10:00:00', '2021-07-02 10:00:00'),
(225, 1, 1232, 'HILATURAS', 'JOSE ALFREDO', 'ALVARADO', 'LOPEZ', 'AALA710313HPLLPL07', 'AALA7103133E2', '62877073551', 'DIRECCION', '222', '1971-03-13', '2021-03-06', 1, 0, NULL, 235, 23, 8, 15, NULL, '2021-07-01 10:00:00', '2021-07-02 10:00:00'),
(226, 1, 1235, 'HILATURAS', 'FERNANDO', 'MADRIGAL', 'RANGEL', 'MARF950115HPLDNR06', 'MARF950115L26', '27159568073', 'DIRECCION', '222', '1995-01-15', '2021-03-06', 1, 0, NULL, 236, 22, 8, 15, NULL, '2021-07-01 10:00:00', '2021-07-02 10:00:00'),
(227, 1, 1237, 'HILATURAS', 'PEDRO', 'GALVAN', 'MAYEN', 'GAMP750629HPLLYD02', 'GAMP750629PA9', '62927507442', 'DIRECCION', '222', '1975-06-29', '2021-03-08', 1, 0, NULL, 237, 21, 8, 15, NULL, '2021-07-01 10:00:00', '2021-07-02 10:00:00'),
(228, 1, 1238, 'HILATURAS', 'ALAN MOISES', 'TERCERO', 'CAMARGO', 'TECA960930HPLRML02', 'TECA9609303X2', '17169667924', 'DIRECCION', '222', '1996-09-30', '2021-03-20', 1, 0, NULL, 238, 25, 8, 15, NULL, '2021-07-01 10:00:00', '2021-07-02 10:00:00'),
(229, 1, 1239, 'HILATURAS', 'JOSE HUMBERTO', 'PEREZ', 'LUNA', 'PELH991012HPLRNM08', 'PELH991012B84', '2219946668', 'DIRECCION', '222', '1999-10-12', '2021-03-22', 1, 0, NULL, 239, 25, 8, 15, NULL, '2021-07-01 10:00:00', '2021-07-02 10:00:00'),
(230, 1, 1250, 'HILATURAS', 'FERNANDO', 'MENDOZA', 'REYES', 'MERF841220HVZNYR00', 'MERF841220639', '71098416630', 'DIRECCION', '222', '1984-12-20', '2021-04-19', 1, 0, NULL, 240, 25, 8, 15, NULL, '2021-07-01 10:00:00', '2021-07-02 10:00:00'),
(231, 1, 1252, 'HILATURAS', 'MARCO ANTONIO', 'ALDUCIN', 'LOPEZ', 'AULM900510HPLLPR09', 'AULM900510H45', '48119032257', 'DIRECCION', '222', '1990-05-10', '2021-04-22', 1, 0, NULL, 241, 22, 8, 15, NULL, '2021-07-01 10:00:00', '2021-07-02 10:00:00'),
(232, 1, 1257, 'HILATURAS', 'EDUARDO', 'RENDON', 'ROSAS', 'RERE011027HVZNSDA6', 'RERE011027DE0', '25190174703', 'DIRECCION', '222', '2001-10-27', '2021-05-17', 1, 0, NULL, 242, 25, 8, 15, NULL, '2021-07-01 10:00:00', '2021-07-02 10:00:00'),
(233, 1, 1259, 'HILATURAS', 'CARLOS ARMANDO', 'ROSAS', 'DE LA LUZ', 'ROLC970615HPLSZR00', 'ROLC9706159G4', '65169777326', 'DIRECCION', '222', '1997-06-15', '2021-05-17', 1, 0, NULL, 243, 25, 8, 15, NULL, '2021-07-01 10:00:00', '2021-07-02 10:00:00'),
(234, 1, 1260, 'HILATURAS', 'JONATHAN', 'HERNANDEZ', 'GARCIA', 'HEGJ950626HOCRRN00', 'HEGJ950626SS9', '5129565809', 'DIRECCION', '222', '1995-06-26', '2021-05-18', 1, 0, NULL, 244, 25, 8, 15, NULL, '2021-07-01 10:00:00', '2021-07-02 10:00:00'),
(235, 1, 1261, 'HILATURAS', 'JUAN CARLOS', 'DE LA ROSA', 'CASTILLO', 'ROCJ940505HPLSSN02', 'ROCJ940505QIA', '48129474044', 'DIRECCION', '222', '1994-05-05', '2021-05-18', 1, 0, NULL, 245, 25, 8, 15, NULL, '2021-07-01 10:00:00', '2021-07-02 10:00:00'),
(236, 1, 1262, 'HILATURAS', 'JOSE DOLORES', 'JIMENEZ', 'COSTE?O', 'JICD740405HTLMSL05', 'JICD740405KP3', '61937421750', 'DIRECCION', '222', '1974-04-05', '2021-05-24', 1, 0, NULL, 246, 22, 8, 15, NULL, '2021-07-01 10:00:00', '2021-07-02 10:00:00'),
(237, 1, 1264, 'HILATURAS', 'FRANCISCO', 'SOSA', 'CASTA?EDA', 'SOCF010730HPLSSRA7', 'SOCF010730S94', '28130101323', 'DIRECCION', '222', '2001-07-30', '2021-06-01', 1, 0, NULL, 247, 25, 8, 15, NULL, '2021-07-01 10:00:00', '2021-07-02 10:00:00'),
(238, 1, 1269, 'HILATURAS', 'JORGE ALI', 'CABALLERO', 'DE LARA', 'CALJ010416HPLBRRA7', 'CALJ0104164D7', '53190124890', 'DIRECCION', '222', '2001-04-16', '2021-06-07', 1, 0, NULL, 248, 25, 8, 15, NULL, '2021-07-01 10:00:00', '2021-07-02 10:00:00'),
(239, 1, 1270, 'HILATURAS', 'GEOVANY', 'ZEPEDA', 'OLMOS', 'ZEOG990924HPLPLV02', 'ZEOG990924LF0', '14139909338', 'DIRECCION', '222', '1999-09-24', '2021-06-14', 1, 0, NULL, 249, 25, 8, 15, NULL, '2021-07-01 10:00:00', '2021-07-02 10:00:00'),
(240, 1, 1271, 'HILATURAS', 'JOSE EDUARDO', 'SANCHEZ', 'BARONA', 'SABE000106HPLNRDA7', 'SABE000106SL7', '6130021857', 'DIRECCION', '222', '2000-01-06', '2021-06-14', 1, 0, NULL, 250, 25, 8, 15, NULL, '2021-07-01 10:00:00', '2021-07-02 10:00:00'),
(241, 1, 1273, 'HILATURAS', 'CRISTIAN', 'DE LA ROSA', 'MARTINEZ', 'ROMC021231HPLSRRA5', 'ROMC021231MI6', '26210231887', 'DIRECCION', '222', '2002-12-31', '2021-06-15', 1, 0, NULL, 251, 25, 8, 15, NULL, '2021-07-01 10:00:00', '2021-07-02 10:00:00'),
(242, 1, 328, 'HILATURAS', 'ISRAEL AGUSTIN', 'JUAREZ', 'SANCHEZ', 'JUSI810828HPLRNS09', 'JUSI810828TW8', '48998103864', 'DIRECCION', '222', '1981-08-28', '2004-07-07', 1, 9, NULL, 252, 54, 9, 3, NULL, '2021-07-01 10:00:00', '2021-07-02 10:00:00'),
(243, 1, 820, 'HILATURAS', 'ALEX IVAN', 'PAISANO', 'PEREZ', 'PAPA960425HPLSRL09', 'PAPA9604253K2', '27149698873', 'DIRECCION', '222', '1996-04-25', '2015-04-25', 1, 6, NULL, 253, 30, 9, 3, NULL, '2021-07-01 10:00:00', '2021-07-02 10:00:00'),
(244, 1, 1043, 'HILATURAS', 'GAEL', 'BONILLA', 'MENA', 'BOMG920325HTLNNL03', 'BOMG9203253Q3', '5179249536', 'DIRECCION', '222', '1992-03-25', '2018-07-19', 1, 2, NULL, 254, 30, 9, 3, NULL, '2021-07-01 10:00:00', '2021-07-02 10:00:00'),
(245, 1, 1266, 'HILATURAS', 'JUAN MANUEL', 'SALDIVAR', 'ORTIZ', 'SAOJ950417HMCLRN15', 'SAOJ950417AZ1', '96139531121', 'DIRECCION', '222', '1995-04-17', '2021-06-01', 1, 0, NULL, 255, 30, 9, 3, NULL, '2021-07-01 10:00:00', '2021-07-02 10:00:00'),
(246, 1, 149, 'HILATURAS', 'MAXIMINO', 'OJEDA', 'CONDE', 'OECM760414MPLJNX01', 'OECM760414221', '62977615970', 'DIRECCION', '222', '1976-04-14', '2000-12-23', 1, 16, NULL, 256, 55, 10, 16, NULL, '2021-07-01 10:00:00', '2021-07-02 10:00:00'),
(247, 1, 265, 'HILATURAS', 'CARLOS', 'ZAMORA', 'RAMIREZ', 'ZARC790710HPLMMR06', 'ZARC7907107J8', '48957904914', 'DIRECCION', '222', '1979-07-10', '2003-08-26', 1, 14, NULL, 257, 56, 10, 16, NULL, '2021-07-01 10:00:00', '2021-07-02 10:00:00'),
(248, 1, 970, 'HILATURAS', 'NARCISO', 'GARCIA', 'MESTIZO', 'GAMN680718HVZRSR02', 'GAMN6807182I6', '65846758236', 'DIRECCION', '222', '1968-07-18', '2017-04-24', 1, 6, NULL, 258, 57, 10, 16, NULL, '2021-07-01 10:00:00', '2021-07-02 10:00:00'),
(249, 1, 1011, 'HILATURAS', 'GERARDO', 'HERNANDEZ', 'LOBATO', 'HELG980406HPLRBR00', 'HELG9804063Q9', '50169864993', 'DIRECCION', '222', '1998-04-06', '2018-02-24', 1, 9, NULL, 259, 32, 10, 16, NULL, '2021-07-01 10:00:00', '2021-07-02 10:00:00'),
(250, 1, 1207, 'HILATURAS', 'GABRIEL SERGIO', 'VAZQUEZ', 'MENDIZABAL', 'VAMG880324HPLZNB08', 'VAMG8803246B8', '8148830840', 'DIRECCION', '222', '1988-03-24', '2020-12-07', 1, 0, NULL, 260, 32, 10, 16, NULL, '2021-07-01 10:00:00', '2021-07-02 10:00:00'),
(251, 1, 1215, 'HILATURAS', 'MOISES', 'RAMIREZ', 'SANCHEZ', 'RASM810815HPLMNS01', 'RASM810815826', '62978106581', 'DIRECCION', '222', '1981-08-15', '2021-01-28', 1, 0, NULL, 261, 57, 10, 16, NULL, '2021-07-01 10:00:00', '2021-07-02 10:00:00'),
(252, 1, 1263, 'HILATURAS', 'ISRAEL', 'CORONA', 'HERNANDEZ', 'COHI870415HTLRRS04', 'COHI870415CN7', '48118723690', 'DIRECCION', '222', '1987-04-15', '2021-06-01', 1, 0, NULL, 262, 58, 10, 2, NULL, '2021-07-01 10:00:00', '2021-07-02 10:00:00'),
(253, 1, 5, 'HILATURAS', 'JOSE SERGIO', 'OTERO', 'JIMENEZ', 'OEJS680909HPLTMR09', 'OEJS6809092K8', '62876818535', 'DIRECCION', '222', '1968-09-09', '2010-05-22', 1, 17, NULL, 263, 19, 11, 17, NULL, '2021-07-01 10:00:00', '2021-07-02 10:00:00'),
(254, 1, 399, 'HILATURAS', 'LUCIANO', 'GOMEZ', 'GUTIERREZ', 'GOGL740109HPLMTC04', 'GOGL740109T79', '62917435505', 'DIRECCION', '222', '1974-01-09', '2005-08-29', 1, 5, NULL, 264, 20, 11, 17, NULL, '2021-07-01 10:00:00', '2021-07-02 10:00:00'),
(255, 1, 516, 'HILATURAS', 'RAFAEL', 'PARRAGUIRRE', 'GARCIA', 'PAGR731025HPLRRF01', 'PAGR731025I91', '62907363410', 'DIRECCION', '222', '1973-10-25', '2010-05-22', 1, 14, NULL, 265, 59, 11, 2, NULL, '2021-07-01 10:00:00', '2021-07-02 10:00:00'),
(256, 1, 573, 'HILATURAS', 'ISMAEL', 'ZAMBRANO', 'PEREZ', 'ZAPI790617HTLMRS01', 'ZAPI790617PT1', '61947902864', 'DIRECCION', '222', '1979-06-17', '2010-01-08', 1, 11, NULL, 266, 60, 11, 17, NULL, '2021-07-01 10:00:00', '2021-07-02 10:00:00'),
(257, 1, 666, 'HILATURAS', 'SALOMON', 'PEREZ', 'LUNA', 'PELS930407HTLRNL04', 'PELS9304073J1', '61119311746', 'DIRECCION', '222', '1993-04-07', '2016-04-09', 1, 12, NULL, 267, 21, 11, 17, NULL, '2021-07-01 10:00:00', '2021-07-02 10:00:00'),
(258, 1, 736, 'HILATURAS', 'JUVENTINO', 'HERNANDEZ', 'ESPINOSA', 'HEEJ720610HPLRSV01', 'HEEJ720610DT5', '62887214864', 'DIRECCION', '222', '1972-06-10', '2013-03-02', 1, 10, NULL, 268, 20, 11, 17, NULL, '2021-07-01 10:00:00', '2021-07-02 10:00:00'),
(259, 1, 884, 'HILATURAS', 'FRANCISCO JAVIER', 'PRIMERO', 'LOPEZ', 'PILF881229HPLRPR02', 'PILF881229S25', '3158850101', 'DIRECCION', '222', '1988-12-29', '2016-04-23', 1, 14, NULL, 269, 21, 11, 17, NULL, '2021-07-01 10:00:00', '2021-07-02 10:00:00'),
(260, 1, 910, 'HILATURAS', 'JUAN CARLOS', 'PORTILLO', 'SANCHEZ', 'POSJ930614HTLRNN08', 'POSJ930614MV2', '61129308708', 'DIRECCION', '222', '1993-06-14', '2016-08-08', 1, 6, NULL, 270, 31, 11, 17, NULL, '2021-07-01 10:00:00', '2021-07-02 10:00:00'),
(261, 1, 937, 'HILATURAS', 'DAVID', 'GIL', 'CASELIN', 'GICD760909HPLLSV02', 'GICD760909918', '62937672699', 'DIRECCION', '222', '1976-09-09', '2016-12-19', 1, 9, NULL, 271, 20, 11, 17, NULL, '2021-07-01 10:00:00', '2021-07-02 10:00:00'),
(262, 1, 950, 'HILATURAS', 'ERICK', 'QUINTANILLA', 'VERA', 'QUVE960105HPLNRR00', 'QUVE960105TZ8', '20169679360', 'DIRECCION', '222', '1996-01-05', '2017-02-11', 1, 8, NULL, 272, 31, 11, 17, NULL, '2021-07-01 10:00:00', '2021-07-02 10:00:00'),
(263, 1, 1052, 'HILATURAS', 'ALFREDO', 'OSORIO', 'ALVAREZ', 'OOAA890316HPLSLL03', 'OOAA8903164W7', '48128928677', 'DIRECCION', '222', '1989-03-16', '2020-09-05', 1, 0, NULL, 273, 29, 11, 17, NULL, '2021-07-01 10:00:00', '2021-07-02 10:00:00'),
(264, 1, 1107, 'HILATURAS', 'JOSE ARMANDO', 'MU?OZ', 'LEON', 'MXLA700826HPLXNR00', 'MULX700826IW2', '62897026233', 'DIRECCION', '222', '1970-08-26', '2019-09-07', 1, 3, NULL, 274, 21, 11, 17, NULL, '2021-07-01 10:00:00', '2021-07-02 10:00:00'),
(265, 1, 1152, 'HILATURAS', 'CARLOS', 'HERNANDEZ', 'FLORES', 'HEFC901104HPLRLR09', 'HEFC9011049Q4', '27149071808', 'DIRECCION', '222', '1990-11-04', '2020-09-05', 1, 0, NULL, 275, 27, 11, 17, NULL, '2021-07-01 10:00:00', '2021-07-02 10:00:00'),
(266, 1, 1153, 'HILATURAS', 'HELIHU', 'PALACIOS', 'CHANTRES', 'PACH990620HPLLHL06', 'PACH990620UTA', '69169935546', 'DIRECCION', '222', '1999-06-20', '2020-09-05', 1, 0, NULL, 276, 27, 11, 17, NULL, '2021-07-01 10:00:00', '2021-07-02 10:00:00'),
(267, 1, 1221, 'HILATURAS', 'LUIS ANGEL', 'GUEVARA', 'ARENAS', 'GUAL000514HPLVRSA6', 'GUAL000514MW6', '4170073664', 'DIRECCION', '222', '2000-05-14', '2021-02-06', 1, 0, NULL, 277, 27, 11, 17, NULL, '2021-07-01 10:00:00', '2021-07-02 10:00:00'),
(268, 1, 1224, 'HILATURAS', 'JESUS', 'ROLDAN', 'CELA', 'ROCJ910609HTLLLS00', 'ROCJ9106096A3', '25149158344', 'DIRECCION', '222', '1991-06-09', '2021-02-23', 1, 0, NULL, 278, 20, 11, 17, NULL, '2021-07-01 10:00:00', '2021-07-02 10:00:00'),
(269, 1, 1230, 'HILATURAS', 'RENE IVAN', 'JUAREZ', 'HUERTA', 'JUHR960212HPLRRN00', 'JUHR9602128V3', '3189682309', 'DIRECCION', '222', '1996-02-12', '2021-03-01', 1, 0, NULL, 279, 27, 11, 17, NULL, '2021-07-01 10:00:00', '2021-07-02 10:00:00'),
(270, 1, 1265, 'HILATURAS', 'JOSE ARTURO', 'MATAMOROS', 'HERNANDEZ', 'MAHA980713HPLTRR08', 'MAHA980713MQ6', '84159810534', 'DIRECCION', '222', '1998-07-13', '2021-06-01', 1, 0, NULL, 280, 27, 11, 17, NULL, '2021-07-01 10:00:00', '2021-07-02 10:00:00'),
(271, 1, 190, 'HILATURAS', 'ROMAN', 'MACHORRO', 'ARENAS', 'MAAR620809HPLCRM03', 'MAAR620809N39', '62866205859', 'DIRECCION', '222', '1962-08-09', '2002-07-10', 1, 7, NULL, 281, 61, 12, 12, NULL, '2021-07-01 10:00:00', '2021-07-02 10:00:00'),
(272, 1, 881, 'HILATURAS', 'MIGUEL ANGEL', 'CANALES', 'ROJAS', 'CARM790328HDFNJG00', 'CARM790328DB7', '62977921030', 'DIRECCION', '222', '1979-03-28', '2016-04-13', 1, 14, NULL, 282, 62, 12, 12, NULL, '2021-07-01 10:00:00', '2021-07-02 10:00:00'),
(273, 1, 1128, 'HILATURAS', 'URIEL', 'BERNALDINO', 'HERNANDEZ', 'BEHU960507HPLRRR05', 'BEHU960507QD9', '44169699749', 'DIRECCION', '222', '1996-05-07', '2020-08-22', 1, 1, NULL, 283, 63, 12, 12, NULL, '2021-07-01 10:00:00', '2021-07-02 10:00:00'),
(274, 1, 1167, 'HILATURAS', 'MARCO ANTONIO', 'MANZANAREZ', 'RIOS', 'MARM990909HMSNSR04', 'MARM990909E10', '50169917395', 'DIRECCION', '222', '1999-09-09', '2020-09-19', 1, 0, NULL, 284, 63, 12, 12, NULL, '2021-07-01 10:00:00', '2021-07-02 10:00:00'),
(275, 1, 1247, 'HILATURAS', 'DIEGO', 'MARTINEZ', 'ANASTACIO', 'MAAD020722HPLRNGA4', 'MAAD020722VA9', '69170291913', 'DIRECCION', '222', '2002-07-22', '2021-03-22', 1, 0, NULL, 285, 63, 12, 12, NULL, '2021-07-01 10:00:00', '2021-07-02 10:00:00'),
(276, 1, 326, 'HILATURAS', 'ESPERANZA', 'ALVARADO', 'PASILLAS', 'AAPE680801MNLLSS08', 'AAPE680801575', '62876843657', 'DIRECCION', '222', '1968-08-01', '2004-07-03', 1, 0, NULL, 286, 25, 13, 7, NULL, '2021-07-01 10:00:00', '2021-07-02 10:00:00'),
(277, 1, 410, 'HILATURAS', 'MARIA EDITH', 'PALAFOX', 'FLORES', 'PAFE771225MPLLLD02', 'PAFE771225977', '62967762188', 'DIRECCION', '222', '1977-12-25', '2005-11-19', 1, 7, NULL, 287, 64, 13, 7, NULL, '2021-07-01 10:00:00', '2021-07-02 10:00:00'),
(278, 1, 585, 'HILATURAS', 'OLIVIA', 'MENESES', 'BADILLO', 'MEBO680910MTLNDL06', 'MEBO680910CFA', '61886808833', 'DIRECCION', '222', '1968-10-09', '2010-07-10', 1, -2, NULL, 288, 65, 13, 7, NULL, '2021-07-01 10:00:00', '2021-07-02 10:00:00'),
(279, 1, 876, 'HILATURAS', 'MARIA ARACELI', 'SOSA', 'JIMENEZ', 'SOJA710312HPLSMR06', 'SOJA710312NA0', '62927114116', 'DIRECCION', '222', '1971-03-12', '2016-03-14', 1, 10, NULL, 289, 64, 13, 7, NULL, '2021-07-01 10:00:00', '2021-07-02 10:00:00'),
(280, 1, 943, 'HILATURAS', 'FORTINO', 'HERNANDEZ', 'HERNANDEZ', 'HEHF880812HVZRRR05', 'HEHF880812N25', '67078853982', 'DIRECCION', '222', '1988-08-12', '2017-01-23', 1, 6, NULL, 290, 23, 13, 7, NULL, '2021-07-01 10:00:00', '2021-07-02 10:00:00'),
(281, 1, 1057, 'HILATURAS', 'LOURDES MICAELA', 'HERNANDEZ', 'RODRIGUEZ', 'HERL780508MPLRDR04', 'HERL780508KT5', '61977818113', 'DIRECCION', '222', '1978-05-08', '2019-01-14', 1, 2, NULL, 291, 66, 13, 7, NULL, '2021-07-01 10:00:00', '2021-07-02 10:00:00'),
(282, 1, 1067, 'HILATURAS', 'LUCERO', 'GONZALEZ', 'HERNANDEZ', 'GOHL810825MPLNRC05', 'GOHL810825470', '48048106933', 'DIRECCION', '222', '1981-08-25', '2019-01-22', 1, 4, NULL, 292, 25, 13, 7, NULL, '2021-07-01 10:00:00', '2021-07-02 10:00:00'),
(283, 1, 1091, 'HILATURAS', 'RAFAEL', 'SANCHEZ', 'VAZQUEZ', 'SAVR900324HPLNZF03', 'SAVR9003242C3', '48109021245', 'DIRECCION', '222', '1990-03-24', '2019-03-01', 1, 5, NULL, 293, 25, 13, 7, NULL, '2021-07-01 10:00:00', '2021-07-02 10:00:00'),
(284, 1, 1100, 'HILATURAS', 'GLORIA', 'VELEZ', 'RODRIGUEZ', 'VERG840421MPLLDL07', 'VERG840421T46', '2198484350', 'DIRECCION', '222', '1984-04-21', '2019-05-21', 1, 5, NULL, 294, 64, 13, 7, NULL, '2021-07-01 10:00:00', '2021-07-02 10:00:00'),
(285, 1, 1104, 'HILATURAS', 'DAVID', 'ZAMBRANO', 'SAUCEDO', 'ZASD990106HTLMCV09', 'ZASD990106UH6', '55169945981', 'DIRECCION', '222', '1999-01-06', '2019-08-13', 1, 0, NULL, 295, 25, 13, 7, NULL, '2021-07-01 10:00:00', '2021-07-02 10:00:00'),
(286, 1, 1109, 'HILATURAS', 'NOE', 'RAMIREZ', 'LEYVA', 'RALN670509HOCMYX09', 'RALN670509EX1', '75846709394', 'DIRECCION', '222', '1967-05-09', '2019-10-05', 1, -1, NULL, 296, 20, 13, 7, NULL, '2021-07-01 10:00:00', '2021-07-02 10:00:00'),
(287, 1, 1131, 'HILATURAS', 'YAQUELINE', 'CASTILLO', 'BADILLO', 'CABY800104MPLSDQ02', 'CABY8001042Z5', '48998012420', 'DIRECCION', '222', '1980-01-04', '2020-08-22', 1, 0, NULL, 297, 64, 13, 7, NULL, '2021-07-01 10:00:00', '2021-07-02 10:00:00'),
(288, 1, 1132, 'HILATURAS', 'MARIA', 'COTZOMI', 'LOPEZ', 'COLM821129MPLTPR09', 'COLM821129QI6', '62998204424', 'DIRECCION', '222', '1982-11-29', '2020-08-22', 1, 0, NULL, 298, 67, 13, 7, NULL, '2021-07-01 10:00:00', '2021-07-02 10:00:00'),
(289, 1, 1133, 'HILATURAS', 'MARIBEL', 'GUTIERREZ', 'ALTAMIRANO', 'GUAM800902MPLTLR04', 'GUAM800902923', '48988073218', 'DIRECCION', '222', '1980-09-02', '2020-08-22', 1, 0, NULL, 299, 64, 13, 7, NULL, '2021-07-01 10:00:00', '2021-07-02 10:00:00'),
(290, 1, 1134, 'HILATURAS', 'EMMA', 'SALAS', 'SOSA', 'SASE700604MPLLSM03', 'SASE700604D28', '48057003039', 'DIRECCION', '222', '1970-06-04', '2020-08-22', 1, 0, NULL, 300, 64, 13, 7, NULL, '2021-07-01 10:00:00', '2021-07-02 10:00:00'),
(291, 1, 1135, 'HILATURAS', 'JESSICA', 'SAUCEDO', 'ROJAS', 'SARJ970925MTLCJS09', 'SARJ970925GA3', '5209731982', 'DIRECCION', '222', '1997-09-25', '2020-08-22', 1, 0, NULL, 301, 68, 13, 7, NULL, '2021-07-01 10:00:00', '2021-07-02 10:00:00'),
(292, 1, 1172, 'HILATURAS', 'GICELA', 'ROMERO', 'VEGA', 'ROVG761013MTLMGC02', 'ROVG7610131M6', '2207695491', 'DIRECCION', '222', '1976-10-13', '2020-09-19', 1, 0, NULL, 302, 64, 13, 7, NULL, '2021-07-01 10:00:00', '2021-07-02 10:00:00'),
(293, 1, 1176, 'HILATURAS', 'MAYRA AZUCENA', 'SOLANO', 'JUAREZ', 'SOJM910607MPLLRY05', 'SOJM910607E59', '8139132610', 'DIRECCION', '222', '1991-06-07', '2020-09-21', 1, 0, NULL, 303, 64, 13, 7, NULL, '2021-07-01 10:00:00', '2021-07-02 10:00:00'),
(294, 1, 1177, 'HILATURAS', 'DIANA', 'AGUILAR', 'DIAZ', 'AUDD870224MPLGZN02', 'AUDD870224JL5', '48058735613', 'DIRECCION', '222', '1987-02-24', '2020-09-22', 1, 0, NULL, 304, 64, 13, 7, NULL, '2021-07-01 10:00:00', '2021-07-02 10:00:00'),
(295, 1, 1185, 'HILATURAS', 'ELISA', 'AGUILAR', 'LIMON', 'AULE940116MPLGML09', 'AULE9401165P1', '5209414415', 'DIRECCION', '222', '1994-01-16', '2020-09-22', 1, 0, NULL, 305, 66, 13, 7, NULL, '2021-07-01 10:00:00', '2021-07-02 10:00:00'),
(296, 1, 1191, 'HILATURAS', 'URIEL', 'FLORES', 'GUZMAN', 'FOGU991217HTLLZR09', 'FOGU991217PV3', '14139993159', 'DIRECCION', '222', '1999-12-17', '2020-10-05', 1, 0, NULL, 306, 25, 13, 7, NULL, '2021-07-01 10:00:00', '2021-07-02 10:00:00'),
(297, 1, 1198, 'HILATURAS', 'ADRIANA', 'NAJERA', 'MATA', 'NAMA970211MPLJTD08', 'NAMA9702114JA', '62159755735', 'DIRECCION', '222', '1997-02-11', '2020-10-21', 1, 0, NULL, 307, 66, 13, 7, NULL, '2021-07-01 10:00:00', '2021-07-02 10:00:00'),
(298, 1, 1199, 'HILATURAS', 'MARICARMEN', 'ROMERO', 'VEGA', 'ROVM911020MTLMGR08', 'ROVM911020V46', '18159104969', 'DIRECCION', '222', '1991-10-20', '2020-10-26', 1, 0, NULL, 308, 66, 13, 7, NULL, '2021-07-01 10:00:00', '2021-07-02 10:00:00'),
(299, 1, 1200, 'HILATURAS', 'ADRIANA', 'CAMARGO', 'ALBINO', 'CAAA740531MMNMLD09', 'CAAA740531UI0', '62967407107', 'DIRECCION', '222', '1974-05-31', '2020-10-31', 1, 0, NULL, 309, 64, 13, 7, NULL, '2021-07-01 10:00:00', '2021-07-02 10:00:00'),
(300, 1, 1217, 'HILATURAS', 'YOLANDA', 'HERNANDEZ', 'DIAZ', 'HEDY801020MPLRZL08', 'HEDY801020R79', '48008071416', 'DIRECCION', '222', '1980-10-20', '2021-02-06', 1, 0, NULL, 310, 66, 13, 7, NULL, '2021-07-01 10:00:00', '2021-07-02 10:00:00'),
(301, 1, 1218, 'HILATURAS', 'MARIA IVONE', 'HERNANDEZ', 'CUELLAR', 'HECI930825MPLRLV02', 'HECI930825163', '8189310314', 'DIRECCION', '222', '1993-08-25', '2021-02-06', 1, 0, NULL, 311, 66, 13, 7, NULL, '2021-07-01 10:00:00', '2021-07-02 10:00:00'),
(302, 1, 1219, 'HILATURAS', 'FRANCISCA', 'FLORES', 'HERNANDEZ', 'FOHF801022MPLLRR01', 'FOHF801022KT7', '48988085865', 'DIRECCION', '222', '1980-10-22', '2021-02-06', 1, 0, NULL, 312, 64, 13, 7, NULL, '2021-07-01 10:00:00', '2021-07-02 10:00:00');

-- --------------------------------------------------------

--
-- Estructura de tabla para la tabla `permissions`
--

CREATE TABLE `permissions` (
  `id` bigint(20) UNSIGNED NOT NULL,
  `name` varchar(255) COLLATE utf8mb4_unicode_ci NOT NULL,
  `guard_name` varchar(255) COLLATE utf8mb4_unicode_ci NOT NULL,
  `created_at` timestamp NULL DEFAULT NULL,
  `updated_at` timestamp NULL DEFAULT NULL
) ENGINE=InnoDB DEFAULT CHARSET=utf8mb4 COLLATE=utf8mb4_unicode_ci;

--
-- Volcado de datos para la tabla `permissions`
--

INSERT INTO `permissions` (`id`, `name`, `guard_name`, `created_at`, `updated_at`) VALUES
(1, 'admin.index', 'web', '2021-09-29 01:10:47', '2021-09-29 01:10:47'),
(2, 'RecursosHumanos.index', 'web', '2021-09-29 01:10:48', '2021-09-29 01:10:48'),
(3, 'Sistemas.index', 'web', '2021-09-29 01:10:48', '2021-09-29 01:10:48'),
(4, 'Almacen.index', 'web', '2021-09-29 01:10:48', '2021-09-29 01:10:48'),
(5, 'Compras.index', 'web', '2021-09-29 01:10:48', '2021-09-29 01:10:48'),
(6, 'Contabilidad.index', 'web', '2021-09-29 01:10:48', '2021-09-29 01:10:48'),
(7, 'Direccion.index', 'web', '2021-09-29 01:10:48', '2021-09-29 01:10:48'),
(8, 'Produccion.index', 'web', '2021-09-29 01:10:48', '2021-09-29 01:10:48'),
(9, 'Supply.index', 'web', '2021-09-29 01:10:49', '2021-09-29 01:10:49'),
(10, 'Produccion.personal.index', 'web', '2021-09-29 01:10:49', '2021-09-29 01:10:49'),
(11, 'Produccion.procesos.index', 'web', '2021-09-29 01:10:49', '2021-09-29 01:10:49'),
(12, 'Produccion.maquinas.index', 'web', '2021-09-29 01:10:49', '2021-09-29 01:10:49'),
(13, 'Produccion.turnos.index', 'web', '2021-09-29 01:10:49', '2021-09-29 01:10:49'),
(14, 'Produccion.materiales.index', 'web', '2021-09-29 01:10:50', '2021-09-29 01:10:50'),
(15, 'Produccion.clamat.index', 'web', '2021-09-29 01:10:50', '2021-09-29 01:10:50'),
(16, 'Produccion.carga.index', 'web', '2021-09-29 01:10:50', '2021-09-29 01:10:50'),
(17, 'Produccion.paros.index', 'web', '2021-09-29 01:10:50', '2021-09-29 01:10:50');

-- --------------------------------------------------------

--
-- Estructura de tabla para la tabla `personal_access_tokens`
--

CREATE TABLE `personal_access_tokens` (
  `id` bigint(20) UNSIGNED NOT NULL,
  `tokenable_type` varchar(255) COLLATE utf8mb4_unicode_ci NOT NULL,
  `tokenable_id` bigint(20) UNSIGNED NOT NULL,
  `name` varchar(255) COLLATE utf8mb4_unicode_ci NOT NULL,
  `token` varchar(64) COLLATE utf8mb4_unicode_ci NOT NULL,
  `abilities` text COLLATE utf8mb4_unicode_ci DEFAULT NULL,
  `last_used_at` timestamp NULL DEFAULT NULL,
  `created_at` timestamp NULL DEFAULT NULL,
  `updated_at` timestamp NULL DEFAULT NULL
) ENGINE=InnoDB DEFAULT CHARSET=utf8mb4 COLLATE=utf8mb4_unicode_ci;

-- --------------------------------------------------------

--
-- Estructura de tabla para la tabla `precios_cotizaciones`
--

CREATE TABLE `precios_cotizaciones` (
  `id` bigint(20) UNSIGNED NOT NULL,
  `IdUser` bigint(20) UNSIGNED NOT NULL,
  `Precio` varchar(255) COLLATE utf8mb4_unicode_ci DEFAULT NULL,
  `Total` varchar(255) COLLATE utf8mb4_unicode_ci DEFAULT NULL,
  `Marca` varchar(45) COLLATE utf8mb4_unicode_ci DEFAULT NULL,
  `Proveedor` varchar(65) COLLATE utf8mb4_unicode_ci DEFAULT NULL,
  `Comentarios` varchar(255) COLLATE utf8mb4_unicode_ci DEFAULT NULL,
  `Archivo` varchar(255) COLLATE utf8mb4_unicode_ci DEFAULT NULL,
  `Firma` text COLLATE utf8mb4_unicode_ci DEFAULT NULL,
  `NombreProveedor` varchar(45) COLLATE utf8mb4_unicode_ci DEFAULT NULL,
  `Autorizado` int(11) NOT NULL DEFAULT 0,
  `articulos_requisiciones_id` bigint(20) UNSIGNED NOT NULL,
  `requisiciones_id` bigint(20) UNSIGNED NOT NULL,
  `deleted_at` timestamp NULL DEFAULT NULL,
  `created_at` timestamp NULL DEFAULT NULL,
  `updated_at` timestamp NULL DEFAULT NULL
) ENGINE=InnoDB DEFAULT CHARSET=utf8mb4 COLLATE=utf8mb4_unicode_ci;

--
-- Volcado de datos para la tabla `precios_cotizaciones`
--

INSERT INTO `precios_cotizaciones` (`id`, `IdUser`, `Precio`, `Total`, `Marca`, `Proveedor`, `Comentarios`, `Archivo`, `Firma`, `NombreProveedor`, `Autorizado`, `articulos_requisiciones_id`, `requisiciones_id`, `deleted_at`, `created_at`, `updated_at`) VALUES
(1, 1, '795.42', '3977.1', 'GENERICO', 'SEDICO', 'TIEMPO DE ENTREGA 2 DIAS UNA VEZ AUTORIZADO', 'Archivos/Compras/Requisiciones/Cotizaciones/VENTILADORES DE 12X12A 220.pdf', NULL, NULL, 2, 5, 4, NULL, '2021-09-29 03:15:29', '2021-09-29 03:16:23'),
(2, 1, '1120.56', '2241.12', 'CAMOZZI', 'SEDICO', NULL, 'Archivos/FileNotFound404.jpg', NULL, NULL, 2, 6, 5, NULL, '2021-09-29 05:32:02', '2021-09-29 05:32:25'),
(3, 1, '1000', '1000', 'SERVICIO', 'ESIME', NULL, 'Archivos/Compras/Requisiciones/Cotizaciones/7.pdf', NULL, NULL, 2, 7, 6, NULL, '2021-09-29 05:43:23', '2021-09-29 05:43:50'),
(4, 1, '1600', '1600', 'SERVICIO', 'ESIME', NULL, 'Archivos/Compras/Requisiciones/Cotizaciones/8.pdf', NULL, NULL, 2, 8, 7, NULL, '2021-09-29 05:52:01', '2021-09-29 05:52:28'),
(5, 1, '3550', '3550', 'SERVICIO', 'TALLER ESPINOZA', NULL, 'Archivos/FileNotFound404.jpg', NULL, NULL, 2, 10, 9, NULL, '2021-09-29 06:14:42', '2021-09-29 06:15:26'),
(6, 1, '5180', '5180', 'SERVICIO', 'TALLER ESPINOZA', NULL, 'Archivos/FileNotFound404.jpg', NULL, NULL, 2, 11, 10, NULL, '2021-09-29 06:25:36', '2021-09-29 06:26:32'),
(7, 1, '5180', '5180', 'SERVICIO', 'TALLER ESPINOZA', NULL, 'Archivos/FileNotFound404.jpg', NULL, NULL, 2, 12, 10, NULL, '2021-09-29 06:26:13', '2021-09-29 06:26:40'),
(8, 1, '2700', '2700', 'SERVICIO', 'ADRIAN JUAREZ', NULL, 'Archivos/Compras/Requisiciones/Cotizaciones/13.pdf', NULL, NULL, 2, 13, 11, NULL, '2021-09-29 07:43:22', '2021-09-29 07:43:46'),
(9, 1, '650', '1300', 'SERVICIO', 'TALLER HERNANDEZ', NULL, 'Archivos/FileNotFound404.jpg', NULL, NULL, 2, 14, 12, NULL, '2021-09-29 07:49:02', '2021-09-29 07:49:53'),
(10, 1, '21.87', '21.87', 'PRODUCTO AUXILIAR', 'RILSA 2000', NULL, 'Archivos/FileNotFound404.jpg', NULL, NULL, 2, 17, 15, NULL, '2021-09-29 08:02:25', '2021-09-29 08:03:13'),
(11, 1, '21.87', '1312.2', 'PRODUCTO AUXILIAR', 'GASOLINERA PEMEX', NULL, 'Archivos/FileNotFound404.jpg', NULL, NULL, 2, 19, 17, NULL, '2021-09-29 08:14:31', '2021-09-29 08:14:57'),
(12, 1, '64.90', '64.9', 'REFACCION', 'RILSA 2000 SA DE CV', NULL, 'Archivos/FileNotFound404.jpg', NULL, NULL, 2, 20, 18, NULL, '2021-09-29 08:22:06', '2021-09-29 08:22:33'),
(13, 1, '2000', '2000', 'SERVICIO', 'ADRIAN JUAREZ', 'EL TRABAJO SE REALIZO PARA NO PARA PRODUCCION, FAVOR DE PROGRAMAR PAGO 26/08/2021', 'Archivos/FileNotFound404.jpg', NULL, NULL, 2, 21, 19, NULL, '2021-09-29 08:26:47', '2021-09-29 08:27:08'),
(14, 1, '2500', '2500', 'SERVICIO', 'ADRIAN JUAREZ', NULL, 'Archivos/FileNotFound404.jpg', NULL, NULL, 2, 22, 20, NULL, '2021-09-29 08:31:13', '2021-09-29 08:31:44'),
(15, 1, '6900', '34500', 'SERVICIO', 'ROBERTO MORA', NULL, 'Archivos/FileNotFound404.jpg', NULL, NULL, 2, 23, 21, NULL, '2021-09-29 08:36:53', '2021-09-29 08:39:06'),
(16, 1, '6900', '13800', 'N/A', 'ROBERTO MORA', NULL, 'Archivos/FileNotFound404.jpg', NULL, NULL, 2, 24, 21, NULL, '2021-09-29 08:38:08', '2021-09-29 08:38:58'),
(17, 1, '2131.33', '2131.33', 'CAMOZZI', 'SEDICO', NULL, 'Archivos/FileNotFound404.jpg', NULL, NULL, 2, 25, 22, NULL, '2021-09-29 08:44:36', '2021-09-29 08:45:28'),
(18, 1, '2938.80', '5877.6', 'ALLIGATOR', 'REFACCIONARIA INDUISTRIAL LAMUÑOHERMANOS', NULL, 'Archivos/FileNotFound404.jpg', NULL, NULL, 2, 26, 23, NULL, '2021-09-29 08:53:25', '2021-09-29 08:54:35'),
(19, 1, '2772.10', '5544.2', 'ALLIGATOR', 'REFACCIONARIA INDUSTRIAL LAMUÑO HERMANOS SA DE CV', NULL, 'Archivos/FileNotFound404.jpg', NULL, NULL, 2, 27, 23, NULL, '2021-09-29 08:53:43', '2021-09-29 08:54:25'),
(20, 1, '750', '3750', 'SERVICIO', 'ESIME', NULL, 'Archivos/FileNotFound404.jpg', NULL, NULL, 2, 28, 24, NULL, '2021-09-29 09:02:59', '2021-09-29 09:03:21'),
(21, 1, '305', '7930', 'PRODUCTO AUXILIAR', 'ALPMEX', 'EN EL PEDIDO SE SOLICITAN 26 METROS PERO SOLO SE VENDEN ROLLOS DE 30 METROS.', 'Archivos/FileNotFound404.jpg', NULL, NULL, 2, 29, 25, NULL, '2021-09-29 09:07:34', '2021-09-29 09:08:11'),
(22, 1, '70.90', '70.9', 'GATEX', 'RILSA 2000', NULL, 'Archivos/FileNotFound404.jpg', NULL, NULL, 2, 30, 26, NULL, '2021-09-29 09:11:07', '2021-09-29 09:11:34'),
(23, 1, '172.66', '172.66', 'GATEX', 'REFACCIONARIA INDUSTRIAL LAMUÑO HERMANOS SA DE CV', NULL, 'Archivos/FileNotFound404.jpg', NULL, NULL, 2, 32, 28, NULL, '2021-09-29 09:19:11', '2021-09-29 09:19:33'),
(24, 1, '230', '2300', 'SERVICIO', 'ROBERTO MORA', NULL, 'Archivos/FileNotFound404.jpg', NULL, NULL, 2, 35, 31, NULL, '2021-09-29 09:32:15', '2021-09-29 09:32:39'),
(25, 1, '420', '840', 'SERVICIO', 'TALLER HERNANDEZ', NULL, 'Archivos/FileNotFound404.jpg', NULL, NULL, 0, 37, 33, NULL, '2021-09-29 10:45:21', '2021-09-29 10:45:21'),
(26, 1, '500', '500', 'SERVICIO', 'TALLER ESPINOZA', NULL, 'Archivos/FileNotFound404.jpg', NULL, NULL, 2, 40, 36, NULL, '2021-09-29 10:56:36', '2021-09-29 10:57:17'),
(27, 1, '2988.83', '2988.83', 'SIEMENS', 'SEDICO', NULL, 'Archivos/FileNotFound404.jpg', NULL, NULL, 2, 43, 39, NULL, '2021-09-29 11:08:50', '2021-09-29 11:09:13'),
(28, 1, '94.60', '473', 'MEGAMEX', 'CVH', NULL, 'Archivos/FileNotFound404.jpg', NULL, NULL, 2, 47, 41, NULL, '2021-09-29 11:19:51', '2021-09-29 11:20:14'),
(29, 1, '11.80', '35.4', 'REFACCION', 'CVH', NULL, 'Archivos/FileNotFound404.jpg', NULL, NULL, 2, 48, 42, NULL, '2021-09-29 11:33:51', '2021-09-29 11:40:35'),
(30, 1, '81.68', ' 	163.36', 'REFACCIONES', 'CVH', NULL, 'Archivos/FileNotFound404.jpg', NULL, NULL, 2, 53, 42, NULL, '2021-09-29 11:35:21', '2021-09-29 11:40:57'),
(31, 1, '41.11', '123.33', 'REFACCION', 'CVH', NULL, 'Archivos/FileNotFound404.jpg', NULL, NULL, 2, 50, 42, NULL, '2021-09-29 11:38:37', '2021-09-29 11:40:50'),
(32, 1, '9.61', '96.1', 'REFACCION', 'CVH', NULL, 'Archivos/FileNotFound404.jpg', NULL, NULL, 2, 49, 42, NULL, '2021-09-29 11:40:01', '2021-09-29 11:40:43'),
(33, 1, '21227', '21227', 'SERVICIO', 'REFACCIONARIA INDUISTRIAL LAMUÑOHERMANOS', NULL, 'Archivos/FileNotFound404.jpg', NULL, NULL, 2, 54, 43, NULL, '2021-09-29 11:51:35', '2021-09-29 11:51:54'),
(34, 1, '21.80', '65.4', 'DURACEL', 'EL FENIX', NULL, 'Archivos/FileNotFound404.jpg', NULL, NULL, 2, 56, 45, NULL, '2021-09-29 11:59:38', '2021-09-29 12:00:17'),
(35, 1, '2650', '2650', 'SERVICIO', 'TALLER ESPINOZA', NULL, 'Archivos/FileNotFound404.jpg', NULL, NULL, 2, 58, 47, NULL, '2021-09-29 12:20:25', '2021-09-29 12:20:48'),
(36, 1, '1567.19', '1567.19', 'PIZZATO', 'SEDICO', NULL, 'Archivos/FileNotFound404.jpg', NULL, NULL, 2, 60, 49, NULL, '2021-09-29 12:32:35', '2021-09-29 12:32:54');

-- --------------------------------------------------------

--
-- Estructura de tabla para la tabla `presupuestos`
--

CREATE TABLE `presupuestos` (
  `id` bigint(20) UNSIGNED NOT NULL,
  `IdUser` bigint(20) UNSIGNED NOT NULL,
  `Año` int(11) NOT NULL,
  `Mes` varchar(10) COLLATE utf8mb4_unicode_ci NOT NULL,
  `Departamento_id` bigint(20) UNSIGNED NOT NULL,
  `Presupuesto` varchar(20) COLLATE utf8mb4_unicode_ci NOT NULL,
  `deleted_at` timestamp NULL DEFAULT NULL,
  `created_at` timestamp NULL DEFAULT NULL,
  `updated_at` timestamp NULL DEFAULT NULL
) ENGINE=InnoDB DEFAULT CHARSET=utf8mb4 COLLATE=utf8mb4_unicode_ci;

-- --------------------------------------------------------

--
-- Estructura de tabla para la tabla `procesos`
--

CREATE TABLE `procesos` (
  `id` bigint(20) UNSIGNED NOT NULL,
  `nompro` varchar(255) COLLATE utf8mb4_unicode_ci NOT NULL,
  `tipo` enum('0','1','2','3','4','5') COLLATE utf8mb4_unicode_ci NOT NULL,
  `descripcion` varchar(255) COLLATE utf8mb4_unicode_ci DEFAULT NULL,
  `operacion` varchar(255) COLLATE utf8mb4_unicode_ci DEFAULT NULL,
  `estatus` enum('1','2','3') COLLATE utf8mb4_unicode_ci NOT NULL DEFAULT '1',
  `tipo_carga` varchar(255) COLLATE utf8mb4_unicode_ci DEFAULT NULL,
  `proceso_id` bigint(20) UNSIGNED DEFAULT NULL,
  `departamento_id` bigint(20) UNSIGNED NOT NULL,
  `deleted_at` timestamp NULL DEFAULT NULL,
  `created_at` timestamp NULL DEFAULT NULL,
  `updated_at` timestamp NULL DEFAULT NULL
) ENGINE=InnoDB DEFAULT CHARSET=utf8mb4 COLLATE=utf8mb4_unicode_ci;

-- --------------------------------------------------------

--
-- Estructura de tabla para la tabla `proveedores`
--

CREATE TABLE `proveedores` (
  `id` bigint(20) UNSIGNED NOT NULL,
  `IdUser` bigint(20) UNSIGNED NOT NULL,
  `Nombre` varchar(65) COLLATE utf8mb4_unicode_ci NOT NULL,
  `Departamentos_id` bigint(20) UNSIGNED NOT NULL,
  `TipoPago` varchar(35) COLLATE utf8mb4_unicode_ci DEFAULT NULL,
  `deleted_at` timestamp NULL DEFAULT NULL,
  `created_at` timestamp NULL DEFAULT NULL,
  `updated_at` timestamp NULL DEFAULT NULL
) ENGINE=InnoDB DEFAULT CHARSET=utf8mb4 COLLATE=utf8mb4_unicode_ci;

--
-- Volcado de datos para la tabla `proveedores`
--

INSERT INTO `proveedores` (`id`, `IdUser`, `Nombre`, `Departamentos_id`, `TipoPago`, `deleted_at`, `created_at`, `updated_at`) VALUES
(1, 18, 'MAQUINADOS MEYADO', 14, 'REMISION', NULL, '2021-09-29 01:11:55', '2021-09-29 01:11:55'),
(2, 18, 'SEDICO', 14, 'REMISION', NULL, '2021-09-29 01:11:55', '2021-09-29 01:11:55'),
(3, 18, 'ESIME', 14, 'REMISION', NULL, '2021-09-29 01:11:55', '2021-09-29 01:11:55'),
(4, 18, 'ROBERTO MORA', 7, 'REMISION', NULL, '2021-09-29 01:11:55', '2021-09-29 01:11:55'),
(5, 18, 'ADRIAN JUAREZ', 7, 'REMISION', NULL, '2021-09-29 01:11:55', '2021-09-29 01:11:55'),
(6, 18, 'RILSA 2000 SA DE CV', 7, 'REMISION', NULL, '2021-09-29 01:11:55', '2021-09-29 01:11:55'),
(7, 18, 'TALLER ESPINOZA', 7, 'REMISION', NULL, '2021-09-29 01:11:55', '2021-09-29 01:11:55'),
(8, 18, 'GASOLINERA PEMEX', 7, 'REMISION', NULL, '2021-09-29 01:11:55', '2021-09-29 01:11:55'),
(9, 18, 'TALLER HERNANDEZ', 7, 'REMISION', NULL, NULL, NULL),
(10, 18, 'RILSA 2000', 7, NULL, NULL, NULL, NULL),
(11, 18, 'REFACCIONARIA INDUSTRIAL LAMUÑO HERMANOS SA DE CV', 3, 'FACTURADO', NULL, NULL, NULL),
(12, 18, 'EL FENIX', 7, 'REMISION', NULL, NULL, NULL),
(13, 18, 'CVH', 7, 'REMISION', NULL, NULL, NULL),
(14, 18, 'REFACCIONARIA INDUISTRIAL LAMUÑOHERMANOS', 7, 'FACTURADO', NULL, NULL, NULL),
(15, 18, 'EIMSA', 7, 'REMISION', NULL, NULL, NULL),
(16, 18, 'ALPMEX', 7, 'REMISION', NULL, NULL, NULL);

-- --------------------------------------------------------

--
-- Estructura de tabla para la tabla `puestos`
--

CREATE TABLE `puestos` (
  `id` bigint(20) UNSIGNED NOT NULL,
  `IdUser` bigint(20) UNSIGNED NOT NULL,
  `Nombre` varchar(45) COLLATE utf8mb4_unicode_ci NOT NULL,
  `departamento_id` bigint(20) UNSIGNED DEFAULT NULL,
  `deleted_at` timestamp NULL DEFAULT NULL,
  `created_at` timestamp NULL DEFAULT NULL,
  `updated_at` timestamp NULL DEFAULT NULL
) ENGINE=InnoDB DEFAULT CHARSET=utf8mb4 COLLATE=utf8mb4_unicode_ci;

--
-- Volcado de datos para la tabla `puestos`
--

INSERT INTO `puestos` (`id`, `IdUser`, `Nombre`, `departamento_id`, `deleted_at`, `created_at`, `updated_at`) VALUES
(1, 1, 'ADMINISTRACION DE CARTERA', NULL, NULL, '2021-09-29 01:11:31', '2021-09-29 01:11:31'),
(2, 1, 'ANALISTA DE PROCESOS', NULL, NULL, '2021-09-29 01:11:31', '2021-09-29 01:11:31'),
(3, 1, 'ANALISTA DE VENTAS', NULL, NULL, '2021-09-29 01:11:31', '2021-09-29 01:11:31'),
(4, 1, 'ASESOR COMERCIO EXTERIOR', NULL, NULL, '2021-09-29 01:11:31', '2021-09-29 01:11:31'),
(5, 1, 'ASESOR DE CALIDAD', NULL, NULL, '2021-09-29 01:11:31', '2021-09-29 01:11:31'),
(6, 1, 'ASESOR DE VENTAS', NULL, NULL, '2021-09-29 01:11:31', '2021-09-29 01:11:31'),
(7, 1, 'ASESOR TECNICO', NULL, NULL, '2021-09-29 01:11:31', '2021-09-29 01:11:31'),
(8, 1, 'ASISTENTE CONTABLE', NULL, NULL, '2021-09-29 01:11:31', '2021-09-29 01:11:31'),
(9, 1, 'ASISTENTE DE DIRECCION', NULL, NULL, '2021-09-29 01:11:31', '2021-09-29 01:11:31'),
(10, 1, 'ASISTENTE DE OPERACIONES', NULL, NULL, '2021-09-29 01:11:31', '2021-09-29 01:11:31'),
(11, 1, 'ASISTENTE DE PROCESOS', NULL, NULL, '2021-09-29 01:11:31', '2021-09-29 01:11:31'),
(12, 1, 'ASISTENTE DE RECURSOS HUMANOS', NULL, NULL, '2021-09-29 01:11:31', '2021-09-29 01:11:31'),
(13, 1, 'AUXILIAR SISTEMAS', NULL, NULL, '2021-09-29 01:11:31', '2021-09-29 01:11:31'),
(14, 1, 'AUXILIAR TECNICO', NULL, NULL, '2021-09-29 01:11:31', '2021-09-29 01:11:31'),
(15, 1, 'AYUDANTE MANTTO CIVIL', NULL, NULL, '2021-09-29 01:11:31', '2021-09-29 01:11:31'),
(16, 1, 'JEFE DE OPERACION', NULL, NULL, '2021-09-29 01:11:31', '2021-09-29 01:11:31'),
(17, 1, 'COORDINADOR AREA TECNICA', NULL, NULL, '2021-09-29 01:11:32', '2021-09-29 01:11:32'),
(18, 1, 'OFICIAL EXPERTO H', NULL, NULL, '2021-09-29 01:11:32', '2021-09-29 01:11:32'),
(19, 1, 'ENCARGADO MANTTO MECANICO A', NULL, NULL, '2021-09-29 01:11:32', '2021-09-29 01:11:32'),
(20, 1, 'ENCARGADO MANTTO MECANICO B', NULL, NULL, '2021-09-29 01:11:32', '2021-09-29 01:11:32'),
(21, 1, 'ENCARGADO MANTTO MECANICO C', NULL, NULL, '2021-09-29 01:11:32', '2021-09-29 01:11:32'),
(22, 1, 'ENCARGADO DE HILATURA DE ANILLO', NULL, NULL, '2021-09-29 01:11:32', '2021-09-29 01:11:32'),
(23, 1, 'OFICIAL EN DESARROLLO H', NULL, NULL, '2021-09-29 01:11:32', '2021-09-29 01:11:32'),
(24, 1, 'OFICIAL EN DESARROLLO A', NULL, NULL, '2021-09-29 01:11:32', '2021-09-29 01:11:32'),
(25, 1, 'OFICIAL EN DESARROLLO', NULL, NULL, '2021-09-29 01:11:32', '2021-09-29 01:11:32'),
(26, 1, 'OFICIAL EXPERTO A', NULL, NULL, '2021-09-29 01:11:32', '2021-09-29 01:11:32'),
(27, 1, 'AYUDANTE DE MECANICO C', NULL, NULL, '2021-09-29 01:11:32', '2021-09-29 01:11:32'),
(28, 1, 'JEFE DE ANALISIS DE MERCADOS', NULL, NULL, '2021-09-29 01:11:32', '2021-09-29 01:11:32'),
(29, 1, 'AYUDANTE DE MECANICO A', NULL, NULL, '2021-09-29 01:11:32', '2021-09-29 01:11:32'),
(30, 1, 'AYUDANTE DE LABORATORIO', NULL, NULL, '2021-09-29 01:11:32', '2021-09-29 01:11:32'),
(31, 1, 'AYUDANTE DE MECANICO B', NULL, NULL, '2021-09-29 01:11:33', '2021-09-29 01:11:33'),
(32, 1, 'AYUDANTE DE LOGISTICA', NULL, NULL, '2021-09-29 01:11:33', '2021-09-29 01:11:33'),
(33, 1, 'COORDINADORA DE BANCOS', NULL, NULL, '2021-09-29 01:11:33', '2021-09-29 01:11:33'),
(34, 1, 'ENCARGADA DE LIMPIEZA', NULL, NULL, '2021-09-29 01:11:33', '2021-09-29 01:11:33'),
(35, 1, 'JEFE RECURSOS HUMANOS', NULL, NULL, '2021-09-29 01:11:33', '2021-09-29 01:11:33'),
(36, 1, 'CONTADOR', NULL, NULL, '2021-09-29 01:11:33', '2021-09-29 01:11:33'),
(37, 1, 'GERENTE GENERAL', NULL, NULL, '2021-09-29 01:11:33', '2021-09-29 01:11:33'),
(38, 1, 'ENCARGADA DE VENTAS', NULL, NULL, '2021-09-29 01:11:33', '2021-09-29 01:11:33'),
(39, 1, 'JEFE ADMINISTRATIVO', NULL, NULL, '2021-09-29 01:11:33', '2021-09-29 01:11:33'),
(40, 1, 'ENCARGADO DE SISTEMAS', NULL, NULL, '2021-09-29 01:11:33', '2021-09-29 01:11:33'),
(41, 1, 'COORDINADOR DE LOGISTICA', NULL, NULL, '2021-09-29 01:11:33', '2021-09-29 01:11:33'),
(42, 1, 'LIDER COMERCIAL', NULL, NULL, '2021-09-29 01:11:33', '2021-09-29 01:11:33'),
(43, 1, 'CHOFER ADMIVO COBRANZA', NULL, NULL, '2021-09-29 01:11:33', '2021-09-29 01:11:33'),
(44, 1, 'CHOFER ADMIVO DE BANCOS', NULL, NULL, '2021-09-29 01:11:33', '2021-09-29 01:11:33'),
(45, 1, 'ENCARGADO ABASTECIMIENTO A', NULL, NULL, '2021-09-29 01:11:33', '2021-09-29 01:11:33'),
(46, 1, 'SEPARADORA B', NULL, NULL, '2021-09-29 01:11:33', '2021-09-29 01:11:33'),
(47, 1, 'SEPARADORA A', NULL, NULL, '2021-09-29 01:11:34', '2021-09-29 01:11:34'),
(48, 1, 'ENCARGADO ABASTECIMIENTO B', NULL, NULL, '2021-09-29 01:11:34', '2021-09-29 01:11:34'),
(49, 1, 'SEPARADORA C', NULL, NULL, '2021-09-29 01:11:34', '2021-09-29 01:11:34'),
(50, 1, 'ENCARGADO ABASTECIMIENTO C', NULL, NULL, '2021-09-29 01:11:34', '2021-09-29 01:11:34'),
(51, 1, 'COORDINADOR DE PRODUCCIÓN APERTURA', NULL, NULL, '2021-09-29 01:11:34', '2021-09-29 01:11:34'),
(52, 1, 'ENCARGADO MANTTO MECANICO APERTURA', NULL, NULL, '2021-09-29 01:11:34', '2021-09-29 01:11:34'),
(53, 1, 'ENCARGADO HILATURA OPEN END', NULL, NULL, '2021-09-29 01:11:34', '2021-09-29 01:11:34'),
(54, 1, 'ENCARGADO LABORATORIO BONETERIA', NULL, NULL, '2021-09-29 01:11:34', '2021-09-29 01:11:34'),
(55, 1, 'OPERADOR CAMIONETA A', NULL, NULL, '2021-09-29 01:11:34', '2021-09-29 01:11:34'),
(56, 1, 'ENC BOD PROD TERMINADO', NULL, NULL, '2021-09-29 01:11:34', '2021-09-29 01:11:34'),
(57, 1, 'OPERADOR DE CAMIONETA B', NULL, NULL, '2021-09-29 01:11:34', '2021-09-29 01:11:34'),
(58, 1, 'COORDINADOR DE EMBARQUES', NULL, NULL, '2021-09-29 01:11:34', '2021-09-29 01:11:34'),
(59, 1, 'COORDINADOR DE MANTENIMIENTO', NULL, NULL, '2021-09-29 01:11:34', '2021-09-29 01:11:34'),
(60, 1, 'ENCARGADO MANTTO ELECTRICO B', NULL, NULL, '2021-09-29 01:11:34', '2021-09-29 01:11:34'),
(61, 1, 'AYUDANTE MTTO CIVIL A', NULL, NULL, '2021-09-29 01:11:34', '2021-09-29 01:11:34'),
(62, 1, 'ENCARGADO DE SERV AUXILIARES', NULL, NULL, '2021-09-29 01:11:34', '2021-09-29 01:11:34'),
(63, 1, 'AYUDANTE MTTO CIVIL B', NULL, NULL, '2021-09-29 01:11:34', '2021-09-29 01:11:34'),
(64, 1, 'CERRADORA B', NULL, NULL, '2021-09-29 01:11:34', '2021-09-29 01:11:34'),
(65, 1, 'CERRADORA A', NULL, NULL, '2021-09-29 01:11:34', '2021-09-29 01:11:34'),
(66, 1, 'CERRADORA C', NULL, NULL, '2021-09-29 01:11:34', '2021-09-29 01:11:34'),
(67, 1, 'ENCARGADO CONFECCION', NULL, NULL, '2021-09-29 01:11:34', '2021-09-29 01:11:34'),
(68, 1, 'PATRONISTA', NULL, NULL, '2021-09-29 01:11:34', '2021-09-29 01:11:34'),
(69, 1, 'ANALISTA DE VENTAS', NULL, NULL, '2021-09-29 01:11:34', '2021-09-29 01:11:34');

-- --------------------------------------------------------

--
-- Estructura de tabla para la tabla `requisiciones`
--

CREATE TABLE `requisiciones` (
  `id` bigint(20) UNSIGNED NOT NULL,
  `IdUser` bigint(20) UNSIGNED DEFAULT NULL,
  `IdEmp` bigint(20) UNSIGNED NOT NULL,
  `Folio` int(11) NOT NULL,
  `NumReq` int(11) NOT NULL,
  `Departamento_id` bigint(20) UNSIGNED NOT NULL,
  `jefes_areas_id` bigint(20) UNSIGNED DEFAULT NULL,
  `Codigo` varchar(45) COLLATE utf8mb4_unicode_ci NOT NULL,
  `Maquina_id` bigint(20) UNSIGNED DEFAULT NULL,
  `Marca_id` bigint(20) UNSIGNED DEFAULT NULL,
  `TipCompra` varchar(45) COLLATE utf8mb4_unicode_ci NOT NULL,
  `Observaciones` varchar(255) COLLATE utf8mb4_unicode_ci DEFAULT NULL,
  `Perfil_id` bigint(20) UNSIGNED DEFAULT NULL,
  `deleted_at` timestamp NULL DEFAULT NULL,
  `created_at` timestamp NULL DEFAULT NULL,
  `updated_at` timestamp NULL DEFAULT NULL
) ENGINE=InnoDB DEFAULT CHARSET=utf8mb4 COLLATE=utf8mb4_unicode_ci;

--
-- Volcado de datos para la tabla `requisiciones`
--

INSERT INTO `requisiciones` (`id`, `IdUser`, `IdEmp`, `Folio`, `NumReq`, `Departamento_id`, `jefes_areas_id`, `Codigo`, `Maquina_id`, `Marca_id`, `TipCompra`, `Observaciones`, `Perfil_id`, `deleted_at`, `created_at`, `updated_at`) VALUES
(1, 80, 83, 1001, 10950, 7, 12, 'C - PRESUPUESTO', 3, 3, 'SERVICIOS EXTERNOS', 'PARA CAMBIO DE TRANSMISIÓN DEL CONDENSADOR DEL PRIMER CUERPO Y RODILLOS DE PURGAS', 76, NULL, '2021-09-29 02:51:35', '2021-09-29 02:51:35'),
(2, 1, 5310, 1002, 11268, 7, 21, 'B - REGULAR', 11, 11, 'SERVICIOS EXTERNOS', 'MONTACARGAS SE ANDA APAGANDO', 76, NULL, '2021-09-29 02:57:01', '2021-09-29 02:57:01'),
(3, 1, 5310, 1003, 11270, 7, 21, 'B - REGULAR', 15, 15, 'PRODUCTOS AUXILIARES', 'PARA LIMPIEZA GENERAL', 85, NULL, '2021-09-29 02:59:58', '2021-09-29 02:59:58'),
(4, 1, 5310, 1004, 10949, 7, 21, 'B - REGULAR', 3, 3, 'REFACCIONES', 'PARA RECAMBIO A INVERSORES', 80, NULL, '2021-09-29 03:07:18', '2021-09-29 03:07:18'),
(5, 1, 5310, 1005, 11902, 7, 21, 'B - REGULAR', 5, 5, 'REFACCIONES', 'PARA RECAMBIO DE LOS ACTUALES QUE YA ESTÁN DETERIORADOS POR DESGASTE DE TRABAJO', 71, NULL, '2021-09-29 05:27:34', '2021-09-29 05:27:34'),
(6, 1, 5310, 1006, 11910, 7, 21, 'B - REGULAR', 6, 6, 'SERVICIOS EXTERNOS', 'ESTA FLECHA ESTABA ADAPTADA A UN VENTILADOR QUE YA TENIA DETALLES POR EL MISMO', 76, NULL, '2021-09-29 05:37:24', '2021-09-29 05:37:24'),
(7, 1, 5310, 1007, 11909, 7, 21, 'B - REGULAR', 6, 6, 'SERVICIOS EXTERNOS', 'LA QUE TIENE TRABAJANDO ACTUALMENTE PRESENTA UNA FRACTURA POR EL MISMO TRABAJO, TRABAJA PERO ES NECESARIO POR TEMA DE SEGURIDAD CAMBIARLA', 76, NULL, '2021-09-29 05:47:51', '2021-09-29 05:47:51'),
(8, 1, 5310, 1008, 11912, 7, 21, 'B - REGULAR', 15, 15, 'PRODUCTOS AUXILIARES', 'PARA LIMPIEZA GENERAL', 82, NULL, '2021-09-29 05:56:04', '2021-09-29 05:56:04'),
(9, 1, 5310, 1009, 11911, 7, 21, 'C - PRESUPUESTO', 6, 6, 'SERVICIOS EXTERNOS', 'ESTE MOTOR ES UN COMODÍN, PERO VALE LA PENA TENERLO AL 100% PARA EVITAR CUALQUIER CONTRATIEMPO', 76, NULL, '2021-09-29 06:06:17', '2021-09-29 06:06:17'),
(10, 1, 5310, 1010, 11919, 7, 21, 'B - REGULAR', 6, 6, 'SERVICIOS EXTERNOS', 'MANDAR A SERVICIO EL DÍA 11/08/2021 EL QUE SE TIENE TRABAJANDO SOLO ES PROVISIONAL EN LO QUE LLEGA ESTE', 71, NULL, '2021-09-29 06:20:08', '2021-09-29 06:20:08'),
(11, 1, 5310, 1011, 11921, 7, 21, 'B - REGULAR', 6, 6, 'SERVICIOS EXTERNOS', 'LA QUE TIENE TRABAJANDO ESTA FRACTURADA POR MISMO USO', 71, NULL, '2021-09-29 07:36:29', '2021-09-29 07:36:29'),
(12, 1, 5310, 1012, 11925, 7, 21, 'B - REGULAR', 3, 3, 'SERVICIOS EXTERNOS', 'DAÑO POR EL MISMOS USO YA QUE ERAN DE PLÁSTICO', 80, NULL, '2021-09-29 07:46:35', '2021-09-29 07:46:35'),
(13, 1, 5310, 1013, 11924, 7, 21, 'B - REGULAR', 6, 6, 'REFACCIONES', 'RE CAMBIO POR DESGASTE DEL MISMO TRABAJO', 76, NULL, '2021-09-29 07:53:10', '2021-09-29 07:53:10'),
(14, 1, 5310, 1014, 11923, 7, 21, 'B - REGULAR', 3, 3, 'REFACCIONES', 'SE ROMPIERON EN EL INCENDIO JUEVES 05/08/2021', 76, NULL, '2021-09-29 07:56:42', '2021-09-29 07:56:42'),
(15, 1, 5310, 1015, 11927, 7, 21, 'B - REGULAR', 3, 3, 'SERVICIOS EXTERNOS', 'PARA CUERPO NUMERO TRES DE LAS PURGAS, SE DAÑO POR EL MISMO USO.', 76, NULL, '2021-09-29 07:59:27', '2021-09-29 07:59:27'),
(16, 1, 5310, 1016, 11928, 7, 21, 'B - REGULAR', 3, 3, 'REFACCIONES', 'PARA RE CAMBIO EN CUARTO VENTILADOR SE DIO REVISIÓN Y SE DETECTA DESGASTE POR USO', 80, NULL, '2021-09-29 08:06:02', '2021-09-29 08:06:02'),
(17, 1, 5310, 1017, 11937, 7, 21, 'B - REGULAR', 16, 16, 'PRODUCTOS AUXILIARES', 'PARA LIMPIEZA DE NAVE Y CAMBIOS DE MATERIAL', 79, NULL, '2021-09-29 08:11:51', '2021-09-29 08:11:51'),
(18, 1, 5310, 1018, 11941, 7, 21, 'B - REGULAR', 11, 11, 'REFACCIONES', 'DEL SISTEMA DE ENFRIAMIENTO', 71, NULL, '2021-09-29 08:20:13', '2021-09-29 08:20:13'),
(19, 1, 5310, 1019, 11940, 7, 21, 'B - REGULAR', 2, 2, 'SERVICIOS EXTERNOS', 'RETIRAR PUENTE E IDENTIFICAR EL VOLTAJE FALTANTE PARA PODER TRABAJAR NORMAL', 71, NULL, '2021-09-29 08:25:01', '2021-09-29 08:25:01'),
(20, 1, 5310, 1020, 11942, 7, 21, 'B - REGULAR', 2, 2, 'SERVICIOS EXTERNOS', 'SE REVISO EN PLANTA SIN ÉXITO, POR ESTA RAZÓN SE RECURRE A PROVEEDOR. (INDEPENDIENTE DE LA CARGA DE TRABAJO QUE TRAEMOS INTERNA)', 71, NULL, '2021-09-29 08:29:38', '2021-09-29 08:29:38'),
(21, 1, 5310, 1021, 11945, 7, 21, 'B - REGULAR', 5, 5, 'SERVICIOS EXTERNOS', 'PARA MEJORAR LIMPIEZAS EN CAMBIO DE MATERIAL', 55, NULL, '2021-09-29 08:34:35', '2021-09-29 08:34:35'),
(22, 1, 5310, 1022, 11946, 7, 21, 'B - REGULAR', 6, 6, 'REFACCIONES', 'PARA RECAMBIO EL QUE SE TIENE YA PRESENTA DETERIORO POR MISMO USO', 71, NULL, '2021-09-29 08:42:38', '2021-09-29 08:42:38'),
(23, 1, 5310, 1023, 11947, 7, 21, 'B - REGULAR', 2, 2, 'REFACCIONES', 'PARA REPARACIONES A BANDA DE ENTRADA', 71, NULL, '2021-09-29 08:48:06', '2021-09-29 08:48:06'),
(24, 1, 5310, 1024, 11948, 7, 21, 'B - REGULAR', 2, 2, 'SERVICIOS EXTERNOS', 'LAS QUE SE TIENE YA PRESENTAN DESGASTE, NECESARIO IR CAMBIÁNDOLAS. (PREVIA VISITA DEL TORNERO Y VER FÍSICAMENTE LAS PIEZAS PARA TOMAR MEDIDAS Y MODELO)', 71, NULL, '2021-09-29 09:00:19', '2021-09-29 09:00:19'),
(25, 1, 5310, 1025, 10423, 7, 21, 'B - REGULAR', 4, 4, 'REFACCIONES', 'EL QUE ESTA TRABAJANDO YA COMIENZA A TENER DETALLES POR EL MISMO USO. (LO CAMBIAMOS CADA MEDIO AÑO)', 71, NULL, '2021-09-29 09:05:10', '2021-09-29 09:05:10'),
(26, 1, 5310, 1026, 10425, 7, 21, 'B - REGULAR', 11, 11, 'REFACCIONES', 'PARA RECAMBIO POR DESGASTE DEL MISMO USO', 71, NULL, '2021-09-29 09:09:31', '2021-09-29 09:09:31'),
(27, 1, 5310, 1027, 10426, 7, 21, 'B - REGULAR', 3, 3, 'REFACCIONES', 'PARA RECAMBIO EN BOMBA DE HUMIDIFICACIÓN', 80, NULL, '2021-09-29 09:14:03', '2021-09-29 09:14:03'),
(28, 1, 5310, 1028, 12201, 7, 21, 'B - REGULAR', 10, 10, 'REFACCIONES', 'CAMBIO POR DESGASTE, DEL SISTEMA DESBORRADOR', 76, NULL, '2021-09-29 09:17:03', '2021-09-29 09:17:03'),
(29, 1, 5310, 1029, 11949, 7, 21, 'B - REGULAR', 15, 15, 'PRODUCTOS AUXILIARES', 'PARA LIMPIEZA GENERAL', 82, NULL, '2021-09-29 09:22:33', '2021-09-29 09:22:33'),
(30, 1, 5310, 1030, 12205, 7, 21, 'B - REGULAR', 17, 17, 'REFACCIONES', 'SE LE DIO SERVICIO DE RUTINA A REDUCTOR Y SE DETECTO CON DESGASTE LOS RETENES', 76, NULL, '2021-09-29 09:27:13', '2021-09-29 09:27:13'),
(31, 1, 5310, 1031, 12204, 7, 21, 'C - PRESUPUESTO', 4, 4, 'SERVICIOS EXTERNOS', 'PARA RECAMBIO LAS QUE SE TIENE YA PRESENTAN DESGASTE', 71, NULL, '2021-09-29 09:30:45', '2021-09-29 09:30:45'),
(32, 1, 83, 1032, 12210, 7, 21, 'C - PRESUPUESTO', 2, 2, 'SERVICIOS EXTERNOS', 'PREVIA VISITA DEL PROVEEDOR (NECESARIO IR PREPARANDO UNA POR DESGASTE DEL MISMO TRABAJO)', 71, NULL, '2021-09-29 09:35:10', '2021-09-29 09:35:10'),
(33, 1, 5310, 1033, 12209, 7, 21, 'C - PRESUPUESTO', 1, 1, 'SERVICIOS EXTERNOS', 'PARA RECAMBIO EN BOMBA DE PALETAS', 71, NULL, '2021-09-29 09:56:15', '2021-09-29 09:56:15'),
(34, 1, 5310, 1034, 12208, 7, 21, 'B - REGULAR', 8, 8, 'SERVICIOS EXTERNOS', 'CAMBIO DE RETENES, PARA ELIMINAR FUGAS Y APROVECHAR PARA FILTRAR ACEITE DE UNIDAD HIDRÁULICA (PROGRAMAR PARA EL DÍA 21/09/2021)', 71, NULL, '2021-09-29 10:41:09', '2021-09-29 10:41:09'),
(35, 1, 5310, 1035, 12207, 7, 21, 'B - REGULAR', 3, 3, 'REFACCIONES', 'PARA RECAMBIO EN VENTILADORES DE ASPIRACIÓN 2 Y 3', 71, NULL, '2021-09-29 10:48:18', '2021-09-29 10:48:18'),
(36, 1, 5310, 1036, 12211, 7, 21, 'B - REGULAR', 3, 3, 'SERVICIOS EXTERNOS', 'PARA MOTOR DE SALIDA DE NAPA EL QUE TIENE ES DE PLÁSTICO Y SE HA IDO DEGRADANDO CON EL TIEMPO', 71, NULL, '2021-09-29 10:54:46', '2021-09-29 10:54:46'),
(37, 1, 5310, 1037, 12206, 7, 21, 'B - REGULAR', 2, 2, 'SERVICIOS EXTERNOS', 'SE HICIERON UNA MODIFICACIONES A LA FLECHA POR SEGURIDAD QUE QUE SE SALIA LA POLEA, Y BUENO ESTE BUJE SE REQUIERE PARA PODER ROTAR EL TAMBOR.', 71, NULL, '2021-09-29 10:59:38', '2021-09-29 10:59:38'),
(38, 1, 5310, 1038, 12222, 7, 21, 'B - REGULAR', 3, 3, 'REFACCIONES', 'PARA TENER STOCK POR ALGÚN IMPREVISTO. (CON ESTAS LLUVIAS PUEDEN VOLARSE Y QUEDARNOS DESPROTEGIDOS)', 80, NULL, '2021-09-29 11:04:16', '2021-09-29 11:04:16'),
(39, 1, 5310, 1039, 12221, 7, 21, 'C - PRESUPUESTO', 6, 6, 'REFACCIONES', 'EL QUE TIENE PRESENTA DETALLES POR USO', 80, NULL, '2021-09-29 11:06:50', '2021-09-29 11:06:50'),
(40, 1, 5310, 1040, 12220, 7, 21, 'C - PRESUPUESTO', 2, 2, 'REFACCIONES', 'POR EL TIEMPO DE TRABAJO YA ES NECESARIO IR CAMBIÁNDOLOS', 80, NULL, '2021-09-29 11:12:05', '2021-09-29 11:12:05'),
(41, 1, 5310, 1041, 12219, 7, 21, 'C - PRESUPUESTO', 6, 6, 'PRODUCTOS AUXILIARES', 'PARA IR CAMBIANDO LAS QUE SE ESTÁN FUNDIENDO', 80, NULL, '2021-09-29 11:18:07', '2021-09-29 11:18:07'),
(42, 1, 5310, 1042, 12218, 7, 21, 'C - PRESUPUESTO', 17, 17, 'REFACCIONES', 'PARA RECAMBIO EN CONTACTOS', 80, NULL, '2021-09-29 11:22:40', '2021-09-29 11:22:40'),
(43, 1, 5310, 1043, 12217, 7, 21, 'C - PRESUPUESTO', 3, 3, 'SERVICIOS EXTERNOS', 'POR TIEMPO YA LE CORRESPONDE IRSE A MANTENIMIENTO', 80, NULL, '2021-09-29 11:46:11', '2021-09-29 11:46:11'),
(44, 1, 5310, 1044, 12216, 7, 21, 'C - PRESUPUESTO', 2, 2, 'REFACCIONES', 'PARA PROTECCIÓN DE BOMBA DE AGUA, SE DAÑO TÉRMICO DE LA TINA DE ENZIMAJE', 76, NULL, '2021-09-29 11:54:15', '2021-09-29 11:54:15'),
(45, 1, 5310, 1045, 12231, 7, 21, 'C - PRESUPUESTO', 2, 2, 'PRODUCTOS AUXILIARES', 'PARA LAMPARA DE LUZ NEGRA PARA REVISAR CONY', 76, NULL, '2021-09-29 11:56:22', '2021-09-29 11:56:22'),
(46, 1, 5310, 1046, 12232, 7, 21, 'C - PRESUPUESTO', 6, 6, 'REFACCIONES', 'PARA RECAMBIO A MOTOR DE ENFRIAMIENTO', 80, NULL, '2021-09-29 12:06:34', '2021-09-29 12:06:34'),
(47, 1, 5310, 1047, 12239, 7, 21, 'B - REGULAR', 6, 6, 'SERVICIOS EXTERNOS', 'SE MANDA A SERVICIO EXTERNO YA QUE AL DESARMAR SE DETECTA QUE LAS TAPAS YA TIENE JUEGO, SE APROVECHA QUE ESTA ABAJO PARA ENVIAR A RELLENAR SUS TAPAS NUEVAMENTE BARNIZAR EL EMBOBINADO', 80, NULL, '2021-09-29 12:13:47', '2021-09-29 12:13:47'),
(48, 1, 5310, 1048, 12241, 7, 21, 'B - REGULAR', 15, 15, 'PRODUCTOS AUXILIARES', 'PARA LIMPIEZAS DE CAMBIOS DE MATERIAL', 82, NULL, '2021-09-29 12:27:50', '2021-09-29 12:27:50'),
(49, 1, 5310, 1049, 12246, 7, 21, 'B - REGULAR', 5, 5, 'REFACCIONES', 'SE CAMBIA POR MECANISMO INTERNO ROTO', 80, NULL, '2021-09-29 12:30:36', '2021-09-29 12:30:36'),
(50, 1, 5310, 1050, 12248, 7, 21, 'B - REGULAR', 16, 16, 'SERVICIOS EXTERNOS', 'LLEVA DOS MESES DE TRABAJO YA ES NECESARIO REALIZAR ESTE MANTENIMIENTO PREVENTIVO', 82, NULL, '2021-09-29 12:35:14', '2021-09-29 12:35:14'),
(51, 1, 5310, 1051, 12752, 7, 21, 'B - REGULAR', 15, 15, 'PRODUCTOS AUXILIARES', 'PARA LIMPIEZA', 79, NULL, '2021-09-29 12:37:56', '2021-09-29 12:37:56'),
(52, 1, 5310, 1052, 12754, 7, 21, 'B - REGULAR', 6, 6, 'REFACCIONES', 'PARA CAMBIO EN LA TRANSMISIÓN DE VENTILADOR DE SUCCIÓN PRINCIPAL', 76, NULL, '2021-09-29 12:41:16', '2021-09-29 12:41:16'),
(53, 1, 5310, 1053, 12750, 7, 21, 'B - REGULAR', 3, 3, 'PRODUCTOS AUXILIARES', 'PARA SUJETAR POLEA DE PRIMER CUERPO', 76, NULL, '2021-09-29 12:44:04', '2021-09-29 12:44:04'),
(54, 1, 5310, 1054, 12761, 7, 21, 'B - REGULAR', 3, 3, 'PRODUCTOS AUXILIARES', 'PARA MANTENIMIENTO GENERAL', 80, NULL, '2021-09-29 12:48:57', '2021-09-29 12:48:57'),
(55, 1, 5310, 1055, 12781, 7, 21, 'B - REGULAR', 15, 15, 'PRODUCTOS AUXILIARES', 'NECESARIO PARA LA  OPERACIÓN DE SOPLADOR', 82, NULL, '2021-09-29 12:55:14', '2021-09-29 12:55:14'),
(56, 1, 5310, 1056, 12778, 7, 21, 'B - REGULAR', 3, 3, 'PRODUCTOS AUXILIARES', 'PARA REPARACIONES EN CONEXIONES DE MOTOR ASPIRACIÓN', 76, NULL, '2021-09-29 12:56:40', '2021-09-29 12:56:40'),
(57, 1, 5310, 1057, 12223, 7, 21, 'B - REGULAR', 16, 16, 'PRODUCTOS AUXILIARES', 'PARA LIMPIEZA DE AREA', 79, NULL, '2021-09-29 13:03:06', '2021-09-29 13:03:06');

-- --------------------------------------------------------

--
-- Estructura de tabla para la tabla `roles`
--

CREATE TABLE `roles` (
  `id` bigint(20) UNSIGNED NOT NULL,
  `name` varchar(255) COLLATE utf8mb4_unicode_ci NOT NULL,
  `guard_name` varchar(255) COLLATE utf8mb4_unicode_ci NOT NULL,
  `created_at` timestamp NULL DEFAULT NULL,
  `updated_at` timestamp NULL DEFAULT NULL
) ENGINE=InnoDB DEFAULT CHARSET=utf8mb4 COLLATE=utf8mb4_unicode_ci;

--
-- Volcado de datos para la tabla `roles`
--

INSERT INTO `roles` (`id`, `name`, `guard_name`, `created_at`, `updated_at`) VALUES
(1, 'ONEPIECE', 'web', '2021-09-29 01:10:46', '2021-09-29 01:10:46'),
(2, 'Administrador', 'web', '2021-09-29 01:10:47', '2021-09-29 01:10:47'),
(3, 'RecursosHumanos', 'web', '2021-09-29 01:10:47', '2021-09-29 01:10:47'),
(4, 'Sistemas', 'web', '2021-09-29 01:10:47', '2021-09-29 01:10:47'),
(5, 'Almacen', 'web', '2021-09-29 01:10:47', '2021-09-29 01:10:47'),
(6, 'Compras', 'web', '2021-09-29 01:10:47', '2021-09-29 01:10:47'),
(7, 'Contabilidad', 'web', '2021-09-29 01:10:47', '2021-09-29 01:10:47'),
(8, 'Direccion', 'web', '2021-09-29 01:10:47', '2021-09-29 01:10:47'),
(9, 'Produccion', 'web', '2021-09-29 01:10:47', '2021-09-29 01:10:47'),
(10, 'Supply', 'web', '2021-09-29 01:10:47', '2021-09-29 01:10:47'),
(11, 'Visitante', 'web', '2021-09-29 01:10:47', '2021-09-29 01:10:47'),
(12, 'Cordinador', 'web', '2021-09-29 01:10:47', '2021-09-29 01:10:47'),
(13, 'Encargado', 'web', '2021-09-29 01:10:47', '2021-09-29 01:10:47'),
(14, 'Lider', 'web', '2021-09-29 01:10:47', '2021-09-29 01:10:47'),
(15, 'Operador', 'web', '2021-09-29 01:10:47', '2021-09-29 01:10:47');

-- --------------------------------------------------------

--
-- Estructura de tabla para la tabla `role_has_permissions`
--

CREATE TABLE `role_has_permissions` (
  `permission_id` bigint(20) UNSIGNED NOT NULL,
  `role_id` bigint(20) UNSIGNED NOT NULL
) ENGINE=InnoDB DEFAULT CHARSET=utf8mb4 COLLATE=utf8mb4_unicode_ci;

--
-- Volcado de datos para la tabla `role_has_permissions`
--

INSERT INTO `role_has_permissions` (`permission_id`, `role_id`) VALUES
(1, 1),
(1, 2),
(2, 1),
(2, 3),
(3, 1),
(3, 4),
(4, 1),
(4, 5),
(5, 1),
(5, 6),
(6, 1),
(6, 7),
(7, 1),
(7, 8),
(8, 1),
(8, 2),
(8, 9),
(9, 1),
(9, 10),
(10, 1),
(10, 4),
(10, 12),
(11, 1),
(11, 4),
(11, 12),
(12, 1),
(12, 4),
(12, 12),
(13, 1),
(13, 4),
(13, 12),
(13, 13),
(14, 1),
(14, 4),
(15, 1),
(15, 4),
(16, 1),
(16, 4),
(16, 12),
(16, 13),
(16, 14),
(16, 15),
(17, 1),
(17, 4),
(17, 12),
(17, 13),
(17, 14),
(17, 15);

-- --------------------------------------------------------

--
-- Estructura de tabla para la tabla `sessions`
--

CREATE TABLE `sessions` (
  `id` varchar(255) COLLATE utf8mb4_unicode_ci NOT NULL,
  `user_id` bigint(20) UNSIGNED DEFAULT NULL,
  `ip_address` varchar(45) COLLATE utf8mb4_unicode_ci DEFAULT NULL,
  `user_agent` text COLLATE utf8mb4_unicode_ci DEFAULT NULL,
  `payload` text COLLATE utf8mb4_unicode_ci NOT NULL,
  `last_activity` int(11) NOT NULL
) ENGINE=InnoDB DEFAULT CHARSET=utf8mb4 COLLATE=utf8mb4_unicode_ci;

--
-- Volcado de datos para la tabla `sessions`
--

INSERT INTO `sessions` (`id`, `user_id`, `ip_address`, `user_agent`, `payload`, `last_activity`) VALUES
('mtBdldGOsTpuEx5xq8zrUbPWtuiWilJ6ZZlYQbpv', 1, '127.0.0.1', 'Mozilla/5.0 (Windows NT 10.0; Win64; x64; rv:93.0) Gecko/20100101 Firefox/93.0', 'YTo3OntzOjY6Il90b2tlbiI7czo0MDoiZVV1cEhyamVqOFhiNDUxZ01kZURGbVdROGl4dGh6aWRHM2E2YVNRSSI7czo2OiJfZmxhc2giO2E6Mjp7czozOiJvbGQiO2E6MDp7fXM6MzoibmV3IjthOjA6e319czozOiJ1cmwiO2E6MDp7fXM6OToiX3ByZXZpb3VzIjthOjE6e3M6MzoidXJsIjtzOjM3OiJodHRwOi8vaGxhLnRlc3QvQWxtYWNlbi9SZXF1aXNpY2lvbmVzIjt9czo1MDoibG9naW5fd2ViXzU5YmEzNmFkZGMyYjJmOTQwMTU4MGYwMTRjN2Y1OGVhNGUzMDk4OWQiO2k6MTtzOjE3OiJwYXNzd29yZF9oYXNoX3dlYiI7czo2MDoiJDJ5JDEwJGZkRkQuNVJiVE5Pa0ZiR2daVlptdC5ST0wxQlVWaS5GM2wxMzBiS0lJa1E2TldLc0daNVM2IjtzOjIxOiJwYXNzd29yZF9oYXNoX3NhbmN0dW0iO3M6NjA6IiQyeSQxMCRmZEZELjVSYlROT2tGYkdnWlZabXQuUk9MMUJVVmkuRjNsMTMwYktJSWtRNk5XS3NHWjVTNiI7fQ==', 1632920734);

-- --------------------------------------------------------

--
-- Estructura de tabla para la tabla `teams`
--

CREATE TABLE `teams` (
  `id` bigint(20) UNSIGNED NOT NULL,
  `user_id` bigint(20) UNSIGNED NOT NULL,
  `name` varchar(255) COLLATE utf8mb4_unicode_ci NOT NULL,
  `personal_team` tinyint(1) NOT NULL,
  `created_at` timestamp NULL DEFAULT NULL,
  `updated_at` timestamp NULL DEFAULT NULL
) ENGINE=InnoDB DEFAULT CHARSET=utf8mb4 COLLATE=utf8mb4_unicode_ci;

-- --------------------------------------------------------

--
-- Estructura de tabla para la tabla `team_invitations`
--

CREATE TABLE `team_invitations` (
  `id` bigint(20) UNSIGNED NOT NULL,
  `team_id` bigint(20) UNSIGNED NOT NULL,
  `email` varchar(255) COLLATE utf8mb4_unicode_ci NOT NULL,
  `role` varchar(255) COLLATE utf8mb4_unicode_ci DEFAULT NULL,
  `created_at` timestamp NULL DEFAULT NULL,
  `updated_at` timestamp NULL DEFAULT NULL
) ENGINE=InnoDB DEFAULT CHARSET=utf8mb4 COLLATE=utf8mb4_unicode_ci;

-- --------------------------------------------------------

--
-- Estructura de tabla para la tabla `team_user`
--

CREATE TABLE `team_user` (
  `id` bigint(20) UNSIGNED NOT NULL,
  `team_id` bigint(20) UNSIGNED NOT NULL,
  `user_id` bigint(20) UNSIGNED NOT NULL,
  `role` varchar(255) COLLATE utf8mb4_unicode_ci DEFAULT NULL,
  `created_at` timestamp NULL DEFAULT NULL,
  `updated_at` timestamp NULL DEFAULT NULL
) ENGINE=InnoDB DEFAULT CHARSET=utf8mb4 COLLATE=utf8mb4_unicode_ci;

-- --------------------------------------------------------

--
-- Estructura de tabla para la tabla `tiempos_requisiciones`
--

CREATE TABLE `tiempos_requisiciones` (
  `id` bigint(20) UNSIGNED NOT NULL,
  `IdUser` bigint(20) UNSIGNED DEFAULT NULL,
  `IdEmp` bigint(20) UNSIGNED NOT NULL,
  `Solicitado` datetime DEFAULT NULL,
  `Revision` datetime DEFAULT NULL,
  `Cotizado` datetime DEFAULT NULL,
  `Autorizado` datetime DEFAULT NULL,
  `Confirmado` datetime DEFAULT NULL,
  `Almacen` datetime DEFAULT NULL,
  `Entregado` datetime DEFAULT NULL,
  `requisicion_id` bigint(20) UNSIGNED NOT NULL,
  `articulo_requisicion_id` bigint(20) UNSIGNED NOT NULL,
  `deleted_at` timestamp NULL DEFAULT NULL,
  `created_at` timestamp NULL DEFAULT NULL,
  `updated_at` timestamp NULL DEFAULT NULL
) ENGINE=InnoDB DEFAULT CHARSET=utf8mb4 COLLATE=utf8mb4_unicode_ci;

--
-- Volcado de datos para la tabla `tiempos_requisiciones`
--

INSERT INTO `tiempos_requisiciones` (`id`, `IdUser`, `IdEmp`, `Solicitado`, `Revision`, `Cotizado`, `Autorizado`, `Confirmado`, `Almacen`, `Entregado`, `requisicion_id`, `articulo_requisicion_id`, `deleted_at`, `created_at`, `updated_at`) VALUES
(1, 80, 83, '2021-09-28 21:51:39', NULL, NULL, '2021-09-28 22:16:23', NULL, '2021-09-28 21:53:21', '2021-09-28 21:54:27', 1, 1, NULL, '2021-09-29 01:36:22', '2021-09-29 03:16:23'),
(2, 1, 5310, '2021-09-28 21:57:05', '2021-09-28 21:10:54', NULL, '2021-09-29 00:32:25', NULL, '2021-09-28 21:58:15', NULL, 2, 2, NULL, '2021-09-29 02:05:14', '2021-09-29 05:32:25'),
(3, 1, 5310, '2021-09-28 22:00:01', NULL, NULL, '2021-09-29 00:52:28', NULL, '2021-09-28 22:00:36', '2021-09-28 22:01:20', 3, 4, NULL, '2021-09-29 02:16:05', '2021-09-29 05:52:28'),
(4, 1, 5310, '2021-09-28 22:07:23', '2021-09-28 22:09:20', '2021-09-28 22:15:37', '2021-09-29 01:15:26', '2021-09-28 22:16:56', '2021-09-28 22:17:11', '2021-09-28 22:18:17', 4, 5, NULL, '2021-09-29 02:29:17', '2021-09-29 06:15:26'),
(5, 1, 5310, '2021-09-29 00:27:39', '2021-09-29 00:30:39', '2021-09-29 00:32:08', '2021-09-29 01:26:32', '2021-09-29 00:33:05', '2021-09-29 00:34:41', '2021-09-29 00:34:50', 5, 6, NULL, '2021-09-29 02:37:19', '2021-09-29 06:26:32'),
(6, 1, 5310, '2021-09-29 00:37:28', '2021-09-29 00:40:07', '2021-09-29 00:43:30', '2021-09-29 01:26:40', '2021-09-29 00:44:24', '2021-09-29 00:44:36', '2021-09-29 00:45:56', 6, 7, NULL, '2021-09-29 02:44:54', '2021-09-29 06:26:40'),
(7, 80, 83, '2021-09-28 21:51:39', NULL, NULL, '2021-09-28 22:16:23', NULL, '2021-09-28 21:53:21', '2021-09-28 21:54:27', 1, 1, NULL, '2021-09-29 02:51:35', '2021-09-29 03:16:23'),
(8, 1, 5310, '2021-09-28 21:57:05', NULL, NULL, '2021-09-29 00:32:25', NULL, '2021-09-28 21:58:15', NULL, 2, 2, NULL, '2021-09-29 02:57:01', '2021-09-29 05:32:25'),
(9, 1, 5310, '2021-09-28 21:57:05', '2021-09-28 21:58:19', NULL, '2021-09-29 00:43:50', NULL, NULL, NULL, 2, 3, NULL, '2021-09-29 02:57:01', '2021-09-29 05:43:50'),
(10, 1, 5310, '2021-09-28 22:00:01', NULL, NULL, '2021-09-29 00:52:28', NULL, '2021-09-28 22:00:36', '2021-09-28 22:01:20', 3, 4, NULL, '2021-09-29 02:59:58', '2021-09-29 05:52:28'),
(11, 1, 5310, '2021-09-28 22:07:23', '2021-09-28 22:09:20', '2021-09-28 22:15:37', '2021-09-29 01:15:26', '2021-09-28 22:16:56', '2021-09-28 22:17:11', '2021-09-28 22:18:17', 4, 5, NULL, '2021-09-29 03:07:18', '2021-09-29 06:15:26'),
(12, 1, 5310, '2021-09-29 00:27:39', '2021-09-29 00:30:39', '2021-09-29 00:32:08', '2021-09-29 01:26:32', '2021-09-29 00:33:05', '2021-09-29 00:34:41', '2021-09-29 00:34:50', 5, 6, NULL, '2021-09-29 05:27:34', '2021-09-29 06:26:32'),
(13, 1, 5310, '2021-09-29 00:37:28', '2021-09-29 00:40:07', '2021-09-29 00:43:30', '2021-09-29 01:26:40', '2021-09-29 00:44:24', '2021-09-29 00:44:36', '2021-09-29 00:45:56', 6, 7, NULL, '2021-09-29 05:37:24', '2021-09-29 06:26:40'),
(14, 1, 5310, '2021-09-29 00:48:08', '2021-09-29 00:49:38', '2021-09-29 00:52:07', '2021-09-29 02:43:46', '2021-09-29 00:53:00', '2021-09-29 00:53:15', '2021-09-29 00:53:26', 7, 8, NULL, '2021-09-29 05:47:51', '2021-09-29 07:43:46'),
(15, 1, 5310, '2021-09-29 00:56:08', '2021-09-29 00:58:05', NULL, '2021-09-29 02:49:53', NULL, NULL, '2021-09-29 00:59:13', 8, 9, NULL, '2021-09-29 05:56:05', '2021-09-29 07:49:53'),
(16, 1, 5310, '2021-09-29 01:06:21', '2021-09-29 01:07:31', '2021-09-29 01:15:11', '2021-09-29 03:03:13', '2021-09-29 01:16:02', '2021-09-29 01:16:26', '2021-09-29 01:17:05', 9, 10, NULL, '2021-09-29 06:06:17', '2021-09-29 08:03:13'),
(17, 1, 5310, '2021-09-29 01:20:13', '2021-09-29 01:22:33', '2021-09-29 01:25:43', '2021-09-29 03:14:57', '2021-09-29 01:27:11', '2021-09-29 01:28:29', '2021-09-29 01:28:44', 10, 11, NULL, '2021-09-29 06:20:09', '2021-09-29 08:14:57'),
(18, 1, 5310, '2021-09-29 01:20:13', '2021-09-29 01:22:40', '2021-09-29 01:26:16', '2021-09-29 03:22:33', '2021-09-29 01:27:19', '2021-09-29 01:28:23', '2021-09-29 01:28:56', 10, 12, NULL, '2021-09-29 06:20:09', '2021-09-29 08:22:33'),
(19, 1, 5310, '2021-09-29 02:36:34', '2021-09-29 02:41:47', '2021-09-29 02:43:27', '2021-09-29 03:27:09', '2021-09-29 02:44:12', '2021-09-29 02:44:34', '2021-09-29 02:44:46', 11, 13, NULL, '2021-09-29 07:36:30', '2021-09-29 08:27:09'),
(20, 1, 5310, '2021-09-29 02:46:39', '2021-09-29 02:47:29', '2021-09-29 02:49:20', '2021-09-29 03:31:44', '2021-09-29 02:50:12', '2021-09-29 02:50:26', '2021-09-29 02:51:13', 12, 14, NULL, '2021-09-29 07:46:35', '2021-09-29 08:31:44'),
(21, 1, 5310, '2021-09-29 02:53:17', NULL, NULL, '2021-09-29 03:39:06', NULL, '2021-09-29 02:54:22', '2021-09-29 02:55:00', 13, 15, NULL, '2021-09-29 07:53:10', '2021-09-29 08:39:06'),
(22, 1, 5310, '2021-09-29 02:56:47', '2021-09-29 02:57:30', NULL, '2021-09-29 03:38:58', NULL, NULL, NULL, 14, 16, NULL, '2021-09-29 07:56:43', '2021-09-29 08:38:58'),
(23, 1, 5310, '2021-09-29 02:59:31', '2021-09-29 02:59:42', '2021-09-29 03:02:55', '2021-09-29 03:45:28', '2021-09-29 03:03:37', '2021-09-29 03:03:50', '2021-09-29 03:04:08', 15, 17, NULL, '2021-09-29 07:59:27', '2021-09-29 08:45:28'),
(24, 1, 5310, '2021-09-29 03:06:06', '2021-09-29 03:06:39', NULL, '2021-09-29 03:54:35', NULL, NULL, '2021-09-29 03:10:20', 16, 18, NULL, '2021-09-29 08:06:02', '2021-09-29 08:54:35'),
(25, 1, 5310, '2021-09-29 03:11:56', '2021-09-29 03:13:39', '2021-09-29 03:14:35', '2021-09-29 03:54:26', '2021-09-29 03:15:23', '2021-09-29 03:16:46', '2021-09-29 03:16:55', 17, 19, NULL, '2021-09-29 08:11:52', '2021-09-29 08:54:26'),
(26, 1, 5310, '2021-09-29 03:20:18', '2021-09-29 03:21:24', '2021-09-29 03:22:10', '2021-09-29 04:03:21', '2021-09-29 03:22:57', '2021-09-29 03:23:11', '2021-09-29 03:23:29', 18, 20, NULL, '2021-09-29 08:20:13', '2021-09-29 09:03:21'),
(27, 1, 5310, '2021-09-29 03:25:05', '2021-09-29 03:26:06', '2021-09-29 03:26:51', '2021-09-29 04:08:11', '2021-09-29 03:27:25', '2021-09-29 03:28:00', '2021-09-29 03:28:09', 19, 21, NULL, '2021-09-29 08:25:02', '2021-09-29 09:08:11'),
(28, 1, 5310, '2021-09-29 03:29:45', '2021-09-29 03:30:23', '2021-09-29 03:31:23', '2021-09-29 04:11:34', '2021-09-29 03:32:02', '2021-09-29 03:32:15', '2021-09-29 03:32:40', 20, 22, NULL, '2021-09-29 08:29:39', '2021-09-29 09:11:34'),
(29, 1, 5310, '2021-09-29 03:34:39', '2021-09-29 03:35:50', '2021-09-29 03:36:56', '2021-09-29 04:19:33', '2021-09-29 03:39:23', '2021-09-29 03:39:42', '2021-09-29 03:40:08', 21, 23, NULL, '2021-09-29 08:34:35', '2021-09-29 09:19:33'),
(30, 1, 5310, '2021-09-29 03:34:39', '2021-09-29 03:35:53', '2021-09-29 03:38:12', '2021-09-29 04:32:39', '2021-09-29 03:39:29', '2021-09-29 03:39:46', '2021-09-29 03:40:17', 21, 24, NULL, '2021-09-29 08:34:35', '2021-09-29 09:32:39'),
(31, 1, 5310, '2021-09-29 03:42:41', '2021-09-29 03:43:51', '2021-09-29 03:45:09', NULL, '2021-09-29 03:45:44', '2021-09-29 03:46:01', '2021-09-29 03:46:15', 22, 25, NULL, '2021-09-29 08:42:38', '2021-09-29 08:46:15'),
(32, 1, 5310, '2021-09-29 03:50:14', '2021-09-29 03:50:51', '2021-09-29 03:53:29', '2021-09-29 05:57:17', NULL, NULL, NULL, 23, 26, NULL, '2021-09-29 08:48:06', '2021-09-29 10:57:17'),
(33, 1, 5310, '2021-09-29 04:00:23', '2021-09-29 04:02:06', '2021-09-29 04:03:04', '2021-09-29 06:20:14', NULL, NULL, NULL, 24, 28, NULL, '2021-09-29 09:00:19', '2021-09-29 11:20:14'),
(34, 1, 5310, '2021-09-29 04:05:14', '2021-09-29 04:05:28', '2021-09-29 04:07:54', '2021-09-29 06:40:35', NULL, NULL, NULL, 25, 29, NULL, '2021-09-29 09:05:10', '2021-09-29 11:40:35'),
(35, 1, 5310, '2021-09-29 04:09:36', '2021-09-29 04:10:32', '2021-09-29 04:11:12', '2021-09-29 06:40:57', '2021-09-29 04:11:52', '2021-09-29 04:12:07', '2021-09-29 04:12:16', 26, 30, NULL, '2021-09-29 09:09:31', '2021-09-29 11:40:57'),
(36, 1, 5310, '2021-09-29 04:14:07', '2021-09-29 04:14:40', NULL, '2021-09-29 06:40:50', NULL, NULL, NULL, 27, 31, NULL, '2021-09-29 09:14:03', '2021-09-29 11:40:50'),
(37, 1, 5310, '2021-09-29 04:17:10', '2021-09-29 04:18:26', '2021-09-29 04:19:15', '2021-09-29 06:40:43', '2021-09-29 04:19:52', '2021-09-29 04:20:12', '2021-09-29 04:20:55', 28, 32, NULL, '2021-09-29 09:17:03', '2021-09-29 11:40:43'),
(38, 1, 5310, '2021-09-29 04:22:38', NULL, NULL, '2021-09-29 06:51:54', NULL, '2021-09-29 04:25:12', '2021-09-29 04:25:38', 29, 33, NULL, '2021-09-29 09:22:33', '2021-09-29 11:51:54'),
(39, 1, 5310, '2021-09-29 04:27:18', NULL, NULL, '2021-09-29 07:00:17', NULL, '2021-09-29 04:28:36', '2021-09-29 04:29:07', 30, 34, NULL, '2021-09-29 09:27:14', '2021-09-29 12:00:17'),
(40, 1, 5310, '2021-09-29 04:30:49', '2021-09-29 04:31:25', '2021-09-29 04:32:19', '2021-09-29 07:20:48', '2021-09-29 04:33:10', '2021-09-29 04:33:25', '2021-09-29 04:33:35', 31, 35, NULL, '2021-09-29 09:30:46', '2021-09-29 12:20:48'),
(41, 1, 5310, '2021-09-29 04:35:14', NULL, NULL, '2021-09-29 07:32:54', NULL, '2021-09-29 04:36:21', '2021-09-29 04:36:46', 32, 36, NULL, '2021-09-29 09:35:10', '2021-09-29 12:32:54'),
(42, 1, 5310, '2021-09-29 04:56:21', '2021-09-29 04:56:38', NULL, NULL, NULL, NULL, NULL, 33, 37, NULL, '2021-09-29 09:56:15', '2021-09-29 09:56:38'),
(43, 1, 5310, '2021-09-29 05:41:15', '2021-09-29 05:46:38', NULL, NULL, NULL, NULL, NULL, 34, 38, NULL, '2021-09-29 10:41:09', '2021-09-29 10:46:38'),
(44, 1, 5310, '2021-09-29 05:48:23', NULL, NULL, NULL, NULL, '2021-09-29 05:50:30', '2021-09-29 05:50:46', 35, 39, NULL, '2021-09-29 10:48:18', '2021-09-29 10:50:46'),
(45, 1, 5310, '2021-09-29 05:54:51', '2021-09-29 05:56:01', '2021-09-29 05:57:05', NULL, '2021-09-29 05:58:00', '2021-09-29 05:58:09', '2021-09-29 05:58:19', 36, 40, NULL, '2021-09-29 10:54:46', '2021-09-29 10:58:19'),
(46, 1, 5310, '2021-09-29 05:59:42', '2021-09-29 06:00:25', NULL, NULL, NULL, NULL, NULL, 37, 41, NULL, '2021-09-29 10:59:38', '2021-09-29 11:00:25'),
(47, 1, 5310, '2021-09-29 06:04:22', '2021-09-29 06:05:15', NULL, NULL, NULL, NULL, NULL, 38, 42, NULL, '2021-09-29 11:04:16', '2021-09-29 11:05:15'),
(48, 1, 5310, '2021-09-29 06:06:56', '2021-09-29 06:07:09', '2021-09-29 06:08:55', NULL, NULL, NULL, NULL, 39, 43, NULL, '2021-09-29 11:06:51', '2021-09-29 11:08:55'),
(49, 1, 5310, '2021-09-29 06:12:11', NULL, NULL, NULL, NULL, NULL, NULL, 40, 44, NULL, '2021-09-29 11:12:06', '2021-09-29 11:12:11'),
(50, 1, 5310, '2021-09-29 06:12:11', NULL, NULL, NULL, NULL, NULL, NULL, 40, 45, NULL, '2021-09-29 11:12:06', '2021-09-29 11:12:11'),
(51, 1, 5310, '2021-09-29 06:12:11', NULL, NULL, NULL, NULL, NULL, NULL, 40, 46, NULL, '2021-09-29 11:12:06', '2021-09-29 11:12:11'),
(52, 1, 5310, '2021-09-29 06:18:12', '2021-09-29 06:19:11', '2021-09-29 06:19:56', NULL, '2021-09-29 06:20:51', '2021-09-29 06:20:59', '2021-09-29 06:21:14', 41, 47, NULL, '2021-09-29 11:18:08', '2021-09-29 11:21:14'),
(53, 1, 5310, '2021-09-29 06:30:08', '2021-09-29 06:30:18', '2021-09-29 06:33:56', NULL, '2021-09-29 06:41:43', '2021-09-29 06:42:31', '2021-09-29 06:42:51', 42, 48, NULL, '2021-09-29 11:22:40', '2021-09-29 11:42:51'),
(54, 1, 5310, '2021-09-29 06:46:16', '2021-09-29 06:50:50', '2021-09-29 06:51:43', NULL, '2021-09-29 06:52:12', '2021-09-29 06:52:34', '2021-09-29 06:52:48', 43, 54, NULL, '2021-09-29 11:46:11', '2021-09-29 11:52:48'),
(55, 1, 5310, '2021-09-29 06:54:22', '2021-09-29 06:54:38', NULL, NULL, NULL, NULL, NULL, 44, 55, NULL, '2021-09-29 11:54:15', '2021-09-29 11:54:38'),
(56, 1, 5310, '2021-09-29 06:56:29', '2021-09-29 06:58:48', '2021-09-29 06:59:42', NULL, NULL, NULL, NULL, 45, 56, NULL, '2021-09-29 11:56:22', '2021-09-29 11:59:42'),
(57, 1, 5310, '2021-09-29 07:08:36', NULL, NULL, NULL, NULL, '2021-09-29 07:10:57', '2021-09-29 07:11:32', 46, 57, NULL, '2021-09-29 12:06:34', '2021-09-29 12:11:32'),
(58, 1, 5310, '2021-09-29 07:13:51', '2021-09-29 07:19:30', '2021-09-29 07:20:29', NULL, '2021-09-29 07:21:21', '2021-09-29 07:21:34', '2021-09-29 07:21:44', 47, 58, NULL, '2021-09-29 12:13:47', '2021-09-29 12:21:44'),
(59, 1, 5310, '2021-09-29 07:27:55', NULL, NULL, NULL, NULL, '2021-09-29 07:28:15', '2021-09-29 07:28:41', 48, 59, NULL, '2021-09-29 12:27:50', '2021-09-29 12:28:41'),
(60, 1, 5310, '2021-09-29 07:31:48', '2021-09-29 07:31:59', '2021-09-29 07:32:40', NULL, NULL, NULL, NULL, 49, 60, NULL, '2021-09-29 12:30:37', '2021-09-29 12:32:40'),
(61, 1, 5310, '2021-09-29 07:35:19', '2021-09-29 07:36:08', NULL, NULL, NULL, NULL, NULL, 50, 61, NULL, '2021-09-29 12:35:15', '2021-09-29 12:36:08'),
(62, 1, 5310, '2021-09-29 07:38:00', NULL, NULL, NULL, NULL, '2021-09-29 07:39:04', '2021-09-29 07:39:26', 51, 62, NULL, '2021-09-29 12:37:56', '2021-09-29 12:39:26'),
(63, 1, 5310, '2021-09-29 07:41:21', NULL, NULL, NULL, NULL, '2021-09-29 07:41:36', '2021-09-29 07:41:54', 52, 63, NULL, '2021-09-29 12:41:16', '2021-09-29 12:41:54'),
(64, 1, 5310, '2021-09-29 07:44:09', '2021-09-29 07:44:20', NULL, NULL, NULL, NULL, NULL, 53, 64, NULL, '2021-09-29 12:44:04', '2021-09-29 12:44:20'),
(65, 1, 5310, '2021-09-29 07:49:08', NULL, NULL, NULL, NULL, '2021-09-29 07:51:03', '2021-09-29 07:51:42', 54, 65, NULL, '2021-09-29 12:48:58', '2021-09-29 12:51:42'),
(66, 1, 5310, '2021-09-29 07:49:08', NULL, NULL, NULL, NULL, '2021-09-29 07:51:07', '2021-09-29 07:52:15', 54, 66, NULL, '2021-09-29 12:48:58', '2021-09-29 12:52:15'),
(67, 1, 5310, '2021-09-29 07:49:08', NULL, NULL, NULL, NULL, '2021-09-29 07:51:10', '2021-09-29 07:52:57', 54, 67, NULL, '2021-09-29 12:48:58', '2021-09-29 12:52:57'),
(68, 1, 5310, '2021-09-29 07:49:08', NULL, NULL, NULL, NULL, '2021-09-29 07:51:14', '2021-09-29 07:53:35', 54, 68, NULL, '2021-09-29 12:48:58', '2021-09-29 12:53:35'),
(69, 1, 5310, '2021-09-29 07:49:08', NULL, NULL, NULL, NULL, '2021-09-29 07:50:21', '2021-09-29 07:50:56', 54, 69, NULL, '2021-09-29 12:48:58', '2021-09-29 12:50:56'),
(70, 1, 5310, '2021-09-29 07:55:18', NULL, NULL, NULL, NULL, '2021-09-29 08:05:11', '2021-09-29 08:05:33', 55, 70, NULL, '2021-09-29 12:55:14', '2021-09-29 13:05:33'),
(71, 1, 5310, '2021-09-29 07:56:47', NULL, NULL, NULL, NULL, '2021-09-29 07:57:50', '2021-09-29 08:04:15', 56, 71, NULL, '2021-09-29 12:56:40', '2021-09-29 13:04:15'),
(72, 1, 5310, '2021-09-29 08:04:59', NULL, NULL, NULL, NULL, NULL, NULL, 57, 72, NULL, '2021-09-29 13:03:06', '2021-09-29 13:04:59');

-- --------------------------------------------------------

--
-- Estructura de tabla para la tabla `turnos`
--

CREATE TABLE `turnos` (
  `id` bigint(20) UNSIGNED NOT NULL,
  `nomtur` varchar(255) COLLATE utf8mb4_unicode_ci NOT NULL,
  `LVIni` varchar(255) COLLATE utf8mb4_unicode_ci DEFAULT NULL,
  `LVFin` varchar(255) COLLATE utf8mb4_unicode_ci DEFAULT NULL,
  `SDIni` varchar(255) COLLATE utf8mb4_unicode_ci DEFAULT NULL,
  `SDFin` varchar(255) COLLATE utf8mb4_unicode_ci DEFAULT NULL,
  `cargaExt` int(11) DEFAULT NULL,
  `departamento_id` bigint(20) UNSIGNED NOT NULL,
  `deleted_at` timestamp NULL DEFAULT NULL,
  `created_at` timestamp NULL DEFAULT NULL,
  `updated_at` timestamp NULL DEFAULT NULL
) ENGINE=InnoDB DEFAULT CHARSET=utf8mb4 COLLATE=utf8mb4_unicode_ci;

-- --------------------------------------------------------

--
-- Estructura de tabla para la tabla `users`
--

CREATE TABLE `users` (
  `id` bigint(20) UNSIGNED NOT NULL,
  `IdEmp` int(11) NOT NULL,
  `name` varchar(255) COLLATE utf8mb4_unicode_ci NOT NULL,
  `Departamento` varchar(75) COLLATE utf8mb4_unicode_ci DEFAULT NULL,
  `password` varchar(255) COLLATE utf8mb4_unicode_ci NOT NULL,
  `two_factor_secret` text COLLATE utf8mb4_unicode_ci DEFAULT NULL,
  `two_factor_recovery_codes` text COLLATE utf8mb4_unicode_ci DEFAULT NULL,
  `remember_token` varchar(100) COLLATE utf8mb4_unicode_ci DEFAULT NULL,
  `current_team_id` bigint(20) UNSIGNED DEFAULT NULL,
  `profile_photo_path` varchar(2048) COLLATE utf8mb4_unicode_ci DEFAULT NULL,
  `deleted_at` timestamp NULL DEFAULT NULL,
  `created_at` timestamp NULL DEFAULT NULL,
  `updated_at` timestamp NULL DEFAULT NULL
) ENGINE=InnoDB DEFAULT CHARSET=utf8mb4 COLLATE=utf8mb4_unicode_ci;

--
-- Volcado de datos para la tabla `users`
--

INSERT INTO `users` (`id`, `IdEmp`, `name`, `Departamento`, `password`, `two_factor_secret`, `two_factor_recovery_codes`, `remember_token`, `current_team_id`, `profile_photo_path`, `deleted_at`, `created_at`, `updated_at`) VALUES
(1, 5310, 'DEVELOPER', 'ADMINISTRADOR', '$2y$10$fdFD.5RbTNOkFbGgZVZmt.ROL1BUVi.F3l130bKIIkQ6NWKsGZ5S6', NULL, NULL, NULL, NULL, NULL, NULL, '2021-09-29 01:10:51', '2021-09-29 01:10:51'),
(2, 10000, 'DEVELOPER 2', 'ADMINISTRADOR', '$2y$10$MP2HmEBZB9tm.ND8vsysVO445EffNxrChmT5sIqANNhr3kTJaAFpC', NULL, NULL, NULL, NULL, NULL, NULL, '2021-09-29 01:10:51', '2021-09-29 01:10:51'),
(3, 10001, 'TESTER', 'ADMINISTRADOR', '$2y$10$pQDL6.ZXXqFs8naFSHJZBeQhyKn40admsfqygf8oUHFnstiO40R9.', NULL, NULL, NULL, NULL, NULL, NULL, '2021-09-29 01:10:51', '2021-09-29 01:10:51'),
(4, 10002, 'Recursos Humanos', 'RECURSOS HUMANOS', '$2y$10$xW4rmog2uG2JJPgqBQYjTu.1.3xoCXLiiU1WsmJWd4HMcui3rUYVO', NULL, NULL, NULL, NULL, NULL, NULL, '2021-09-29 01:10:52', '2021-09-29 01:10:52'),
(5, 10003, 'Almacen', 'ALMACEN', '$2y$10$p8YxbpNo/fNjy.e8ceqGOuj6Qh3hBQHkZuq27gE7dB17Ug986uB96', NULL, NULL, NULL, NULL, NULL, NULL, '2021-09-29 01:10:52', '2021-09-29 01:10:52'),
(6, 10004, 'Compras', 'COMPRAS', '$2y$10$f7Bg7S6OD5mBcm97YYzx5unLO.bSW1JVaUlbtA167h5P5HLw.rTbO', NULL, NULL, NULL, NULL, NULL, NULL, '2021-09-29 01:10:52', '2021-09-29 01:10:52'),
(7, 10005, 'Sistemas', 'SISTEMAS', '$2y$10$C//TtnWbbOe8abj032ZOQuwF3O5zriQvFncf.AneMwbTrfrGuMFFC', NULL, NULL, NULL, NULL, NULL, NULL, '2021-09-29 01:10:52', '2021-09-29 01:10:52'),
(8, 10006, 'Direccion', 'Direccion', '$2y$10$DeH84y1UyFN7Pm0kx3T.O.mcQy3e2RXreFhzxxrvVxcuy0pAA6kaO', NULL, NULL, NULL, NULL, NULL, NULL, '2021-09-29 01:10:52', '2021-09-29 01:10:52'),
(9, 10007, 'Contabilidad', 'Contabilidad', '$2y$10$I2eDAB8EAxBKdAq2jU4XauSSRDU8LUIPZS3RNpSVE914C4BAmXuo.', NULL, NULL, NULL, NULL, NULL, NULL, '2021-09-29 01:10:53', '2021-09-29 01:10:53'),
(10, 10008, 'Contabilidad', 'Contabilidad', '$2y$10$WvijRMntCeJZBW.BwXTh3O1JjUeUynCJxyXh26wjzMY6.v1BaANSi', NULL, NULL, NULL, NULL, NULL, NULL, '2021-09-29 01:10:53', '2021-09-29 01:10:53'),
(11, 10009, 'DEPARTAMENTO X', 'DEPARTAMENTO X', '$2y$10$8KfD7VsQlMaHlzviaQCtaOD4U1vF5X8Kiod9wiwj2Q7BmekeHSMeC', NULL, NULL, NULL, NULL, NULL, NULL, '2021-09-29 01:10:53', '2021-09-29 01:10:53'),
(12, 2, 'MAXIMO CARRERA MARTINEZ', '2', '$2y$10$qVyvt1tAkhADmRiiJYst0OcvQskhnrMf2q8qexTk545TR6BAuzuQ6', NULL, NULL, NULL, NULL, NULL, NULL, '2021-09-29 01:10:53', '2021-09-29 01:10:53'),
(13, 3, 'PEDRO ASENCION MUÑOZ CHAVEZ', '2', '$2y$10$0sYxY8yEQUVvKDBV23hzs.x7PEDqudJ6CNSKnmn4V94eOI2ZamqA.', NULL, NULL, NULL, NULL, NULL, NULL, '2021-09-29 01:10:53', '2021-09-29 01:10:53'),
(14, 4, 'GUADALUPE SALGADO NERI', '2', '$2y$10$FzNcFxUIP3Rw0xoZhLBl9OPegpRQ0zgNczyzzA43j/7juOJ0tlXnq', NULL, NULL, NULL, NULL, NULL, NULL, '2021-09-29 01:10:53', '2021-09-29 01:10:53'),
(15, 5, 'MARIA ANTONIA LIMON TORRES', '2', '$2y$10$.WCAyZZTJh/pZNYL1j8oiORsAzL/LforC/TxX69/sx0VKiXqWk8u2', NULL, NULL, NULL, NULL, NULL, NULL, '2021-09-29 01:10:53', '2021-09-29 01:10:53'),
(16, 6, 'HUMBERTO MARTINEZ TRUJILLO', '1', '$2y$10$KrzUccBppAEabaMvq5eP3.qNJyaLoPQxnJZOn8qXvMB1U2Hh6qnu6', NULL, NULL, NULL, NULL, NULL, NULL, '2021-09-29 01:10:53', '2021-09-29 01:10:53'),
(17, 8, 'JANNINA RUIZ DEL SOL LEON', '1', '$2y$10$MIWSn3Yh0Tqm5w2FUBFD6uQv351oXQ8VJlGVoHicOEAuzykrfKY7a', NULL, NULL, NULL, NULL, NULL, NULL, '2021-09-29 01:10:54', '2021-09-29 01:10:54'),
(18, 10, 'ARTURO RODRIGUEZ CARMONA', '1', '$2y$10$1IlOKMVVHsO5eoq2dBFIv.8a72furbyuc8S8N6cEIcrg4ZmZTYduW', NULL, NULL, NULL, NULL, NULL, NULL, '2021-09-29 01:10:54', '2021-09-29 01:10:54'),
(19, 12, 'MARIA MARINA MORALES SANCHEZ', '1', '$2y$10$kf4QF9WUDyb0OkPWInimCee2/3Evm7cdsIByS5b4JTUN1qhXR5dee', NULL, NULL, NULL, NULL, NULL, NULL, '2021-09-29 01:10:54', '2021-09-29 01:10:54'),
(20, 13, 'FRUMENCIA LEYDEN LOPEZ SILVA', '1', '$2y$10$rOSjNam6vuSKIpmDRzAloOKsHgqhI9XQ5NdfvqQ3PWpaWfc6dLNVa', NULL, NULL, NULL, NULL, NULL, NULL, '2021-09-29 01:10:54', '2021-09-29 01:10:54'),
(21, 14, 'EDILBERTO ROJAS MORALES', '1', '$2y$10$ZiXz.X7VVQUwGydeZ2/Q7.Fcpk6PGwnVvi4MnBfxx9irHRHdbSvcy', NULL, NULL, NULL, NULL, NULL, NULL, '2021-09-29 01:10:54', '2021-09-29 01:10:54'),
(22, 15, 'FLOR ERENDIRA PEREZ ALTAMIRANO', '1', '$2y$10$GA.7NKkuKbSVbNKlQgRh5eUnXpByaDMax4gmO.GdnOQPk47CVZxZG', NULL, NULL, NULL, NULL, NULL, NULL, '2021-09-29 01:10:54', '2021-09-29 01:10:54'),
(23, 16, 'ELIZABETH HERNANDEZ PEREZ', '1', '$2y$10$8E6gzq4WmG1BSHLjTBA0H.cxME7irrMrF.kYu5UXvlnjHTzaKamYS', NULL, NULL, NULL, NULL, NULL, NULL, '2021-09-29 01:10:54', '2021-09-29 01:10:54'),
(24, 17, 'BEATRIZ EUGENIA LOPEZ LOZADA', '1', '$2y$10$2zwRwQkNMzhsMs5buOQbj.GYZOKg/nJMa8oqznshAlyWmxihS0HOi', NULL, NULL, NULL, NULL, NULL, NULL, '2021-09-29 01:10:54', '2021-09-29 01:10:54'),
(25, 21, 'JOSE ALFONSO VENTURA ELIZAGA', '1', '$2y$10$V.8/PH2hqN6vwoRZ4HDiS.xwK5h8X01KdjL6BCYdqLPkJf0BOujwG', NULL, NULL, NULL, NULL, NULL, NULL, '2021-09-29 01:10:55', '2021-09-29 01:10:55'),
(26, 22, 'RODOLFO REYES GARCIA', '2', '$2y$10$J/yOw/WVaKdoOcmyUiru6uo5MtG2nxoPT6vx5HbK.iUl0UO7WaYqm', NULL, NULL, NULL, NULL, NULL, NULL, '2021-09-29 01:10:55', '2021-09-29 01:10:55'),
(27, 27, 'ROCIO BERENICE LIMON RAMIREZ', '1', '$2y$10$jYHp07ihjafe9tWwT9WIJ.X1Y3aQxVngXpGCyk6zqd41xlbbvO27y', NULL, NULL, NULL, NULL, NULL, NULL, '2021-09-29 01:10:55', '2021-09-29 01:10:55'),
(28, 28, 'JUAN PABLO QUINTANA ELIZAGA', '1', '$2y$10$jTiJjOZCZv1IMeu2fxtD/.lixLxQ4pZnGj6YyUA01KynZLcLbCalC', NULL, NULL, NULL, NULL, NULL, NULL, '2021-09-29 01:10:55', '2021-09-29 01:10:55'),
(29, 32, 'RICARDO CASTILLO OLIVER', '1', '$2y$10$GkLh2gfB/kKuY5Loa9QLhOk.XKEd7SWV/msVTkDlSHB93Ts6QY5Q2', NULL, NULL, NULL, NULL, NULL, NULL, '2021-09-29 01:10:55', '2021-09-29 01:10:55'),
(30, 36, 'MIGUEL ANGEL GARCIA QUIÑONES', '1', '$2y$10$XxIpYNAQSLu.hV/6KJliReom4mL0YNWO3uY0WwpUbmOaVkjhjgDHa', NULL, NULL, NULL, NULL, NULL, NULL, '2021-09-29 01:10:55', '2021-09-29 01:10:55'),
(31, 39, 'MANUEL HUMBERTO RAMIREZ CASTILLO', '1', '$2y$10$pG2nNH8C52oIx.VFQNBv4.Yc1pNT1bXJVQZ2m9wDIKJYrYnNoZGZy', NULL, NULL, NULL, NULL, NULL, NULL, '2021-09-29 01:10:56', '2021-09-29 01:10:56'),
(32, 41, 'JAVIER PEREZ GIL', '1', '$2y$10$OuL2gWwGfWfYLXhzAG2ar.uJNGdfXEEFXIlUY9.ux2E6dyiaa6Hi2', NULL, NULL, NULL, NULL, NULL, NULL, '2021-09-29 01:10:56', '2021-09-29 01:10:56'),
(33, 43, 'GUADALUPE BEATRIZ JARAMILLO NOLASCO', '2', '$2y$10$HaTW3mqbwME4QlljDZ330ea62K.d9GFMsVoFU9p5AAeKTKwqC4hIO', NULL, NULL, NULL, NULL, NULL, NULL, '2021-09-29 01:10:56', '2021-09-29 01:10:56'),
(34, 49, 'JUAN JOSE MENDOZA PASTRANA', '1', '$2y$10$koUk6zAaUr7y1PZpjrZdSehh2BsbZvfAmnm.uw7qt17lrI76aTISm', NULL, NULL, NULL, NULL, NULL, NULL, '2021-09-29 01:10:56', '2021-09-29 01:10:56'),
(35, 53, 'GERARDO BALTAZAR LOPEZ ROSALES', '2', '$2y$10$QodL5/f7kXyouNu2rXsdm.u3TsdG.gTfV0vYhgddQWv.rdC7wpa7u', NULL, NULL, NULL, NULL, NULL, NULL, '2021-09-29 01:10:56', '2021-09-29 01:10:56'),
(36, 57, 'FEDERICO LOPEZ CARRASCO', '1', '$2y$10$wOLNsd2r81rWlGlBAnb65OjJDnvxcxe6tSqfvRgXPiJPZcQ8ijYM2', NULL, NULL, NULL, NULL, NULL, NULL, '2021-09-29 01:10:56', '2021-09-29 01:10:56'),
(37, 58, 'ADRIAN JUAREZ REMEDIOS', '1', '$2y$10$dl2WbjDahohMCSWVnTeIduDlIb6.zkjDR5TCh7aMznj5eAB95E5ii', NULL, NULL, NULL, NULL, NULL, NULL, '2021-09-29 01:10:56', '2021-09-29 01:10:56'),
(38, 61, 'SANTIAGO EDMUNDO TOLEDO MORA', '1', '$2y$10$GMUSWo2uufD8Z5j1DOQloeWDo5NBfPCfvC2mvGnpisAzjAbGYnt6a', NULL, NULL, NULL, NULL, NULL, NULL, '2021-09-29 01:10:56', '2021-09-29 01:10:56'),
(39, 63, 'MARIA ANDREA ZAVALA USCANGA', '1', '$2y$10$N.GQEREv/aobMI2DzQO1NuHZo8vlr4J/Dojuz8TIKGc0HgN8GO3j.', NULL, NULL, NULL, NULL, NULL, NULL, '2021-09-29 01:10:56', '2021-09-29 01:10:56'),
(40, 64, 'PATRICIA RODRIGUEZ NESME', '1', '$2y$10$Xln3CTTHdabzqc2tzppoEuDAbcDSV/fchtJJzK22Eiu.AndWeEC1G', NULL, NULL, NULL, NULL, NULL, NULL, '2021-09-29 01:10:57', '2021-09-29 01:10:57'),
(41, 66, 'KAREN ARELI ARMENDIA TELLEZ', '1', '$2y$10$j4CFNoLinJNz3HfWV5g/IO7fG3jKN7HlDiTjMEGRr4fvzrA36dU.i', NULL, NULL, NULL, NULL, NULL, NULL, '2021-09-29 01:10:57', '2021-09-29 01:10:57'),
(42, 67, 'MARIA SOLEDAD CANO ALVAREZ', '1', '$2y$10$3agfgljO9evzKFwWAAjDS.bzlzaB3Sxa2cO33WqZTKUb9BKprktsy', NULL, NULL, NULL, NULL, NULL, NULL, '2021-09-29 01:10:57', '2021-09-29 01:10:57'),
(43, 69, 'LUIS HERNANDEZ GARCIA', '2', '$2y$10$/fqsRfXi7fYaQKohoLZkruFTAvIujBI/pwKO.IvZgOmspct940Rzu', NULL, NULL, NULL, NULL, NULL, NULL, '2021-09-29 01:10:57', '2021-09-29 01:10:57'),
(44, 70, 'DIANA LIZET MUÑOZ HERRERA', '2', '$2y$10$9bJ1EjlE7DJFdbjCWgw.E.WZDgp2crTghzKD7jYkq/EPWQeKsXYd.', NULL, NULL, NULL, NULL, NULL, NULL, '2021-09-29 01:10:57', '2021-09-29 01:10:57'),
(45, 71, 'MARIELA MARTINEZ ZEPEDA', '1', '$2y$10$UcDkSTbOMfp0mpMFvxDP3eMH5UBT31ri7CYHRiN8h3bL4GRI5a6mi', NULL, NULL, NULL, NULL, NULL, NULL, '2021-09-29 01:10:57', '2021-09-29 01:10:57'),
(46, 72, 'NORMA ANGELICA HERNANDES RESENDIZ', '1', '$2y$10$U8RxyPvEnkQjgdIWXaJ.KOLE4L.ekW6pNZDSTNMngkgyuzLHeaZ9i', NULL, NULL, NULL, NULL, NULL, NULL, '2021-09-29 01:10:57', '2021-09-29 01:10:57'),
(47, 73, 'JOCELYN RODRIGUEZ LOPEZ', '1', '$2y$10$rrQPNjF2ZTqd2CiYxPujKOHbiojdK2WFU4NUBV85P6W.iu.oI5.em', NULL, NULL, NULL, NULL, NULL, NULL, '2021-09-29 01:10:57', '2021-09-29 01:10:57'),
(48, 74, 'OSIRIS YOSEF HERNANDEZ PEREZ', '1', '$2y$10$fF5BpAxjtnlhM5BEcc.Axu790msbPT3hTNLn4suJzFqwPoOBGmn1m', NULL, NULL, NULL, NULL, NULL, NULL, '2021-09-29 01:10:57', '2021-09-29 01:10:57'),
(49, 75, 'GISELA LIZBETH JARAMILLO MARIN', '1', '$2y$10$ytZ99.T/hyutFdYLifzjF.H833cBXABRg5shHLg26rd2P91/3Yuzq', NULL, NULL, NULL, NULL, NULL, NULL, '2021-09-29 01:10:57', '2021-09-29 01:10:57'),
(50, 76, 'LUIS ENRIQUE GALVAN BARON', '1', '$2y$10$SFYuAC9o1Pj1l5Vj8t7J/uaw7M6TkRLx.5BVPsAXc2jFZUpndLJbm', NULL, NULL, NULL, NULL, NULL, NULL, '2021-09-29 01:10:58', '2021-09-29 01:10:58'),
(51, 78, 'KEVIN CISNEROS RAMIREZ', '1', '$2y$10$0c2uMYkngOMOAKpA5dWSMuEQQoS3lZphFtE981jazSrz39vQO/pV2', NULL, NULL, NULL, NULL, NULL, NULL, '2021-09-29 01:10:58', '2021-09-29 01:10:58'),
(52, 780, 'IGNACIO MITRE RODRIGUEZ', '1', '$2y$10$a9zpO5VddHNJJ5fm46HIRuDFEvd8pcwuNKshOs9LMA950Wn2VOzXG', NULL, NULL, NULL, NULL, NULL, NULL, '2021-09-29 01:10:58', '2021-09-29 01:10:58'),
(53, 870, 'CARLOS GABRIEL LOPEZ MENDEZ', '1', '$2y$10$HIvV3FhUOyHLeKjr1ElPdeinYRaF.sdoNTwcvuB6mIuikBIMAzTSa', NULL, NULL, NULL, NULL, NULL, NULL, '2021-09-29 01:10:58', '2021-09-29 01:10:58'),
(54, 15, 'MIGUEL PALACIOS SOSA', '3', '$2y$10$1/W1XhvlKKxWBEqLLx022uxcfQyC3U72tTNRxBKdtBmUFbwut7r3C', NULL, NULL, NULL, NULL, NULL, NULL, '2021-09-29 01:10:58', '2021-09-29 01:10:58'),
(55, 116, 'MARIA BIOLA HERNANDEZ GARCIA', '3', '$2y$10$Q21YRGba2p6K0.PcCeI8GerTqVlBgO0hQF.tCVETbS9TNpvCK0I2m', NULL, NULL, NULL, NULL, NULL, NULL, '2021-09-29 01:10:58', '2021-09-29 01:10:58'),
(56, 122, 'BRIGIDA TERESA AMADOR ROMERO', '3', '$2y$10$ssqaNbjiHRZENSY375Exa.laUsglatdRPHl9Lf8JISZZOFsTdJffW', NULL, NULL, NULL, NULL, NULL, NULL, '2021-09-29 01:10:58', '2021-09-29 01:10:58'),
(57, 139, 'MA COLUMBA FRANCISCA DIAZ ABRIZ', '3', '$2y$10$fpq43PClYsN3vVVZl6Rd.ur4a3QG/13sX8mIYn/zG.xWxEFTxybLi', NULL, NULL, NULL, NULL, NULL, NULL, '2021-09-29 01:10:58', '2021-09-29 01:10:58'),
(58, 628, 'ELOY BONILLA XICOHTENCATL', '3', '$2y$10$KCx4tSIcduWgF.EEK59xeuR7OTZ5xSkOn2DinBbqHBg/sAyQzHMhi', NULL, NULL, NULL, NULL, NULL, NULL, '2021-09-29 01:10:59', '2021-09-29 01:10:59'),
(59, 875, 'LORENA HERNANDEZ NAVARRO', '3', '$2y$10$6R.RGv4EAkT4Y3i4xeY4WuNziopVnUd.6Ac2KnehBQAP6CPO3lnTW', NULL, NULL, NULL, NULL, NULL, NULL, '2021-09-29 01:10:59', '2021-09-29 01:10:59'),
(60, 963, 'JONATHAN CRISOSTOMO OROZCO', '3', '$2y$10$rs2ftsEbmOJsumM1EZkYqOF0wNfZiSU0gYRK6N/pywTcZmp5Q7y66', NULL, NULL, NULL, NULL, NULL, NULL, '2021-09-29 01:10:59', '2021-09-29 01:10:59'),
(61, 973, 'PRAXEDES FLORES DIAZ', '3', '$2y$10$1lPmtLb/qOZ/b6pjI0Dm9u8up4Gmgu3LMmL5.5Oif6RjesYmcuBka', NULL, NULL, NULL, NULL, NULL, NULL, '2021-09-29 01:10:59', '2021-09-29 01:10:59'),
(62, 1024, 'ITZEL BELEN RAMIREZ REYES', '3', '$2y$10$oC/qyOMswa07IlYHs6CNmO5DLC8IDwEPz63TW0oFqBrM30cSCZ.3K', NULL, NULL, NULL, NULL, NULL, NULL, '2021-09-29 01:10:59', '2021-09-29 01:10:59'),
(63, 1059, 'CLAUDIA CARMONA ROJAS', '3', '$2y$10$eKNF8dy1ekDqaRYoLBLo.e6ATDu1Rxj/7PerwaHg.X.A52d8hLNLa', NULL, NULL, NULL, NULL, NULL, NULL, '2021-09-29 01:10:59', '2021-09-29 01:10:59'),
(64, 1075, 'M ALEJANDRA GUADALUP MARTINEZ CORONA', '3', '$2y$10$LE3vIH8uv1QCPz/Dsz.HO.qVGqC1DyF0Rx3CduHUitecjD9yRfoPm', NULL, NULL, NULL, NULL, NULL, NULL, '2021-09-29 01:10:59', '2021-09-29 01:10:59'),
(65, 1076, 'ESTEFANIA ARELLANO CRUZ', '3', '$2y$10$cYD90hcd3tn8plrqdItCwuwhA2M.5Z3yHX9RhlboapOq.ZxjFE2ES', NULL, NULL, NULL, NULL, NULL, NULL, '2021-09-29 01:10:59', '2021-09-29 01:10:59'),
(66, 1077, 'MELISSA MORALES CRUZ', '3', '$2y$10$XLEcbYD/b.zfJ1BCUVFAnOv9KIVQlI/Nl5.dsR8bRvD2OnJForP3u', NULL, NULL, NULL, NULL, NULL, NULL, '2021-09-29 01:10:59', '2021-09-29 01:10:59'),
(67, 1099, 'ANA LAURA DE LA LUZ GERMAN', '3', '$2y$10$4wMqX1V6Lnug59DHQHtD3..7a6MgRkN7.38r9EysY.WX3WyCMNK1a', NULL, NULL, NULL, NULL, NULL, NULL, '2021-09-29 01:11:00', '2021-09-29 01:11:00'),
(68, 1108, 'CANDELARIA SOSA DE JESUS', '3', '$2y$10$awUUVrVNKcRB/ODYJNJA1umAz/XS0atTGjemh4YwJl94OMzB2gHJe', NULL, NULL, NULL, NULL, NULL, NULL, '2021-09-29 01:11:00', '2021-09-29 01:11:00'),
(69, 1137, 'MARIA DE JESUS MATIAS SEPULVEDA', '3', '$2y$10$sevUchhqA4zDiyD0aRK3auhC1WqrVyl.S.vbhm2mvAEvAiPNYoZSm', NULL, NULL, NULL, NULL, NULL, NULL, '2021-09-29 01:11:00', '2021-09-29 01:11:00'),
(70, 1138, 'MARICRUZ MUÑOZ MUÑOZ', '3', '$2y$10$esiv.HgUnblvGJUbZC90KOCxf05xtv66sq8AZ1/axV4tQ8p4ENRMK', NULL, NULL, NULL, NULL, NULL, NULL, '2021-09-29 01:11:00', '2021-09-29 01:11:00'),
(71, 1141, 'DAGOBERTO SANCHEZ CARRERA', '3', '$2y$10$tEf/BhLENPWGox12YL5GEeyods4qP1RA8IIHqSETZZowZI4NveBra', NULL, NULL, NULL, NULL, NULL, NULL, '2021-09-29 01:11:00', '2021-09-29 01:11:00'),
(72, 1159, 'MIRIAM AGUILAR ONTIVEROS', '3', '$2y$10$U2lmGmG..WDLAYiSRInOPORtV/GW2hqrmBB2UTiaofeaymW9NDCPq', NULL, NULL, NULL, NULL, NULL, NULL, '2021-09-29 01:11:00', '2021-09-29 01:11:00'),
(73, 1163, 'PABLO RAMOS DIEGO', '3', '$2y$10$PoEB5vK5RIZjOfc5hirPbOKMHrJ1h2bc10h.r5dcCnCbQrz0pB.5m', NULL, NULL, NULL, NULL, NULL, NULL, '2021-09-29 01:11:00', '2021-09-29 01:11:00'),
(74, 1164, 'NAZARIO FRANCISCO SALAZAR', '3', '$2y$10$uM2zQn4kiKxUdtxuinF4/uD96QtLYfjWR6oScDjhDymAKMOqpt7ou', NULL, NULL, NULL, NULL, NULL, NULL, '2021-09-29 01:11:00', '2021-09-29 01:11:00'),
(75, 1248, 'MARIA EUGENIA MARTINEZ MARTINEZ', '3', '$2y$10$q7q27T11Q4.zDUjvZ/kCXOMScL9qlhXddSHlnYZDzOn6xL3B3UH/e', NULL, NULL, NULL, NULL, NULL, NULL, '2021-09-29 01:11:00', '2021-09-29 01:11:00'),
(76, 1249, 'DANIEL ORTIZ RODRIGUEZ', '3', '$2y$10$9biOGrkWdEMYYXTLuIz.I.9HQEThsbcwKxXcvuKwUFnnOAhYRqNru', NULL, NULL, NULL, NULL, NULL, NULL, '2021-09-29 01:11:00', '2021-09-29 01:11:00'),
(77, 1251, 'OSCAR PEREZ CONTRERAS', '3', '$2y$10$Ja67..MYwbZ66gj9WOrp4eob.0GrC9xStv2xq5wrK3TbOPuVxA952', NULL, NULL, NULL, NULL, NULL, NULL, '2021-09-29 01:11:01', '2021-09-29 01:11:01'),
(78, 1268, 'KARINA SANTOS VAZQUEZ', '3', '$2y$10$R5VQL221uNI7G/NT.1/pSeTtZLSWOhJqvb1aWFNFTfZPJnQH6uxcu', NULL, NULL, NULL, NULL, NULL, NULL, '2021-09-29 01:11:01', '2021-09-29 01:11:01'),
(79, 1272, 'GEORGINA RAMIREZ ESTRADA', '3', '$2y$10$5EujY2S52joScdGg.m6FfumE6lp/9f2xYwgFNEq.dssueu5c9Y/7.', NULL, NULL, NULL, NULL, NULL, NULL, '2021-09-29 01:11:01', '2021-09-29 01:11:01'),
(80, 83, 'GERARDO ROJAS GARCIA', '7', '$2y$10$8T6mmr0frxQjmJYJIDQzNegZWFCVsZyj8suMzRPLl.khl8aQJgG5a', NULL, NULL, NULL, NULL, NULL, NULL, '2021-09-29 01:11:01', '2021-09-29 01:11:01'),
(81, 500, 'VICENTE SOSA PEÑA', '7', '$2y$10$f0SdmXiemoD.T/s0vyvU1OG7c4/BHFsx2N9DSp8/r1L1rhY6US4.u', NULL, NULL, NULL, NULL, NULL, NULL, '2021-09-29 01:11:01', '2021-09-29 01:11:01'),
(82, 606, 'ELEGARDO RODRIGUEZ ALVAREZ', '7', '$2y$10$dNvroz55xev20e8q5nj1Be7KxD/K5WJ7ykziTag..wv2b7oy1KIFq', NULL, NULL, NULL, NULL, NULL, NULL, '2021-09-29 01:11:01', '2021-09-29 01:11:01'),
(83, 686, 'MARCO ANTONIO GALAN CHAVEZ', '7', '$2y$10$6jHU/m2wigY14DNyDJKbMu/aqUaHFxhJekFL/rGMiFo6vzRzGdCWC', NULL, NULL, NULL, NULL, NULL, NULL, '2021-09-29 01:11:01', '2021-09-29 01:11:01'),
(84, 726, 'ANTONIO MUNIVE CONTRERAS', '7', '$2y$10$E649tv4k/ShnfT/HWhERC.PBYgydWEYGz1dIiRQXupGjS75W3f22y', NULL, NULL, NULL, NULL, NULL, NULL, '2021-09-29 01:11:02', '2021-09-29 01:11:02'),
(85, 792, 'CESAR ROJAS MORALES', '7', '$2y$10$FDIkOrOiBjtw1pbJlrlnNuie4LPBgwQvuR.9wCDYhQrzOSQzQ.2La', NULL, NULL, NULL, NULL, NULL, NULL, '2021-09-29 01:11:02', '2021-09-29 01:11:02'),
(86, 858, 'FRANCISCO JAVIER MENDIETA RODRIGUEZ', '7', '$2y$10$7tOKfjuIGpI4KRyc8q6hSe5v9udUqxwQzqGnEDIrk4VAlYmbVzbPG', NULL, NULL, NULL, NULL, NULL, NULL, '2021-09-29 01:11:02', '2021-09-29 01:11:02'),
(87, 862, 'FELIPE PEREZ JUAREZ', '7', '$2y$10$KFwpUc8z1CrZ6lChEdraKuEisUUBLM1ZoGmO11pwWFXWMieHk.RYK', NULL, NULL, NULL, NULL, NULL, NULL, '2021-09-29 01:11:03', '2021-09-29 01:11:03'),
(88, 924, 'JAVIER MELENDEZ ROMERO', '7', '$2y$10$z8gw5z.AYhZ3U1CcB6SjJeJu9F7QsY3RAbcFCDgSN9MsgX/n1g5Hi', NULL, NULL, NULL, NULL, NULL, NULL, '2021-09-29 01:11:03', '2021-09-29 01:11:03'),
(89, 929, 'JOSE MANUEL RAMIREZ CALDERON', '7', '$2y$10$JVp7VccnS8FCmRKQPMNQFuFvjCFm/mss2kSHW2VDqdk4tmn.KPzuG', NULL, NULL, NULL, NULL, NULL, NULL, '2021-09-29 01:11:03', '2021-09-29 01:11:03'),
(90, 930, 'SERGIO BRANDON LOPEZ GONZALEZ', '7', '$2y$10$2ZZdt.I1iQsI07.BkMdNvOqsWff.QOzk.LgBX0LJV2J/EFGfruSoC', NULL, NULL, NULL, NULL, NULL, NULL, '2021-09-29 01:11:03', '2021-09-29 01:11:03'),
(91, 983, 'CESAR VICTORIANO HERNANDEZ', '7', '$2y$10$5IfoJso.ArsFPdjK9gyHCuoWAKJPnehLu29jmZI4jFB7rNHnJ.wI.', NULL, NULL, NULL, NULL, NULL, NULL, '2021-09-29 01:11:03', '2021-09-29 01:11:03'),
(92, 994, 'BERNARDO BERNALDINO HERNANDEZ', '7', '$2y$10$NcGwrII1ff48j4BbNd/Ave.Wk2mu2sNX8c5eLxTuwD2rrDTQc/Goi', NULL, NULL, NULL, NULL, NULL, NULL, '2021-09-29 01:11:04', '2021-09-29 01:11:04'),
(93, 1004, 'JUAN DAVID SERRANO HERNANDEZ', '7', '$2y$10$qAth1x5Ogm8X3v78nCGNGeAHo0zSmZ.MLXNRmkE.A5yxapgouVz7y', NULL, NULL, NULL, NULL, NULL, NULL, '2021-09-29 01:11:04', '2021-09-29 01:11:04'),
(94, 1053, 'JULIO ROJAS OLAYA', '7', '$2y$10$NnyrsQqawcJfMbW3aFemVu6GbOHQcAmi9M5e8UplQFndqzNYF31jq', NULL, NULL, NULL, NULL, NULL, NULL, '2021-09-29 01:11:04', '2021-09-29 01:11:04'),
(95, 1054, 'EMILIO MUÑOZ XICOHTENCATL', '7', '$2y$10$3GE.M6BN8xNgO5VPE6p6pOOuA8wZwm0QDhhIwfK67eOzsoxfGgItK', NULL, NULL, NULL, NULL, NULL, NULL, '2021-09-29 01:11:04', '2021-09-29 01:11:04'),
(96, 1098, 'EDGAR IVAN AGUILAR FERNANDEZ', '7', '$2y$10$6gSPjcAQXrxxPh9HiVxm0eLzm.NgqG0c3wDOuRWUVUAK/a.iAN7U.', NULL, NULL, NULL, NULL, NULL, NULL, '2021-09-29 01:11:04', '2021-09-29 01:11:04'),
(97, 1161, 'PAULINO TORRES GUZMAN', '7', '$2y$10$NILAsf9/ZZmDqaeYFTaUzOo.H1eeOx8MygVvFToX1xZ1b/peRG6ju', NULL, NULL, NULL, NULL, NULL, NULL, '2021-09-29 01:11:05', '2021-09-29 01:11:05'),
(98, 1166, 'JUAN CARLOS OCHOA MARTINEZ', '7', '$2y$10$HqeFOfyw0Y/rBPxWKWoiY.fTmednVnjS49imXRI0CUMGEnOhFQiBq', NULL, NULL, NULL, NULL, NULL, NULL, '2021-09-29 01:11:05', '2021-09-29 01:11:05'),
(99, 1173, 'JONATHAN AGUILAR CARO', '7', '$2y$10$OP7PwAQ5Gt2gi3TH9CRP..SWL28dJTKzuJFDxFj6i7mxSAzuvRdzS', NULL, NULL, NULL, NULL, NULL, NULL, '2021-09-29 01:11:05', '2021-09-29 01:11:05'),
(100, 1193, 'RAMIRO ISLAS CHAVEZ', '7', '$2y$10$PAjq/mnh5YKU0cUqVBrZz.eR77XDUr2GN8.ir9/VzwwYOxL.QdbSW', NULL, NULL, NULL, NULL, NULL, NULL, '2021-09-29 01:11:05', '2021-09-29 01:11:05'),
(101, 1210, 'JUAN JOSE JARAMILLO SILVA', '7', '$2y$10$0tkcmFSVOt2JHx7.bKV.3OEC6AVs7J2H5Vk.dNYWdIcO/Ks5zmE2a', NULL, NULL, NULL, NULL, NULL, NULL, '2021-09-29 01:11:05', '2021-09-29 01:11:05'),
(102, 1244, 'EMMANUEL GUTIERREZ LOZADA', '7', '$2y$10$qiCLks0iyQdnSY./mupcROfBoh2oqI0EqaC4le2p2FMko2pL9n1Jy', NULL, NULL, NULL, NULL, NULL, NULL, '2021-09-29 01:11:06', '2021-09-29 01:11:06'),
(103, 22, 'DANIEL FLORES ROJAS', '4', '$2y$10$Gs9J6C10aigs.pBL5NdAz.0wQriSEYwshLaIRQJmEvRljqHKED4cG', NULL, NULL, NULL, NULL, NULL, NULL, '2021-09-29 01:11:06', '2021-09-29 01:11:06'),
(104, 57, 'BENITO CORTES CRUZ', '4', '$2y$10$l7EYhsYqGDcEdrhmflgQNOX4I5NfMJ.usLc9FlTravtUfiCerCnYO', NULL, NULL, NULL, NULL, NULL, NULL, '2021-09-29 01:11:06', '2021-09-29 01:11:06'),
(105, 89, 'NESTOR VALENCIA FLORES', '4', '$2y$10$4FPjEjJbLd9D41PyV3gTOu6MJEeRrm4TBW7b.eeY28X6V3oMBBJ6a', NULL, NULL, NULL, NULL, NULL, NULL, '2021-09-29 01:11:06', '2021-09-29 01:11:06'),
(106, 126, 'NESTOR CIRIO MORENO', '4', '$2y$10$oXDrM1dq3bFPgpEWcGgP8OaY0mOTq3kevtD9I74L9y2I/APdNJCj6', NULL, NULL, NULL, NULL, NULL, NULL, '2021-09-29 01:11:06', '2021-09-29 01:11:06'),
(107, 140, 'RICARDO RODRIGUEZ RODRIGUEZ', '4', '$2y$10$xDeOooonv8f3JNW1WcSniuD68R/U3XCA/diOO7xeKhjXvRwDBsUsG', NULL, NULL, NULL, NULL, NULL, NULL, '2021-09-29 01:11:06', '2021-09-29 01:11:06'),
(108, 271, 'BRAULIO GUZMAN TAPIA', '4', '$2y$10$zAxRkPXnKuZIgUO05Lm17OWjEviCXJDyYmNn1loG.N9BoSsrodmhi', NULL, NULL, NULL, NULL, NULL, NULL, '2021-09-29 01:11:06', '2021-09-29 01:11:06'),
(109, 291, 'BENJAMIN GARCIA BONILLA', '4', '$2y$10$kfKawGzD6e6UQLZr/839Yuk2Tb30sEXzTLyntc66QiA950lIDc6F.', NULL, NULL, NULL, NULL, NULL, NULL, '2021-09-29 01:11:07', '2021-09-29 01:11:07'),
(110, 301, 'JOSUE PEREZ ROMERO', '4', '$2y$10$S/4.gkC/62K0zpH93kxt9esIrL4tT4uoSoDY6EG2UtTboXjvcKRxe', NULL, NULL, NULL, NULL, NULL, NULL, '2021-09-29 01:11:07', '2021-09-29 01:11:07'),
(111, 340, 'PABLO ENCARNACION ZAMORA', '4', '$2y$10$4jkK8N76DH3s9wsItg4LPOs3zct8bzMimwUEpvvuEeCrX3Di1Qo3O', NULL, NULL, NULL, NULL, NULL, NULL, '2021-09-29 01:11:07', '2021-09-29 01:11:07'),
(112, 393, 'JORGE CRUZ CERVANTES', '4', '$2y$10$FIhoryMFozcwzv/noXvjQecjHW5JeySjnd5uOImN7aYZfjh8SiQYK', NULL, NULL, NULL, NULL, NULL, NULL, '2021-09-29 01:11:07', '2021-09-29 01:11:07'),
(113, 401, 'JOHNNY CALDERON CARVENTE', '4', '$2y$10$UXAxRc2rVqvUddDh86sKj.Er/pBQVmjQEPINsNW6khJivi8/SuuNi', NULL, NULL, NULL, NULL, NULL, NULL, '2021-09-29 01:11:07', '2021-09-29 01:11:07'),
(114, 464, 'JOSE VICENTE RAUL LIMA CASTILLO', '4', '$2y$10$zURYvrsycf/OYXOmqdH5zuijuAOKzvI17rxFZ69Ju25iBY5eZ/jvC', NULL, NULL, NULL, NULL, NULL, NULL, '2021-09-29 01:11:07', '2021-09-29 01:11:07'),
(115, 537, 'GUILLERMO HERNANDEZ MORALES', '4', '$2y$10$Q8rX8YgLzTBm5CYsYpH9qeNC7cxsi0YmrB5jyXEu5aq/.QoTfJbru', NULL, NULL, NULL, NULL, NULL, NULL, '2021-09-29 01:11:07', '2021-09-29 01:11:07'),
(116, 604, 'FERMIN PEREZ XICOHTENCATL', '4', '$2y$10$loZXtMOX5w5mUZkO5c2tyeQUUwdruT65ekcUbIqQec22jHTys9U6m', NULL, NULL, NULL, NULL, NULL, NULL, '2021-09-29 01:11:07', '2021-09-29 01:11:07'),
(117, 755, 'DAVID QUINTANILLA VERA', '4', '$2y$10$OLaNo66le0bnRaqSJyG4E./xbZqZiQ/k8I3ZVN8gNReBT5iVU5bp2', NULL, NULL, NULL, NULL, NULL, NULL, '2021-09-29 01:11:07', '2021-09-29 01:11:07'),
(118, 768, 'MARCO ANTONIO SALAS ROJAS', '4', '$2y$10$vzC1BgKaehc4xRyt8CIovOXP5AYo.jZjoLK5FCkho6/Q5KA6pvjya', NULL, NULL, NULL, NULL, NULL, NULL, '2021-09-29 01:11:07', '2021-09-29 01:11:07'),
(119, 777, 'ARTURO MARTINEZ LIRA', '4', '$2y$10$ZfvPWr1.KcdV9/IWsabLveCq.7GjRbPJggR4cyQdK10e.nIkcGw3i', NULL, NULL, NULL, NULL, NULL, NULL, '2021-09-29 01:11:08', '2021-09-29 01:11:08'),
(120, 795, 'OMAR MONROY CRUZ', '4', '$2y$10$NLz96RdevlubDx.gBy7Etuerw16Ra5OfBelkb38Ie4zFMtksiu09e', NULL, NULL, NULL, NULL, NULL, NULL, '2021-09-29 01:11:08', '2021-09-29 01:11:08'),
(121, 835, 'JOSE TZONTECOMANI CORTES', '4', '$2y$10$usrk8P3RsrdQGvBH7JWKqO74yLNIT8B4oAMbAD24q4I0ZSJPavAO2', NULL, NULL, NULL, NULL, NULL, NULL, '2021-09-29 01:11:08', '2021-09-29 01:11:08'),
(122, 852, 'CRUZ VELAZQUEZ MARAVILLA', '4', '$2y$10$cHjH2KladxJ.KkiRuVD8LuE0d.hw6CjieE/q7.KXpMJGd2mJ/Sf6i', NULL, NULL, NULL, NULL, NULL, NULL, '2021-09-29 01:11:08', '2021-09-29 01:11:08'),
(123, 967, 'MIGUEL SANCHEZ HERNANDEZ', '4', '$2y$10$ueVVe7Ic9ROsbdmT5UMPsebulQ3HsR4boUCBADsbiFIOa4q55yYG.', NULL, NULL, NULL, NULL, NULL, NULL, '2021-09-29 01:11:08', '2021-09-29 01:11:08'),
(124, 1005, 'SINAI MUÑOZ XICOHTENCATL', '4', '$2y$10$/1uDAEWghkCyzBgwzopSXuQ.YfMs1kNr3S.3u4r0vwOYefRPm0ugC', NULL, NULL, NULL, NULL, NULL, NULL, '2021-09-29 01:11:08', '2021-09-29 01:11:08'),
(125, 1044, 'JESUS FLORES DE LA CRUZ', '4', '$2y$10$3GIzmYZkG0IIekQlQKJtSujapQvstPwAwNjTosZIZCexQLkE5tYcq', NULL, NULL, NULL, NULL, NULL, NULL, '2021-09-29 01:11:08', '2021-09-29 01:11:08'),
(126, 1095, 'RUFINO BONILLA DE LA CRUZ', '4', '$2y$10$4pKpQUyuLtCi7ifKCj/SKOBjboq9HMTRsluCChpM3W7bAKgQNpzc.', NULL, NULL, NULL, NULL, NULL, NULL, '2021-09-29 01:11:08', '2021-09-29 01:11:08'),
(127, 1225, 'MIGUEL ANGEL HERNANDEZ RODRIGUEZ', '4', '$2y$10$dlpnwA5l9VsBbNiNJel2qOk8BPN.HkwJFBU3hjPekSv8aPNrJDGJy', NULL, NULL, NULL, NULL, NULL, NULL, '2021-09-29 01:11:08', '2021-09-29 01:11:08'),
(128, 1240, 'JUAN DANIEL AMARO LUNA', '4', '$2y$10$eHL1ZpCgfASAruDR8/tXYerSTuZgYwot0Li7zoCkox9p//by4/HWK', NULL, NULL, NULL, NULL, NULL, NULL, '2021-09-29 01:11:09', '2021-09-29 01:11:09'),
(129, 1255, 'DAVID HERNANDEZ HERNANDEZ', '4', '$2y$10$F1fv88Bw8/lGcwFamMFvRepmtECQFmErdPI3S9rQobEc7ooADF8uG', NULL, NULL, NULL, NULL, NULL, NULL, '2021-09-29 01:11:09', '2021-09-29 01:11:09'),
(130, 4, 'FERNANDO MARTINEZ HERNANDEZ', '5', '$2y$10$HDQzwfLUP24fBNWz/4KXD.SJiMs654pgjzCK3QunEGuOI4V3vHNt6', NULL, NULL, NULL, NULL, NULL, NULL, '2021-09-29 01:11:09', '2021-09-29 01:11:09'),
(131, 167, 'JOEL RAMIREZ SALAZAR', '5', '$2y$10$lgXenqyGq0vn8oOdcnf7BO25kebBjm/pIweZV./Sse3KvNyyqU/em', NULL, NULL, NULL, NULL, NULL, NULL, '2021-09-29 01:11:09', '2021-09-29 01:11:09'),
(132, 216, 'EMILIO REYES Pérez', '5', '$2y$10$/WsAk5IY49/fdxrFQmK8Ou/g3anTzo/xC6d.i6CmwMdCBmYeyXFwm', NULL, NULL, NULL, NULL, NULL, NULL, '2021-09-29 01:11:09', '2021-09-29 01:11:09'),
(133, 281, 'RAYMUNDO CASTRO CORTES', '5', '$2y$10$ca8uhjQ1m8z1p1aosMTrEuT/ioTS447kMbDthf973plkwYl1mJI9G', NULL, NULL, NULL, NULL, NULL, NULL, '2021-09-29 01:11:09', '2021-09-29 01:11:09'),
(134, 286, 'JUAN ROJAS JUAREZ', '5', '$2y$10$o0nmUdLe//2TGVi2wXPsyOGcmIzuWW8t07Vc6Rz6N.92wFT.giIXy', NULL, NULL, NULL, NULL, NULL, NULL, '2021-09-29 01:11:09', '2021-09-29 01:11:09'),
(135, 307, 'RAUL QUINTERO OSORIO', '5', '$2y$10$wQqBGel39C2eZtMAETbKCu4AhZgGL1C852GMkmtZZ7vHU.ZDYSe4i', NULL, NULL, NULL, NULL, NULL, NULL, '2021-09-29 01:11:09', '2021-09-29 01:11:09'),
(136, 327, 'SALVADOR VICTORIANO GARCIA', '5', '$2y$10$U365TSRsVRO1hcIPjsZpO.tHaLSZH5s7h8PHHRxCPHabOeaUoim1G', NULL, NULL, NULL, NULL, NULL, NULL, '2021-09-29 01:11:09', '2021-09-29 01:11:09'),
(137, 483, 'NORBERTO SANCHEZ CORTES', '5', '$2y$10$MLjh2uUfk3qDTpmb3mmUduEehs60vN9cAfiKRqWA.eu9JHVMavkmq', NULL, NULL, NULL, NULL, NULL, NULL, '2021-09-29 01:11:10', '2021-09-29 01:11:10'),
(138, 684, 'JOSE DANIEL CRUZ HERNANDEZ', '5', '$2y$10$1RQI2YYppNbu3ma5y7ulP.fWj0FoQ790xrhEbNDnJDZVVwXYbdSWK', NULL, NULL, NULL, NULL, NULL, NULL, '2021-09-29 01:11:10', '2021-09-29 01:11:10'),
(139, 707, 'JORGE LUIS LOPEZ SARMIENTO', '5', '$2y$10$zl9Javos6CMejejBpfSSBuBQl43PW1CtNxaddXY0HRcd9zUm70Ygq', NULL, NULL, NULL, NULL, NULL, NULL, '2021-09-29 01:11:10', '2021-09-29 01:11:10'),
(140, 764, 'JESUS ISAHEL CARMONA ROJAS', '5', '$2y$10$MrDmACjAYjusknno70jdP.Ew2AYgorn.FINkpDZk/YAckj/mFjGgG', NULL, NULL, NULL, NULL, NULL, NULL, '2021-09-29 01:11:10', '2021-09-29 01:11:10'),
(141, 887, 'FRANCISCO VEGA MORENO', '5', '$2y$10$BS90WlIcJogU4Yl3.8.P7.KcfZL6q9sScnO.KqS2KnSB3gzCYzSY.', NULL, NULL, NULL, NULL, NULL, NULL, '2021-09-29 01:11:10', '2021-09-29 01:11:10'),
(142, 901, 'DIEGO RIOS CASO', '5', '$2y$10$pjeQkZA1BOrDobcKIgD5p.TTkyg6Qn3sroQvuWXLM0kzl5bhlLVKW', NULL, NULL, NULL, NULL, NULL, NULL, '2021-09-29 01:11:10', '2021-09-29 01:11:10'),
(143, 948, 'JORGE URIEL QUINTERO FERNANDEZ', '5', '$2y$10$sqes0AsIIC9v8F2N/BKblu3X.Gzu1jblHVxHkPt/cDFxMEm2ScI2W', NULL, NULL, NULL, NULL, NULL, NULL, '2021-09-29 01:11:10', '2021-09-29 01:11:10'),
(144, 951, 'ANGEL ARAMIS ROBLES MUÑOZ', '5', '$2y$10$zE3AWDQjAMj637yxG9Jp9e0qtJiThdAVefMcF1V1P2GpgovuUyAba', NULL, NULL, NULL, NULL, NULL, NULL, '2021-09-29 01:11:10', '2021-09-29 01:11:10'),
(145, 1046, 'JOSE EDGAR PEREZ SAUZ', '5', '$2y$10$3UNTzXRVjG0FkxbzG2QbYOuAnAqYuulemhcykHsXvFDIWvt1S1Rri', NULL, NULL, NULL, NULL, NULL, NULL, '2021-09-29 01:11:11', '2021-09-29 01:11:11'),
(146, 1065, 'ABDIEL ELEAZAR GALLARDO VILLEGAS', '5', '$2y$10$ADo0WtAC3zRPnxN4UatzaOIdKLYPgPwGgK/yLnw5Cun7Gi6ytNuTm', NULL, NULL, NULL, NULL, NULL, NULL, '2021-09-29 01:11:11', '2021-09-29 01:11:11'),
(147, 1243, 'ANDRES MARTINEZ VARGUEZ', '5', '$2y$10$4/VzMZCNagQ531HGeOtufeklEJJ33krCGpVIbb5v8eiU8Rn4dMaCC', NULL, NULL, NULL, NULL, NULL, NULL, '2021-09-29 01:11:11', '2021-09-29 01:11:11'),
(148, 169, 'ROBERTO ROJAS CALDERON', '6', '$2y$10$Y4q/DBOtPX49kT4RfoLlU.Z.W8huHknCEvHCH70lQ4yU3uxVFM1GC', NULL, NULL, NULL, NULL, NULL, NULL, '2021-09-29 01:11:11', '2021-09-29 01:11:11'),
(149, 182, 'FELIPE PAISANO FLORES', '6', '$2y$10$zNYWE5.P8HxitDEblQn4beT2lxPAKBnAQgvKKHxuc0QZ6X6FQtY2q', NULL, NULL, NULL, NULL, NULL, NULL, '2021-09-29 01:11:11', '2021-09-29 01:11:11'),
(150, 274, 'JOSE LUIS GARCIA VEGA', '6', '$2y$10$oUngfRh0GDH/kJ0RmuCMbOZa6snszJb0ne8UIRiyY5wb8tROKQWv2', NULL, NULL, NULL, NULL, NULL, NULL, '2021-09-29 01:11:11', '2021-09-29 01:11:11'),
(151, 398, 'ARMANDO DEL CORRAL CASTILLO', '6', '$2y$10$0T9INV7RN0LrFLFR.vpVqeTRWp.rjMWovHlX8nagdzKfo7.6vkWyC', NULL, NULL, NULL, NULL, NULL, NULL, '2021-09-29 01:11:11', '2021-09-29 01:11:11'),
(152, 466, 'J VICTOR REYES FLORES', '6', '$2y$10$Nsp3wgvmAuZpmblBaYINNOwiHPhiAuk7tQkXh4ZMnI7wsrK85x6qe', NULL, NULL, NULL, NULL, NULL, NULL, '2021-09-29 01:11:11', '2021-09-29 01:11:11'),
(153, 547, 'DARIO SOLAR CUEVAS', '6', '$2y$10$lKlIlzAJIChp2w2RvJ3dSeIzQ25WP5giAiYhFj0nRqJlwS7wiwmp6', NULL, NULL, NULL, NULL, NULL, NULL, '2021-09-29 01:11:11', '2021-09-29 01:11:11'),
(154, 591, 'MARTIN ABREGO HERNANDEZ', '6', '$2y$10$AIvsh9gJUOF9MtugxB5KG.2ewRHZtFvIRaNDozrxKLxaxBgzGe4Eq', NULL, NULL, NULL, NULL, NULL, NULL, '2021-09-29 01:11:12', '2021-09-29 01:11:12'),
(155, 616, 'HUGO CEREZO DIAZ', '6', '$2y$10$di1Bexzeo4MYlxVlwbJ/JueK/lU9IuMc.iMAJ8iTq6hU8uAcD8MuK', NULL, NULL, NULL, NULL, NULL, NULL, '2021-09-29 01:11:12', '2021-09-29 01:11:12'),
(156, 641, 'BONY DANIEL GONZALEZ PAREDES', '6', '$2y$10$LJAVAMwJ2/CNK6K1dc0xmeJCyM6QLsz98f9mF.tT3FoEmKSx9/s/G', NULL, NULL, NULL, NULL, NULL, NULL, '2021-09-29 01:11:12', '2021-09-29 01:11:12'),
(157, 697, 'ISAIAS ROMERO XICOHTENCATL', '6', '$2y$10$6f94mhhxmaujSiRfagFEcuvHFokn2sITdJO48BWgBvm77iOoHTzgy', NULL, NULL, NULL, NULL, NULL, NULL, '2021-09-29 01:11:12', '2021-09-29 01:11:12'),
(158, 719, 'GEOVANY AGUILAR RAMIREZ', '6', '$2y$10$VrL4.UaIIc1YkeFkLymEF.IIT81lO6HI6pPyV3xI2JvfgrCozCHze', NULL, NULL, NULL, NULL, NULL, NULL, '2021-09-29 01:11:12', '2021-09-29 01:11:12'),
(159, 751, 'ENRIQUE MARTINEZ MARTINEZ', '6', '$2y$10$bwEIGkxpveAHGGUFQiXRMOwr0nrvWi4Uxusxlpl6bV7rC2u.lYdRy', NULL, NULL, NULL, NULL, NULL, NULL, '2021-09-29 01:11:12', '2021-09-29 01:11:12'),
(160, 785, 'RODRIGO RODRIGUEZ CORTES', '6', '$2y$10$sHSFWWyy/365ZqbfBDJIreOi685WWmGxnlXFM3CE4ZRDz8CF4CMPi', NULL, NULL, NULL, NULL, NULL, NULL, '2021-09-29 01:11:12', '2021-09-29 01:11:12'),
(161, 815, 'GIOVANI VEGA TELLEZ', '6', '$2y$10$ZEsVX1b7c8W8oePflDE7Ce1Uj3UzibvOnua.kBLL.k/8kYTSZzzA6', NULL, NULL, NULL, NULL, NULL, NULL, '2021-09-29 01:11:12', '2021-09-29 01:11:12'),
(162, 849, 'MARTIN BONILLA MENDOZA', '6', '$2y$10$jUUPKGaWu0clUpurXxCoZeemLC6EoNvjhM25nsT7F778BPdRtgw8q', NULL, NULL, NULL, NULL, NULL, NULL, '2021-09-29 01:11:13', '2021-09-29 01:11:13'),
(163, 878, 'HECTOR GARCIA MARQUEZ', '6', '$2y$10$0W6yCqbSp8H79IOIRT6tA.CHXRWxRtH6IepRlrQS2gRfxwqmKj93.', NULL, NULL, NULL, NULL, NULL, NULL, '2021-09-29 01:11:13', '2021-09-29 01:11:13'),
(164, 989, 'OSCAR GARCIA CORONA', '6', '$2y$10$ekx/P2XerUpS0/S6nvzKgujNH0P/vg56VchJ1IXphTDihE1N8EXqO', NULL, NULL, NULL, NULL, NULL, NULL, '2021-09-29 01:11:13', '2021-09-29 01:11:13'),
(165, 1018, 'JULIO CESAR HERNANDEZ CUEVAS', '6', '$2y$10$vP2OEzpgYGEN0t.Co9rlv.sTzzW57MxLCc/24spDW9PKBh6biQRZq', NULL, NULL, NULL, NULL, NULL, NULL, '2021-09-29 01:11:13', '2021-09-29 01:11:13'),
(166, 1118, 'JOSE OMAR PEREZ LOPEZ', '6', '$2y$10$2RRBWV5qZRK6GP92mNC8RuBI584/dioJWFMRdaBcqxA0n6jmEV2sC', NULL, NULL, NULL, NULL, NULL, NULL, '2021-09-29 01:11:13', '2021-09-29 01:11:13'),
(167, 1139, 'MARCOS LIMON DOMINGUEZ', '6', '$2y$10$BfxwOxPWRtLLsYD.3L4m4.IjhSFUgWVU/9HW5D1Jj2yX4P/zhbH0S', NULL, NULL, NULL, NULL, NULL, NULL, '2021-09-29 01:11:13', '2021-09-29 01:11:13'),
(168, 1143, 'BRAYAM ALEXIS MORALES PEREZ', '6', '$2y$10$V6NM2T06J6dbqHNMTwUj7uGQzd6quqQExbF3loojmqw/QH68qfovq', NULL, NULL, NULL, NULL, NULL, NULL, '2021-09-29 01:11:13', '2021-09-29 01:11:13'),
(169, 1145, 'DAVID PEREZ GONZALEZ', '6', '$2y$10$k69P0iePkiY8E6pmb9XLKeouUlRAR0QsAB9LqgU.cxMjAx4/.veBq', NULL, NULL, NULL, NULL, NULL, NULL, '2021-09-29 01:11:13', '2021-09-29 01:11:13'),
(170, 1148, 'HELIODORO MARIN REYES', '6', '$2y$10$PkGhXVudAaXrmk1OZ/n6eecDl.Rycu3BtTZJ.a05Mm8qOLkimW3Tu', NULL, NULL, NULL, NULL, NULL, NULL, '2021-09-29 01:11:13', '2021-09-29 01:11:13'),
(171, 1149, 'LAZARO REYES FLORES', '6', '$2y$10$F6u.oKQADCwP6/Sb4LD3X.h.MNNOyL7UwB0QuJ7tZXEjZ6OKqSZUG', NULL, NULL, NULL, NULL, NULL, NULL, '2021-09-29 01:11:14', '2021-09-29 01:11:14'),
(172, 1165, 'EZEQUIEL LAZCANO PICHARDO', '6', '$2y$10$lqXejOwCQMGX9faALATXNua9nqTCHbNg1YmIgl6Y3uvg/4cPVo2QG', NULL, NULL, NULL, NULL, NULL, NULL, '2021-09-29 01:11:14', '2021-09-29 01:11:14'),
(173, 1171, 'ANTONIO RAMOS RUIZ', '6', '$2y$10$NNfR6/Wbl1dLwGKGSOn8n.AkmdgiYZt7sVrTtfyNfqaLmCoxq7YWm', NULL, NULL, NULL, NULL, NULL, NULL, '2021-09-29 01:11:14', '2021-09-29 01:11:14'),
(174, 1181, 'OSCAR DAVID LEON RAMOS', '6', '$2y$10$Dt2mCLvMtnLoKgbYWjILv.v5kE0PxC7eLO3V8rEzr.RxyCESBP1Vu', NULL, NULL, NULL, NULL, NULL, NULL, '2021-09-29 01:11:14', '2021-09-29 01:11:14'),
(175, 1187, 'ROBERTO CARLOS TLALOLINI ROMERO', '6', '$2y$10$WgviFCsGySzNQT2iivyqeOJdwutR0DePc4JcOZy7ZuoeMMO3Grv8G', NULL, NULL, NULL, NULL, NULL, NULL, '2021-09-29 01:11:14', '2021-09-29 01:11:14'),
(176, 1192, 'RAUL GONZALEZ NICOLAS', '6', '$2y$10$H6MWiU/WS5cBjxuWb7y61e.LYRN8roOEfRWvmmh3w8dwuVwxF.wpK', NULL, NULL, NULL, NULL, NULL, NULL, '2021-09-29 01:11:14', '2021-09-29 01:11:14'),
(177, 1196, 'BERNARDO GUZMAN ROMERO', '6', '$2y$10$/WlCMXQhO.c702kA7HjdpucwilE18JNns.1.BM9h1y6JfhGn84k4e', NULL, NULL, NULL, NULL, NULL, NULL, '2021-09-29 01:11:14', '2021-09-29 01:11:14'),
(178, 1197, 'JOSE CRUZ ELIOSA LARA', '6', '$2y$10$h96Nw8GuRZx74Sx6uJ33A.ZUWrhJwr.X6ICfAcD/ABP.2fNa6aiju', NULL, NULL, NULL, NULL, NULL, NULL, '2021-09-29 01:11:14', '2021-09-29 01:11:14'),
(179, 163, 'ARTURO ROJAS ROJAS', '8', '$2y$10$B4JDsYdYVxVeXlSffVk17uNrJBFNo2ns3L0dAhkozUEP09YZg.10C', NULL, NULL, NULL, NULL, NULL, NULL, '2021-09-29 01:11:14', '2021-09-29 01:11:14'),
(180, 556, 'MARTIN PEÑA BENAVIDES', '8', '$2y$10$505tny5KifW6mUotc7x9DO2k.JKthcEW0JkubgdszYezYdLkuetmi', NULL, NULL, NULL, NULL, NULL, NULL, '2021-09-29 01:11:15', '2021-09-29 01:11:15'),
(181, 571, 'ALBERTO HERNANDEZ RAMIREZ', '8', '$2y$10$JiM0rM0wQ9.rtemw2gvFKOjr0juy97cA0a4DFg/gelXrv3GdhOI52', NULL, NULL, NULL, NULL, NULL, NULL, '2021-09-29 01:11:15', '2021-09-29 01:11:15'),
(182, 683, 'LUIS RAMIREZ JUAREZ', '8', '$2y$10$LJ7unGfrx1D75xyL9iQ9wu/JlIjMp8LB/3cyfH.AS2d/6uxxGA4H6', NULL, NULL, NULL, NULL, NULL, NULL, '2021-09-29 01:11:15', '2021-09-29 01:11:15'),
(183, 756, 'IVAN MENA PEREZ', '8', '$2y$10$HgKwSw7dn9I0nKZxtTLLnubHSSgaxlidJwh.KmCJgs//gVNgsFV1.', NULL, NULL, NULL, NULL, NULL, NULL, '2021-09-29 01:11:15', '2021-09-29 01:11:15'),
(184, 773, 'GREGORIO GUZMAN MARTINEZ', '8', '$2y$10$ixohXuwJaq5nHEwAOqQzf.PqxGjg3latjkKapK6CXxSKhAdnTfoYa', NULL, NULL, NULL, NULL, NULL, NULL, '2021-09-29 01:11:15', '2021-09-29 01:11:15'),
(185, 774, 'JORGE URIEL AGUILAR CARO', '8', '$2y$10$aL0b1Vv1C6fKtD6XX8UoKuKoerozXy3AMzXaP22OjqsfkWausZ1Iy', NULL, NULL, NULL, NULL, NULL, NULL, '2021-09-29 01:11:15', '2021-09-29 01:11:15'),
(186, 821, 'JOSE EDUARDO NERI ROJAS', '8', '$2y$10$ED6c/5qE9Q.r6QI6JRkcHOjKt1aTs3fuNRprgeNW2WplL7rPYHFDu', NULL, NULL, NULL, NULL, NULL, NULL, '2021-09-29 01:11:15', '2021-09-29 01:11:15'),
(187, 854, 'JULIO CESAR MUÑOZ MUÑOZ', '8', '$2y$10$uZP18jAwJc2Nk9UgAwI8N.7BPYvtQ8M3u.KvBrP8eYUiEJmVjbqim', NULL, NULL, NULL, NULL, NULL, NULL, '2021-09-29 01:11:15', '2021-09-29 01:11:15'),
(188, 861, 'JESUS MUÑOZ XICOHTENCATL', '8', '$2y$10$GtrD1enq4nU2CtZAhZJbKOWvFDqs3T7PmCLhe2xRXmmG4kWZJj7Ny', NULL, NULL, NULL, NULL, NULL, NULL, '2021-09-29 01:11:15', '2021-09-29 01:11:15'),
(189, 865, 'DAVID HERRERA CORTES', '8', '$2y$10$xSpJ7tc0LzdfqWtdqMffp.AGhiSY26olsuDGiiFXam2ipmA6dMN0i', NULL, NULL, NULL, NULL, NULL, NULL, '2021-09-29 01:11:16', '2021-09-29 01:11:16'),
(190, 868, 'FRANCISCO ZAMORA RODRIGUEZ', '8', '$2y$10$U5mrmntov8ts5NM6J3TzBu9Lra/awhXgLKGJRTaMeIg50Z8cC/fRG', NULL, NULL, NULL, NULL, NULL, NULL, '2021-09-29 01:11:16', '2021-09-29 01:11:16'),
(191, 886, 'DOLORES GOMEZ OLVERA', '8', '$2y$10$9UbZ5ob8X/hh1gbHFxp68OOmREkp/DA5TIsJZw0vP0Dieg9I/d2ay', NULL, NULL, NULL, NULL, NULL, NULL, '2021-09-29 01:11:16', '2021-09-29 01:11:16'),
(192, 896, 'JOSE MIGUEL GARCIA DE ANGEL', '8', '$2y$10$CAh8RRzwFx4KMZuZuiwF8uFQk8.fkDua2TDeRSnnuAKJmJmgLQOSe', NULL, NULL, NULL, NULL, NULL, NULL, '2021-09-29 01:11:16', '2021-09-29 01:11:16'),
(193, 897, 'RAUL BONILLA MENDOZA', '8', '$2y$10$we55bDYe39nEP6iffXrIguyFvMa1N3PqXxYv5CxYuYrHdSg/JDwR6', NULL, NULL, NULL, NULL, NULL, NULL, '2021-09-29 01:11:16', '2021-09-29 01:11:16'),
(194, 898, 'JOSE DE JESUS MINOR SALAS', '8', '$2y$10$LrlG37QDgLDeTAvj65l7EuPhW6tG2ggUk.fn/NQYwt420kUPkRfOu', NULL, NULL, NULL, NULL, NULL, NULL, '2021-09-29 01:11:16', '2021-09-29 01:11:16'),
(195, 903, 'ARMANDO PALETA CARVENTE', '8', '$2y$10$onW872gHwyFQEjEUYFUL3e.zfOF0xZNekZKfHa9SVtC1OR3ExZmq.', NULL, NULL, NULL, NULL, NULL, NULL, '2021-09-29 01:11:16', '2021-09-29 01:11:16'),
(196, 932, 'FERMIN TORRES REYES', '8', '$2y$10$ybJYDNU/NvhYI6GYzN6laOecYha1F86nPwUKb917a3UOj8h4yKfoe', NULL, NULL, NULL, NULL, NULL, NULL, '2021-09-29 01:11:16', '2021-09-29 01:11:16'),
(197, 935, 'JUAN JESUS CEREZO DIAZ', '8', '$2y$10$OscZxfQq3d9UMVX70ou59.Zzb8Ba.qQJif1pmBhZ5aJsp6qafYr4m', NULL, NULL, NULL, NULL, NULL, NULL, '2021-09-29 01:11:16', '2021-09-29 01:11:16'),
(198, 938, 'JOSE LUIS ALVARADO LOPEZ', '8', '$2y$10$YEdNxodp81DZVh56baj6aeG3N7ksPCM2RNlzQXZyCGm7Nt8TL4vYa', NULL, NULL, NULL, NULL, NULL, NULL, '2021-09-29 01:11:17', '2021-09-29 01:11:17'),
(199, 954, 'OSCAR ALVARADO TEPOXTECATL', '8', '$2y$10$WhkxwcOurfHHPrD2AXG9GOaF3SZItFFsh5mLZUnmV2TqMeUVjD8By', NULL, NULL, NULL, NULL, NULL, NULL, '2021-09-29 01:11:17', '2021-09-29 01:11:17'),
(200, 972, 'IVAN MENDEZ HERNANDEZ', '8', '$2y$10$zgxcoi6w6b/iado2WdPwqONMeboDgmCyAHyyy38FsiZVahglahu6S', NULL, NULL, NULL, NULL, NULL, NULL, '2021-09-29 01:11:17', '2021-09-29 01:11:17'),
(201, 998, 'HECTOR JESUS GUEVARA LEAÑOS', '8', '$2y$10$hxedczKg6AQpXWjH81hnx.BmIqcnsS4B06A4VkuIQr6eVeaxQl/4y', NULL, NULL, NULL, NULL, NULL, NULL, '2021-09-29 01:11:17', '2021-09-29 01:11:17'),
(202, 1000, 'JORGE PEREZ GONZALEZ', '8', '$2y$10$i0cUGE.0S7MzP0OIsY/rpuSUAurIx2ouLtRJmMVOSfke6uoF7vmQe', NULL, NULL, NULL, NULL, NULL, NULL, '2021-09-29 01:11:17', '2021-09-29 01:11:17'),
(203, 1001, 'JUAN CARLOS BONILLA DE LA CRUZ', '8', '$2y$10$SD0HGS8RTZ2ZRZglvcLKuu6rcgeEEnG8/wMvDeF/yATtzaeVk5e/y', NULL, NULL, NULL, NULL, NULL, NULL, '2021-09-29 01:11:17', '2021-09-29 01:11:17'),
(204, 1007, 'CRISTIAN JESUS ORTIZ FUENTES', '8', '$2y$10$TB2rzMFbOBfJ85tW/JKwM.4ND6B41mEBmINkG3spjcnbkV5AMdhkq', NULL, NULL, NULL, NULL, NULL, NULL, '2021-09-29 01:11:17', '2021-09-29 01:11:17'),
(205, 1013, 'VICTOR ESTEBAN HERNANDEZ', '8', '$2y$10$W1/4Y9P0YyFDmfY9KxnW0e9pAKPteDC3WT5xlAUCN57SXFtrfG28a', NULL, NULL, NULL, NULL, NULL, NULL, '2021-09-29 01:11:18', '2021-09-29 01:11:18'),
(206, 1014, 'RAYMUNDO PEREZ VERGARA', '8', '$2y$10$/buNdQFIs3QLB1bueh6abeVeUGpsEm5ydTLgk6inizo2sIcwgjfBS', NULL, NULL, NULL, NULL, NULL, NULL, '2021-09-29 01:11:18', '2021-09-29 01:11:18'),
(207, 1015, 'JUAN CARLOS GARCIA RAMOS', '8', '$2y$10$nQ8HFhBsBD31cBkRQPcChu4KU0wSWrPzmAoMAFKKNccdlNokBD7b2', NULL, NULL, NULL, NULL, NULL, NULL, '2021-09-29 01:11:18', '2021-09-29 01:11:18'),
(208, 1016, 'DAVID CAMACHO GARCIA', '8', '$2y$10$gBLv.bhm60qhvzNf.Wmz6ub1SZlalXcrhm/ByV84tEICzwv0Rujxe', NULL, NULL, NULL, NULL, NULL, NULL, '2021-09-29 01:11:18', '2021-09-29 01:11:18'),
(209, 1036, 'RICARDO ROSALES ROSETE', '8', '$2y$10$gU3dN1DBg4ewA.cdqRb6B.u6Rov4mWxlbuaSEUwqN83WyPPCY24zO', NULL, NULL, NULL, NULL, NULL, NULL, '2021-09-29 01:11:18', '2021-09-29 01:11:18'),
(210, 1037, 'RICARDO SOLIS LOPEZ', '8', '$2y$10$m8Vgij1/XD32e4LDgQK5DO762zBv2U5ifXeNrkrKkoQWBH4B931ba', NULL, NULL, NULL, NULL, NULL, NULL, '2021-09-29 01:11:18', '2021-09-29 01:11:18'),
(211, 1056, 'BRANDON PEREZ RAMIREZ', '8', '$2y$10$fCvyFzhnKlSMRPGyLsn0Au8foPnhUM1UsyLPVN.62UemX.5xz.Etu', NULL, NULL, NULL, NULL, NULL, NULL, '2021-09-29 01:11:18', '2021-09-29 01:11:18'),
(212, 1074, 'IGNACIO SANCHEZ HERNANDEZ', '8', '$2y$10$HB9KWlG0AeEwl.BGIZUZiOmuXSdvC7Hp59VkmdozuuR3Yw0Q0F81S', NULL, NULL, NULL, NULL, NULL, NULL, '2021-09-29 01:11:18', '2021-09-29 01:11:18'),
(213, 1079, 'JOSE DANIEL OLMEDO ROJAS', '8', '$2y$10$llHuoJ/GUssifs5SvjcSqeaY6MYMHZA5LRAZY0Yz0FIgGInQZQaI6', NULL, NULL, NULL, NULL, NULL, NULL, '2021-09-29 01:11:18', '2021-09-29 01:11:18'),
(214, 1082, 'OCTAVIO ROBLES PACHECO', '8', '$2y$10$CFkeHJcYBbHwKEb3iKvhgOOdJ/6BE481xtBPHUdTUapLeAkCHDj..', NULL, NULL, NULL, NULL, NULL, NULL, '2021-09-29 01:11:19', '2021-09-29 01:11:19'),
(215, 1094, 'EDUARDO SALGADO CHEPE', '8', '$2y$10$KUJtnJYNM7XKTesX1eXoUeUt5D5oghWxKkQwaHLaQOdVTGd2AOsEO', NULL, NULL, NULL, NULL, NULL, NULL, '2021-09-29 01:11:19', '2021-09-29 01:11:19'),
(216, 1114, 'HUGO ARROYO TORRES', '8', '$2y$10$eWpHZD2biViq69P7KQPtIedABVAeMygIWSo8XTyXWxjytSh3Azll.', NULL, NULL, NULL, NULL, NULL, NULL, '2021-09-29 01:11:19', '2021-09-29 01:11:19'),
(217, 1115, 'ALEJANDRO HUERTA MARTINEZ', '8', '$2y$10$z48SunJjjF2RUHxBqo23A.Gds5UTGb3SI8z5uadZgYB3UOmMc1tRS', NULL, NULL, NULL, NULL, NULL, NULL, '2021-09-29 01:11:19', '2021-09-29 01:11:19'),
(218, 1117, 'ADRIAN ASAEL HERNANDEZ SANCHEZ', '8', '$2y$10$c2eax37uul6szNC.TF7vHu5Il.To1Bz02.rVei1DXToEeBXtv9ty.', NULL, NULL, NULL, NULL, NULL, NULL, '2021-09-29 01:11:19', '2021-09-29 01:11:19'),
(219, 1120, 'JAIME HERNANDEZ HERNANDEZ', '8', '$2y$10$Hstz.rqF3VPSgydAG3YaQOZS6m0Q0./TPgD0fYhEJXz6rfVX7ceZW', NULL, NULL, NULL, NULL, NULL, NULL, '2021-09-29 01:11:19', '2021-09-29 01:11:19'),
(220, 1123, 'JOSE FRANCISCO DE LUNA', '8', '$2y$10$UMRJQuZJCp06OG5.wwV0L.mFjKlGGhStcXzY6Q/.fIrOl8ZnJQ8ni', NULL, NULL, NULL, NULL, NULL, NULL, '2021-09-29 01:11:19', '2021-09-29 01:11:19'),
(221, 1130, 'CARMELO VALENCIA ROJAS', '8', '$2y$10$ExCctc1Io.HqFLrcfIUNEO4MUWua7q3qkLH.2FfzSPGbJL1b4R7/6', NULL, NULL, NULL, NULL, NULL, NULL, '2021-09-29 01:11:19', '2021-09-29 01:11:19'),
(222, 1151, 'MIGUEL CARRILLO GUEVARA', '8', '$2y$10$dpslnaEIgSlzMcXdB3y4DOF9qQLntwrylX4NfjLhucNHPwWEtHea2', NULL, NULL, NULL, NULL, NULL, NULL, '2021-09-29 01:11:19', '2021-09-29 01:11:19'),
(223, 1156, 'FERNANDO GONZALEZ DOMINGUEZ', '8', '$2y$10$H8vX6Hrp/7RmDx.0y/shP.CoHdTX/5giIG.DmlVEhH/kD4Tc0HFXy', NULL, NULL, NULL, NULL, NULL, NULL, '2021-09-29 01:11:20', '2021-09-29 01:11:20'),
(224, 1202, 'JONATAN HERNANDEZ CUEVAS', '8', '$2y$10$H3.3SxlbKkgyj2G/mSqD8eSyuDKoiFdN3.hwo7.YNoz/FhwZ1WTQ2', NULL, NULL, NULL, NULL, NULL, NULL, '2021-09-29 01:11:20', '2021-09-29 01:11:20'),
(225, 1205, 'OSCAR ARTURO SALDAÑA SANCHEZ', '8', '$2y$10$CjulfKJi3eXB7cEuEUauqeq.WSvjpVh0Uh/7ajSOGZjZ0OJ0yP4Iy', NULL, NULL, NULL, NULL, NULL, NULL, '2021-09-29 01:11:20', '2021-09-29 01:11:20'),
(226, 1208, 'DAVID ANTONIO VERA GONZALEZ', '8', '$2y$10$RD.RcRSCuo28LJYPrxlV2uyzLQMiHhAOsCBP47eUWxJ46QzWSibZ2', NULL, NULL, NULL, NULL, NULL, NULL, '2021-09-29 01:11:20', '2021-09-29 01:11:20'),
(227, 1209, 'BRYAN EDUARDO LEON LOPEZ', '8', '$2y$10$fw8PgpXPlyYJilrFuhtkAeQ.4MCAIiYQamTvxMu6MVfe.2hqzAEa2', NULL, NULL, NULL, NULL, NULL, NULL, '2021-09-29 01:11:20', '2021-09-29 01:11:20'),
(228, 1222, 'ALAN GABRIEL RAMIREZ HERNANDEZ', '8', '$2y$10$51h0J6BfE9Gq3.AR.TD0EOc6z/5lrJFb1qoj2M9SnQNorvO.QBLHu', NULL, NULL, NULL, NULL, NULL, NULL, '2021-09-29 01:11:20', '2021-09-29 01:11:20'),
(229, 1223, 'ISRAEL MUÑOZ SAUCEDO', '8', '$2y$10$QAxRLO4fnTFAFxkEbTgZ0O2XH4akPyV45p4Ima18iKj0PmdA8yqXW', NULL, NULL, NULL, NULL, NULL, NULL, '2021-09-29 01:11:20', '2021-09-29 01:11:20'),
(230, 1226, 'CRISTIAN BERNALDINO HERNANDEZ', '8', '$2y$10$zdgr8Q5zzuhxLm8WUiHNKO2jZ2kR4YQDTIaG9ei279uUdhqGxs9wW', NULL, NULL, NULL, NULL, NULL, NULL, '2021-09-29 01:11:20', '2021-09-29 01:11:20'),
(231, 1227, 'JULIAN MARTINEZ RAMIREZ', '8', '$2y$10$jUTJOcQ8W4xn.z.TQWGPZ.mpQs3oiLpqRI/X7SZM5YGGacSEIMFIe', NULL, NULL, NULL, NULL, NULL, NULL, '2021-09-29 01:11:20', '2021-09-29 01:11:20'),
(232, 1228, 'FERNANDO YONATAN ZAMORA HERNANDEZ', '8', '$2y$10$iQM1MwJ9o4dc/LjCmZ.vO.m6q63H0oPCu7BGrXFQNg9iy/T5dluv.', NULL, NULL, NULL, NULL, NULL, NULL, '2021-09-29 01:11:21', '2021-09-29 01:11:21'),
(233, 1229, 'LUIS ENRIQUE RODRIGUEZ CABRERA', '8', '$2y$10$cbTVXRL5Mlpqx8IOfvK2auXpgvKqrlyRRvFVF4/9b27SnvTC6FGa6', NULL, NULL, NULL, NULL, NULL, NULL, '2021-09-29 01:11:21', '2021-09-29 01:11:21'),
(234, 1231, 'FRANCISCO TORRES FLORES', '8', '$2y$10$k.GZ3QyBjX1JXEaZxfBdGuY0ekZ5n8YuclGiX2dMD//LybsYysmbC', NULL, NULL, NULL, NULL, NULL, NULL, '2021-09-29 01:11:21', '2021-09-29 01:11:21'),
(235, 1232, 'JOSE ALFREDO ALVARADO LOPEZ', '8', '$2y$10$MT6.ef/O6wg5Z92qWEbL2Or2KczU1PGBh.t81DlzmVXKH4KONM1Qm', NULL, NULL, NULL, NULL, NULL, NULL, '2021-09-29 01:11:21', '2021-09-29 01:11:21'),
(236, 1235, 'FERNANDO MADRIGAL RANGEL', '8', '$2y$10$z3Y4O6IxQlJCrmYoMyHwr.lUk2atvQJlmm8EAMbb1JK0dPeTOLAse', NULL, NULL, NULL, NULL, NULL, NULL, '2021-09-29 01:11:21', '2021-09-29 01:11:21'),
(237, 1237, 'PEDRO GALVAN MAYEN', '8', '$2y$10$h3zNtxxXpDDWCD/sJcqCSOBni5p0RCC1PPjM6MLV9JHQehQy1hdTu', NULL, NULL, NULL, NULL, NULL, NULL, '2021-09-29 01:11:21', '2021-09-29 01:11:21'),
(238, 1238, 'ALAN MOISES TERCERO CAMARGO', '8', '$2y$10$EApSMMAnXrxKVpZklu6ume/3ev5eqm6dzS4iY5i1zX1Ogt82ZUIHa', NULL, NULL, NULL, NULL, NULL, NULL, '2021-09-29 01:11:21', '2021-09-29 01:11:21'),
(239, 1239, 'JOSE HUMBERTO PEREZ LUNA', '8', '$2y$10$KXmvTb.ewhqO32i3qwfa5.a7SWn1XMRM7iYdlGuu34DVtMLUk9bC.', NULL, NULL, NULL, NULL, NULL, NULL, '2021-09-29 01:11:21', '2021-09-29 01:11:21'),
(240, 1250, 'FERNANDO MENDOZA REYES', '8', '$2y$10$1QOkQ9.qqQTR/aw0vfW4mO/0vUM.ryL4RoiTV.OcPBDL21n3UqUGK', NULL, NULL, NULL, NULL, NULL, NULL, '2021-09-29 01:11:22', '2021-09-29 01:11:22'),
(241, 1252, 'MARCO ANTONIO ALDUCIN LOPEZ', '8', '$2y$10$ovVup.SAfTGtAZ04vmCS8.Btkr7TtozLndKBv3LzQGWkyIj1lSZ6W', NULL, NULL, NULL, NULL, NULL, NULL, '2021-09-29 01:11:22', '2021-09-29 01:11:22'),
(242, 1257, 'EDUARDO RENDON ROSAS', '8', '$2y$10$ZaxJ.SCE814o.N2OscI4vej67.bYudzUcdNycgl1GtetlywNLSMXe', NULL, NULL, NULL, NULL, NULL, NULL, '2021-09-29 01:11:22', '2021-09-29 01:11:22'),
(243, 1259, 'CARLOS ARMANDO ROSAS DE LA LUZ', '8', '$2y$10$YuhpPHfNGIIi27ZyXkaxcuriqulCdcGMUykpt2VgohjTUSrZNqZei', NULL, NULL, NULL, NULL, NULL, NULL, '2021-09-29 01:11:22', '2021-09-29 01:11:22'),
(244, 1260, 'JONATHAN HERNANDEZ GARCIA', '8', '$2y$10$dqTrU80b31jiaWEYk9g6KembbQdv7lm4NHyT7jU0Cq8PecPY73/2C', NULL, NULL, NULL, NULL, NULL, NULL, '2021-09-29 01:11:22', '2021-09-29 01:11:22'),
(245, 1261, 'JUAN CARLOS DE LA ROSA CASTILLO', '8', '$2y$10$SsKQ3WycKUH1cO19sj4lduM1cr5Xpe2n9meAHoKyTp5kPlCM2z.Ui', NULL, NULL, NULL, NULL, NULL, NULL, '2021-09-29 01:11:22', '2021-09-29 01:11:22'),
(246, 1262, 'JOSE DOLORES JIMENEZ COSTEÑO', '8', '$2y$10$E.7W04U5N1.3zZ8ae3XekuzV4JgNKMHWmr8XKWCxaRgKIRfX1RMue', NULL, NULL, NULL, NULL, NULL, NULL, '2021-09-29 01:11:22', '2021-09-29 01:11:22'),
(247, 1264, 'FRANCISCO SOSA CASTAÑEDA', '8', '$2y$10$4R88r532BAiSSiTaw5KwSuar/X4JBWWVvxb/lu0jlZG8aPPHIJEZe', NULL, NULL, NULL, NULL, NULL, NULL, '2021-09-29 01:11:22', '2021-09-29 01:11:22'),
(248, 1269, 'JORGE ALI CABALLERO DE LARA', '8', '$2y$10$g04M.FevU.8sAp.AFrWfjeh/IEFpjmTqeoi0V6LhxDPXaFu65nozi', NULL, NULL, NULL, NULL, NULL, NULL, '2021-09-29 01:11:23', '2021-09-29 01:11:23'),
(249, 1270, 'GEOVANY ZEPEDA OLMOS', '8', '$2y$10$K0ufwRin9Yu37l5knnKHLegEhDzO8UBdI4aTkFo8kIdIORAZJUPGO', NULL, NULL, NULL, NULL, NULL, NULL, '2021-09-29 01:11:23', '2021-09-29 01:11:23'),
(250, 1271, 'JOSE EDUARDO SANCHEZ BARONA', '8', '$2y$10$.OR0O5NGsDXe2IQChQacI.cFTnrQ3zhc14jwdG69x8q/A5t.73xYO', NULL, NULL, NULL, NULL, NULL, NULL, '2021-09-29 01:11:23', '2021-09-29 01:11:23'),
(251, 1273, 'CRISTIAN DE LA ROSA MARTINEZ', '8', '$2y$10$Y1tfLZXFHW/R2FTK9RCn.OqHKFGjItzZNaUlZepdEEH2oJcjl45nK', NULL, NULL, NULL, NULL, NULL, NULL, '2021-09-29 01:11:23', '2021-09-29 01:11:23'),
(252, 328, 'ISRAEL AGUSTIN JUAREZ SANCHEZ', '9', '$2y$10$S6uq2cSMrafVrfy5.CmXhesfUnZFufhWErvKtQawueFRUjYOJa68K', NULL, NULL, NULL, NULL, NULL, NULL, '2021-09-29 01:11:23', '2021-09-29 01:11:23'),
(253, 820, 'ALEX IVAN PAISANO PEREZ', '9', '$2y$10$RMR7BHBxBiaMDmndDzywB.I1YR3byw/kMK5dYxDsUaq94vWkMD7q2', NULL, NULL, NULL, NULL, NULL, NULL, '2021-09-29 01:11:23', '2021-09-29 01:11:23'),
(254, 1043, 'GAEL BONILLA MENA', '9', '$2y$10$dm/GHFHK3Z1g5TNSV2KHSen2KBpHjeanLBj/A9jCm5qQKr8HoQS0u', NULL, NULL, NULL, NULL, NULL, NULL, '2021-09-29 01:11:23', '2021-09-29 01:11:23'),
(255, 1266, 'JUAN MANUEL SALDIVAR ORTIZ', '9', '$2y$10$K/3zswlkLOTz25daxA.UFeQfoCqTMeahwMOcDkYLvjsDID9TW2RDq', NULL, NULL, NULL, NULL, NULL, NULL, '2021-09-29 01:11:23', '2021-09-29 01:11:23'),
(256, 149, 'MAXIMINO OJEDA CONDE', '10', '$2y$10$3vmK18wrHM8jiZzWWFLm2OvY24SUoY.Q44u8St/oMS5K2WyJ05OWm', NULL, NULL, NULL, NULL, NULL, NULL, '2021-09-29 01:11:24', '2021-09-29 01:11:24'),
(257, 265, 'CARLOS ZAMORA RAMIREZ', '10', '$2y$10$S.lHdRUDh7UU67phCvk0OOZ.RvxoqWcFHhd92BQm17BRh6ltuRPbe', NULL, NULL, NULL, NULL, NULL, NULL, '2021-09-29 01:11:24', '2021-09-29 01:11:24'),
(258, 970, 'NARCISO GARCIA MESTIZO', '10', '$2y$10$ITQCzGp1uYt4ZtiuVKqHSO75UB3drWMNmr70hh7di3KbgAkSQoveG', NULL, NULL, NULL, NULL, NULL, NULL, '2021-09-29 01:11:24', '2021-09-29 01:11:24'),
(259, 1011, 'GERARDO HERNANDEZ LOBATO', '10', '$2y$10$479VP/h6WPTnlSaeY1WN/.AIRGkOijB.5cBA3/PmE6lw3jil7dQl2', NULL, NULL, NULL, NULL, NULL, NULL, '2021-09-29 01:11:24', '2021-09-29 01:11:24'),
(260, 1207, 'GABRIEL SERGIO VAZQUEZ MENDIZABAL', '10', '$2y$10$kXsXS5U4U0AW86QGMTzfFuwI8HC/oHEUD9R5rSq8XhpuCFsqS2Yva', NULL, NULL, NULL, NULL, NULL, NULL, '2021-09-29 01:11:24', '2021-09-29 01:11:24'),
(261, 1215, 'MOISES RAMIREZ SANCHEZ', '10', '$2y$10$2tyxaY3Biw5DexFedmjoI.gON7PWuWnh6KC1aNtjQFcMksSzGMoRO', NULL, NULL, NULL, NULL, NULL, NULL, '2021-09-29 01:11:24', '2021-09-29 01:11:24'),
(262, 1263, 'ISRAEL CORONA HERNANDEZ', '10', '$2y$10$1DPGK0DKucchJXpADnCYleo.5gVEAqa6YbL4sO1rmP95gkEQHjO.i', NULL, NULL, NULL, NULL, NULL, NULL, '2021-09-29 01:11:24', '2021-09-29 01:11:24'),
(263, 5, 'JOSE SERGIO OTERO JIMENEZ', '11', '$2y$10$TAORn/YKltaxcLiFGI2pY.YWuvpm34v7N9P0oJfE4B6jh64gx/s/u', NULL, NULL, NULL, NULL, NULL, NULL, '2021-09-29 01:11:24', '2021-09-29 01:11:24');
INSERT INTO `users` (`id`, `IdEmp`, `name`, `Departamento`, `password`, `two_factor_secret`, `two_factor_recovery_codes`, `remember_token`, `current_team_id`, `profile_photo_path`, `deleted_at`, `created_at`, `updated_at`) VALUES
(264, 399, 'LUCIANO GOMEZ GUTIERREZ', '11', '$2y$10$zhOZifvMtD/kyzhu1JKaCO6hmyCK2mnhdr5.pE6TS6Z9k3230QAoy', NULL, NULL, NULL, NULL, NULL, NULL, '2021-09-29 01:11:24', '2021-09-29 01:11:24'),
(265, 516, 'RAFAEL PARRAGUIRRE GARCIA', '11', '$2y$10$EipCEgEnlWb1BlKsOvPSEO4Ea/hXXHtwBDOEVsqeS3io1Oals//dK', NULL, NULL, NULL, NULL, NULL, NULL, '2021-09-29 01:11:25', '2021-09-29 01:11:25'),
(266, 573, 'ISMAEL ZAMBRANO PEREZ', '11', '$2y$10$OEZ3OumkXLyITyUX.2fdgOdtlaIYFoqYmyc1ClA.dBfiOyR.IiMw6', NULL, NULL, NULL, NULL, NULL, NULL, '2021-09-29 01:11:25', '2021-09-29 01:11:25'),
(267, 666, 'SALOMON PEREZ LUNA', '11', '$2y$10$wOp00RqeBTVEjZDbS6ixhetGLb32dsswCHh/jG5CjyfbL9QatPlDm', NULL, NULL, NULL, NULL, NULL, NULL, '2021-09-29 01:11:25', '2021-09-29 01:11:25'),
(268, 736, 'JUVENTINO HERNANDEZ ESPINOSA', '11', '$2y$10$aluTchszvuzNAO1qkCVD8u12rWnYHtGTAhaxpV.ApQtCOYvsAVkE2', NULL, NULL, NULL, NULL, NULL, NULL, '2021-09-29 01:11:25', '2021-09-29 01:11:25'),
(269, 884, 'FRANCISCO JAVIER PRIMERO LOPEZ', '11', '$2y$10$Sfcu0pcRxkew6zWjWJKV8OJbQ05sf1qWZui3pFQQ6p.KXL865UnM2', NULL, NULL, NULL, NULL, NULL, NULL, '2021-09-29 01:11:25', '2021-09-29 01:11:25'),
(270, 910, 'JUAN CARLOS PORTILLO SANCHEZ', '11', '$2y$10$16HKgOm9slcZEdr1ramjX.mtek3ZztlxVaS8xgs3JXA.BGLmukp0G', NULL, NULL, NULL, NULL, NULL, NULL, '2021-09-29 01:11:25', '2021-09-29 01:11:25'),
(271, 937, 'DAVID GIL CASELIN', '11', '$2y$10$6Er/Snlrn2R9.uRM9q8SNeTiI1p0qfFYoRdV/E4RIBRR6IEA58.22', NULL, NULL, NULL, NULL, NULL, NULL, '2021-09-29 01:11:25', '2021-09-29 01:11:25'),
(272, 950, 'ERICK QUINTANILLA VERA', '11', '$2y$10$DI5x8pYX9fmWVuK3/ZFvmeiX/AtYRoXTkeSZ4EHFvtqR3TKIJVlfq', NULL, NULL, NULL, NULL, NULL, NULL, '2021-09-29 01:11:25', '2021-09-29 01:11:25'),
(273, 1052, 'ALFREDO OSORIO ALVAREZ', '11', '$2y$10$9c6DNjYuHMRHwcEOYirWMOMXLu.5kkSl6b11c0sf.z5V38X9KCz4S', NULL, NULL, NULL, NULL, NULL, NULL, '2021-09-29 01:11:26', '2021-09-29 01:11:26'),
(274, 1107, 'JOSE ARMANDO MUÑOZ LEON', '11', '$2y$10$6iuFpnvp1nQcrc15G2BVVuSDdKBgtYsiOi9sWiTQtPZhXiRaW1iny', NULL, NULL, NULL, NULL, NULL, NULL, '2021-09-29 01:11:26', '2021-09-29 01:11:26'),
(275, 1152, 'CARLOS HERNANDEZ FLORES', '11', '$2y$10$2qL3Pn1n0Ot1Zt2xztJDz.Ttrm.pNjLt30vmj.jenA21uMo54deLi', NULL, NULL, NULL, NULL, NULL, NULL, '2021-09-29 01:11:26', '2021-09-29 01:11:26'),
(276, 1153, 'HELIHU PALACIOS CHANTRES', '11', '$2y$10$h4T8asit1O3Pt8MDr0od2eV4ynPqESbcceIteLk9dC1IsJOT5cZC2', NULL, NULL, NULL, NULL, NULL, NULL, '2021-09-29 01:11:26', '2021-09-29 01:11:26'),
(277, 1221, 'LUIS ANGEL GUEVARA ARENAS', '11', '$2y$10$1j3dhcbOtuQxoKEpXHAxJeiNrI9M8pyUMzKeQkF4aA/XhuK55UnO2', NULL, NULL, NULL, NULL, NULL, NULL, '2021-09-29 01:11:26', '2021-09-29 01:11:26'),
(278, 1224, 'JESUS ROLDAN CELA', '11', '$2y$10$6iei9aCeCX7ftosV17roDuBwvn9LArg4J92Kw8I5uavXzteaQIdTy', NULL, NULL, NULL, NULL, NULL, NULL, '2021-09-29 01:11:26', '2021-09-29 01:11:26'),
(279, 1230, 'RENE IVAN JUAREZ HUERTA', '11', '$2y$10$z4JGPXB70ECJuC6FD51t9u2Za1ZwM2qJwGQPKSaOLuartACUZAt..', NULL, NULL, NULL, NULL, NULL, NULL, '2021-09-29 01:11:26', '2021-09-29 01:11:26'),
(280, 1265, 'JOSE ARTURO MATAMOROS HERNANDEZ', '11', '$2y$10$ka8L0ABSxZ6kIUiA4C/J3ONnu8PZ9Qfcq30OByNxue1ohiUFu2v5W', NULL, NULL, NULL, NULL, NULL, NULL, '2021-09-29 01:11:26', '2021-09-29 01:11:26'),
(281, 190, 'ROMAN MACHORRO ARENAS', '12', '$2y$10$lYeoTSiX8sbJay2i1f7lwOtp2HIfHO3tOmMbVvi/1BkqQWZ7ULMfG', NULL, NULL, NULL, NULL, NULL, NULL, '2021-09-29 01:11:26', '2021-09-29 01:11:26'),
(282, 881, 'MIGUEL ANGEL CANALES ROJAS', '12', '$2y$10$TJuAexq2lxudgCP5aqT3eugBM7Qr9i76S7UNiuPDljDV/W/vzWbVK', NULL, NULL, NULL, NULL, NULL, NULL, '2021-09-29 01:11:27', '2021-09-29 01:11:27'),
(283, 1128, 'URIEL BERNALDINO HERNANDEZ', '12', '$2y$10$9pTLQ4j6oTB0Lsg3LWhrV.SN1Q..ug8tbjaZQx.S9Z/e8.wgc0Fea', NULL, NULL, NULL, NULL, NULL, NULL, '2021-09-29 01:11:27', '2021-09-29 01:11:27'),
(284, 1167, 'MARCO ANTONIO MANZANAREZ RIOS', '12', '$2y$10$xbwFX.qpx9t1OiW6bvaff.K/sCLGCPaW1NkGxvZnriHTLhoP5YrUq', NULL, NULL, NULL, NULL, NULL, NULL, '2021-09-29 01:11:27', '2021-09-29 01:11:27'),
(285, 1247, 'DIEGO MARTINEZ ANASTACIO', '12', '$2y$10$9Z4OC3shuLMCh7zwKMZD2OR81/n82c6RV/o4uVpbxRzAKGb4eFnY.', NULL, NULL, NULL, NULL, NULL, NULL, '2021-09-29 01:11:27', '2021-09-29 01:11:27'),
(286, 326, 'ESPERANZA ALVARADO PASILLAS', '13', '$2y$10$QPPnO4.vNR6HC/orBdWqRuw3uEq8OpgPxPHsicSoOHTWoLdqSAWSO', NULL, NULL, NULL, NULL, NULL, NULL, '2021-09-29 01:11:27', '2021-09-29 01:11:27'),
(287, 410, 'MARIA EDITH PALAFOX FLORES', '13', '$2y$10$pqaYqT8ppXIY1hnFW24GguWWKJHUmlh0Ij89DEXK7YsRD05XZP5B6', NULL, NULL, NULL, NULL, NULL, NULL, '2021-09-29 01:11:27', '2021-09-29 01:11:27'),
(288, 585, 'OLIVIA MENESES BADILLO', '13', '$2y$10$3XP9QpRQsHuRQaGMTjA0SOrhbgQjnX1z4BjKNdEzxBo4rRXGftNN.', NULL, NULL, NULL, NULL, NULL, NULL, '2021-09-29 01:11:27', '2021-09-29 01:11:27'),
(289, 876, 'MARIA ARACELI SOSA JIMENEZ', '13', '$2y$10$brDp5OF0qC5tQ.RPeesxj.4pSHzw5T7bO1habcF0Uk.ZR0zcewbW2', NULL, NULL, NULL, NULL, NULL, NULL, '2021-09-29 01:11:27', '2021-09-29 01:11:27'),
(290, 943, 'FORTINO HERNANDEZ HERNANDEZ', '13', '$2y$10$LozLfGoMzGuYZo7d097D6u3l0XhYTxsArMyjGVa.f8c67m9focfkK', NULL, NULL, NULL, NULL, NULL, NULL, '2021-09-29 01:11:27', '2021-09-29 01:11:27'),
(291, 1057, 'LOURDES MICAELA HERNANDEZ RODRIGUEZ', '13', '$2y$10$flSavt8OPDf558vdnxOnouBtvsWeScHZOqXO5dq/6msak2stFbf32', NULL, NULL, NULL, NULL, NULL, NULL, '2021-09-29 01:11:28', '2021-09-29 01:11:28'),
(292, 1067, 'LUCERO GONZALEZ HERNANDEZ', '13', '$2y$10$Wio0kPb82lYalxFW8WH0CuhXIOO9UXawBkkTbDKw8asvstvIVxzaO', NULL, NULL, NULL, NULL, NULL, NULL, '2021-09-29 01:11:28', '2021-09-29 01:11:28'),
(293, 1091, 'RAFAEL SANCHEZ VAZQUEZ', '13', '$2y$10$5jxeDxJUEZhgNzLfLu48Wu87A5/D2wqG5gSbaRdqm9YcaAC/ZoVoO', NULL, NULL, NULL, NULL, NULL, NULL, '2021-09-29 01:11:28', '2021-09-29 01:11:28'),
(294, 1100, 'GLORIA VELEZ RODRIGUEZ', '13', '$2y$10$1OKee2TlRlFofJUof3MgNuXrnbVhJIeDkQNIOeFMhErCWWQhVPPM6', NULL, NULL, NULL, NULL, NULL, NULL, '2021-09-29 01:11:28', '2021-09-29 01:11:28'),
(295, 1104, 'DAVID ZAMBRANO SAUCEDO', '13', '$2y$10$nJ2nxkae6duFLbzip/6BFeDtDtxasl4hK6O6PDHFps2HnJUo3oKWG', NULL, NULL, NULL, NULL, NULL, NULL, '2021-09-29 01:11:28', '2021-09-29 01:11:28'),
(296, 1109, 'NOE RAMIREZ LEYVA', '13', '$2y$10$jIfEt95E3r4DqPk0OJOrg.0ChqumKAHiUeTkjkyAsFLw8D0n0gM82', NULL, NULL, NULL, NULL, NULL, NULL, '2021-09-29 01:11:28', '2021-09-29 01:11:28'),
(297, 1131, 'YAQUELINE CASTILLO BADILLO', '13', '$2y$10$PXD5zWTWxm8ZXAPFe9cDSucjlLFAq/8wIQuMQkUQv4GNAguQFydIu', NULL, NULL, NULL, NULL, NULL, NULL, '2021-09-29 01:11:28', '2021-09-29 01:11:28'),
(298, 1132, 'MARIA COTZOMI LOPEZ', '13', '$2y$10$XzxwTUaE30OTIicTkqMRQ.XsNE2W2QxPe0XSBBQax8PPQSMJfDRBy', NULL, NULL, NULL, NULL, NULL, NULL, '2021-09-29 01:11:28', '2021-09-29 01:11:28'),
(299, 1133, 'MARIBEL GUTIERREZ ALTAMIRANO', '13', '$2y$10$1.J6isgfrnrjWfDwTLLY6.DdP6XhGPCroEyBwUjaqJsz3XVvSyBAG', NULL, NULL, NULL, NULL, NULL, NULL, '2021-09-29 01:11:28', '2021-09-29 01:11:28'),
(300, 1134, 'EMMA SALAS SOSA', '13', '$2y$10$ncoy8aJ.dEzAF4p.DcGj.uYj2koYiR003v/GE/R.1qbAm9wiVc9ju', NULL, NULL, NULL, NULL, NULL, NULL, '2021-09-29 01:11:29', '2021-09-29 01:11:29'),
(301, 1135, 'JESSICA SAUCEDO ROJAS', '13', '$2y$10$S3hWnw5X40KuTumdM.XJueMwVyLfn3hijNlqYR3ZgkkFJn8Ji3CJK', NULL, NULL, NULL, NULL, NULL, NULL, '2021-09-29 01:11:29', '2021-09-29 01:11:29'),
(302, 1172, 'GICELA ROMERO VEGA', '13', '$2y$10$Y8hwJaWS.8qHIegsNv0IqeJmF/gip1DJs66ojp.9rqUCJ/H2sqGnq', NULL, NULL, NULL, NULL, NULL, NULL, '2021-09-29 01:11:29', '2021-09-29 01:11:29'),
(303, 1176, 'MAYRA AZUCENA SOLANO JUAREZ', '13', '$2y$10$PJvu.mIo6j1.qlYILItX7e.Kb4FCYK9xk1R1txcZoBgg026GILO6e', NULL, NULL, NULL, NULL, NULL, NULL, '2021-09-29 01:11:29', '2021-09-29 01:11:29'),
(304, 1177, 'DIANA AGUILAR DIAZ', '13', '$2y$10$S7NcPqynmDMT8Rhvm6z1gOCrwkkO0xrEm7bdJVz6cyjQgjA0gF6vy', NULL, NULL, NULL, NULL, NULL, NULL, '2021-09-29 01:11:29', '2021-09-29 01:11:29'),
(305, 1185, 'ELISA AGUILAR LIMON', '13', '$2y$10$NFKF8qgFQmG3PDQvFXspReJEpADNyMyeGFItUY0cHBvqJxjBuR.q2', NULL, NULL, NULL, NULL, NULL, NULL, '2021-09-29 01:11:29', '2021-09-29 01:11:29'),
(306, 1191, 'URIEL FLORES GUZMAN', '13', '$2y$10$kInSmC.Jtbfiz74MsCTDkex3Cga/BkT.BW1xv5aZJDEdd.2IDfszq', NULL, NULL, NULL, NULL, NULL, NULL, '2021-09-29 01:11:29', '2021-09-29 01:11:29'),
(307, 1198, 'ADRIANA NAJERA MATA', '13', '$2y$10$o3FLLoqu27652vtGhqgDyOayoennHmVttV5.EjQVnmUNc0GXnlUG6', NULL, NULL, NULL, NULL, NULL, NULL, '2021-09-29 01:11:29', '2021-09-29 01:11:29'),
(308, 1199, 'MARICARMEN ROMERO VEGA', '13', '$2y$10$iWpxGeRs4taBh3nZ5UUr9.ObcOrhvwcV3tJZ9FXjLLVA23qw7p/1K', NULL, NULL, NULL, NULL, NULL, NULL, '2021-09-29 01:11:29', '2021-09-29 01:11:29'),
(309, 1200, 'ADRIANA CAMARGO ALBINO', '13', '$2y$10$rFaEtxHV.qOn6wF0iSZEPej4H85jXjzQMbcsk8CP1wfp/1ryH8.vK', NULL, NULL, NULL, NULL, NULL, NULL, '2021-09-29 01:11:30', '2021-09-29 01:11:30'),
(310, 1217, 'YOLANDA HERNANDEZ DIAZ', '13', '$2y$10$QJmpSDrPhSvGss3StR5q2u8cZG6xRxgGh5rKrlSyB5WSoAOFxL6qO', NULL, NULL, NULL, NULL, NULL, NULL, '2021-09-29 01:11:30', '2021-09-29 01:11:30'),
(311, 1218, 'MARIA IVONE HERNANDEZ CUELLAR', '13', '$2y$10$RiomFSjNrD1AKev2HLsZp.MZLGZteXeyt1TYLoW9w0QM/gvp7kmPy', NULL, NULL, NULL, NULL, NULL, NULL, '2021-09-29 01:11:30', '2021-09-29 01:11:30'),
(312, 1219, 'FRANCISCA FLORES HERNANDEZ', '13', '$2y$10$EBObnpLyrRY3zK9VPi4Dx.5BOVuXiYhNj11tHpFIWX0NYXhniyhs2', NULL, NULL, NULL, NULL, NULL, NULL, '2021-09-29 01:11:30', '2021-09-29 01:11:30');

-- --------------------------------------------------------

--
-- Estructura de tabla para la tabla `vacaciones`
--

CREATE TABLE `vacaciones` (
  `id` bigint(20) UNSIGNED NOT NULL,
  `IdUser` bigint(20) UNSIGNED NOT NULL,
  `IdEmp` bigint(20) UNSIGNED NOT NULL,
  `Nombre` varchar(65) COLLATE utf8mb4_unicode_ci DEFAULT NULL,
  `FechaInicio` date NOT NULL,
  `FechaFin` date NOT NULL,
  `Comentarios` varchar(255) COLLATE utf8mb4_unicode_ci DEFAULT NULL,
  `Estatus` int(11) DEFAULT NULL,
  `DiasTomados` int(11) NOT NULL,
  `DiasRestantes` int(11) NOT NULL,
  `MotivoCancelacion` varchar(255) COLLATE utf8mb4_unicode_ci DEFAULT NULL,
  `deleted_at` timestamp NULL DEFAULT NULL,
  `created_at` timestamp NULL DEFAULT NULL,
  `updated_at` timestamp NULL DEFAULT NULL
) ENGINE=InnoDB DEFAULT CHARSET=utf8mb4 COLLATE=utf8mb4_unicode_ci;

--
-- Índices para tablas volcadas
--

--
-- Indices de la tabla `areas`
--
ALTER TABLE `areas`
  ADD PRIMARY KEY (`id`),
  ADD UNIQUE KEY `areas_idarea_unique` (`idArea`),
  ADD KEY `areas_areas_id_foreign` (`areas_id`);

--
-- Indices de la tabla `areas_modulos`
--
ALTER TABLE `areas_modulos`
  ADD PRIMARY KEY (`id`),
  ADD UNIQUE KEY `areas_modulos_nombrearea_unique` (`NombreArea`);

--
-- Indices de la tabla `articulos_papeleria_requisicions`
--
ALTER TABLE `articulos_papeleria_requisicions`
  ADD PRIMARY KEY (`id`),
  ADD KEY `articulos_papeleria_requisicions_material_id_foreign` (`material_id`),
  ADD KEY `articulos_papeleria_requisicions_papeleria_id_foreign` (`papeleria_id`);

--
-- Indices de la tabla `articulos_requisiciones`
--
ALTER TABLE `articulos_requisiciones`
  ADD PRIMARY KEY (`id`),
  ADD KEY `articulos_requisiciones_recibidopor_foreign` (`RecibidoPor`),
  ADD KEY `articulos_requisiciones_requisicion_id_foreign` (`requisicion_id`);

--
-- Indices de la tabla `cargas`
--
ALTER TABLE `cargas`
  ADD PRIMARY KEY (`id`),
  ADD KEY `cargas_norma_foreign` (`norma`),
  ADD KEY `cargas_equipo_id_foreign` (`equipo_id`),
  ADD KEY `cargas_maq_pro_id_foreign` (`maq_pro_id`),
  ADD KEY `cargas_proceso_id_foreign` (`proceso_id`),
  ADD KEY `cargas_per_carga_foreign` (`per_carga`),
  ADD KEY `cargas_dep_perf_id_foreign` (`dep_perf_id`),
  ADD KEY `cargas_clave_id_foreign` (`clave_id`),
  ADD KEY `cargas_turno_id_foreign` (`turno_id`);

--
-- Indices de la tabla `claves`
--
ALTER TABLE `claves`
  ADD PRIMARY KEY (`id`),
  ADD UNIQUE KEY `claves_cve_art_unique` (`CVE_ART`),
  ADD KEY `claves_dep_mat_id_foreign` (`dep_mat_id`);

--
-- Indices de la tabla `departamentos`
--
ALTER TABLE `departamentos`
  ADD PRIMARY KEY (`id`),
  ADD KEY `departamentos_departamento_id_foreign` (`departamento_id`);

--
-- Indices de la tabla `dep_mats`
--
ALTER TABLE `dep_mats`
  ADD PRIMARY KEY (`id`),
  ADD KEY `dep_mats_departamento_id_foreign` (`departamento_id`),
  ADD KEY `dep_mats_material_id_foreign` (`material_id`);

--
-- Indices de la tabla `dep_pers`
--
ALTER TABLE `dep_pers`
  ADD PRIMARY KEY (`id`),
  ADD KEY `dep_pers_perfiles_usuarios_id_foreign` (`perfiles_usuarios_id`),
  ADD KEY `dep_pers_departamento_id_foreign` (`departamento_id`),
  ADD KEY `dep_pers_equipo_id_foreign` (`equipo_id`);

--
-- Indices de la tabla `equipos`
--
ALTER TABLE `equipos`
  ADD PRIMARY KEY (`id`),
  ADD KEY `equipos_turno_id_foreign` (`turno_id`),
  ADD KEY `equipos_departamento_id_foreign` (`departamento_id`);

--
-- Indices de la tabla `failed_jobs`
--
ALTER TABLE `failed_jobs`
  ADD PRIMARY KEY (`id`),
  ADD UNIQUE KEY `failed_jobs_uuid_unique` (`uuid`);

--
-- Indices de la tabla `formulas`
--
ALTER TABLE `formulas`
  ADD PRIMARY KEY (`id`),
  ADD KEY `formulas_maq_pros_id_foreign` (`maq_pros_id`),
  ADD KEY `formulas_proceso_id_foreign` (`proceso_id`);

--
-- Indices de la tabla `incidencias`
--
ALTER TABLE `incidencias`
  ADD PRIMARY KEY (`id`),
  ADD KEY `incidencias_perfiles_usuarios_id_foreign` (`perfiles_usuarios_id`);

--
-- Indices de la tabla `jefes_areas`
--
ALTER TABLE `jefes_areas`
  ADD PRIMARY KEY (`id`);

--
-- Indices de la tabla `maquinas`
--
ALTER TABLE `maquinas`
  ADD PRIMARY KEY (`id`),
  ADD KEY `maquinas_departamento_id_foreign` (`departamento_id`);

--
-- Indices de la tabla `maq_pros`
--
ALTER TABLE `maq_pros`
  ADD PRIMARY KEY (`id`),
  ADD KEY `maq_pros_proceso_id_foreign` (`proceso_id`),
  ADD KEY `maq_pros_maquina_id_foreign` (`maquina_id`);

--
-- Indices de la tabla `marcas_maquinas`
--
ALTER TABLE `marcas_maquinas`
  ADD PRIMARY KEY (`id`),
  ADD KEY `marcas_maquinas_maquinas_id_foreign` (`maquinas_id`);

--
-- Indices de la tabla `materiales`
--
ALTER TABLE `materiales`
  ADD PRIMARY KEY (`id`),
  ADD UNIQUE KEY `materiales_idmat_unique` (`idmat`);

--
-- Indices de la tabla `material_papelerias`
--
ALTER TABLE `material_papelerias`
  ADD PRIMARY KEY (`id`);

--
-- Indices de la tabla `migrations`
--
ALTER TABLE `migrations`
  ADD PRIMARY KEY (`id`);

--
-- Indices de la tabla `model_has_permissions`
--
ALTER TABLE `model_has_permissions`
  ADD PRIMARY KEY (`permission_id`,`model_id`,`model_type`),
  ADD KEY `model_has_permissions_model_id_model_type_index` (`model_id`,`model_type`);

--
-- Indices de la tabla `model_has_roles`
--
ALTER TABLE `model_has_roles`
  ADD PRIMARY KEY (`role_id`,`model_id`,`model_type`),
  ADD KEY `model_has_roles_model_id_model_type_index` (`model_id`,`model_type`);

--
-- Indices de la tabla `modulos`
--
ALTER TABLE `modulos`
  ADD PRIMARY KEY (`id`);

--
-- Indices de la tabla `notas_cargas`
--
ALTER TABLE `notas_cargas`
  ADD PRIMARY KEY (`id`),
  ADD KEY `notas_cargas_perfil_id_foreign` (`perfil_id`),
  ADD KEY `notas_cargas_carga_id_foreign` (`carga_id`);

--
-- Indices de la tabla `papeleria_requisicions`
--
ALTER TABLE `papeleria_requisicions`
  ADD PRIMARY KEY (`id`),
  ADD KEY `papeleria_requisicions_departamento_id_foreign` (`Departamento_id`),
  ADD KEY `papeleria_requisicions_jefes_areas_id_foreign` (`jefes_areas_id`);

--
-- Indices de la tabla `paros`
--
ALTER TABLE `paros`
  ADD PRIMARY KEY (`id`),
  ADD UNIQUE KEY `paros_clave_unique` (`clave`),
  ADD KEY `paros_departamento_id_foreign` (`departamento_id`);

--
-- Indices de la tabla `paros_cargas`
--
ALTER TABLE `paros_cargas`
  ADD PRIMARY KEY (`id`),
  ADD KEY `paros_cargas_paro_id_foreign` (`paro_id`),
  ADD KEY `paros_cargas_maq_pro_id_foreign` (`maq_pro_id`),
  ADD KEY `paros_cargas_proceso_id_foreign` (`proceso_id`),
  ADD KEY `paros_cargas_perfil_ini_id_foreign` (`perfil_ini_id`),
  ADD KEY `paros_cargas_perfil_fin_id_foreign` (`perfil_fin_id`),
  ADD KEY `paros_cargas_departamento_id_foreign` (`departamento_id`);

--
-- Indices de la tabla `password_resets`
--
ALTER TABLE `password_resets`
  ADD KEY `password_resets_email_index` (`email`);

--
-- Indices de la tabla `perfiles_usuarios`
--
ALTER TABLE `perfiles_usuarios`
  ADD PRIMARY KEY (`id`),
  ADD UNIQUE KEY `perfiles_usuarios_curp_unique` (`Curp`),
  ADD UNIQUE KEY `perfiles_usuarios_rfc_unique` (`Rfc`),
  ADD UNIQUE KEY `perfiles_usuarios_nss_unique` (`Nss`),
  ADD UNIQUE KEY `perfiles_usuarios_user_id_unique` (`user_id`),
  ADD KEY `perfiles_usuarios_jefe_id_foreign` (`jefe_id`),
  ADD KEY `perfiles_usuarios_iduser_foreign` (`IdUser`),
  ADD KEY `perfiles_usuarios_puesto_id_foreign` (`Puesto_id`),
  ADD KEY `perfiles_usuarios_departamento_id_foreign` (`Departamento_id`),
  ADD KEY `perfiles_usuarios_jefes_areas_id_foreign` (`jefes_areas_id`);

--
-- Indices de la tabla `permissions`
--
ALTER TABLE `permissions`
  ADD PRIMARY KEY (`id`),
  ADD UNIQUE KEY `permissions_name_guard_name_unique` (`name`,`guard_name`);

--
-- Indices de la tabla `personal_access_tokens`
--
ALTER TABLE `personal_access_tokens`
  ADD PRIMARY KEY (`id`),
  ADD UNIQUE KEY `personal_access_tokens_token_unique` (`token`),
  ADD KEY `personal_access_tokens_tokenable_type_tokenable_id_index` (`tokenable_type`,`tokenable_id`);

--
-- Indices de la tabla `precios_cotizaciones`
--
ALTER TABLE `precios_cotizaciones`
  ADD PRIMARY KEY (`id`),
  ADD KEY `precios_cotizaciones_articulos_requisiciones_id_foreign` (`articulos_requisiciones_id`),
  ADD KEY `precios_cotizaciones_requisiciones_id_foreign` (`requisiciones_id`);

--
-- Indices de la tabla `presupuestos`
--
ALTER TABLE `presupuestos`
  ADD PRIMARY KEY (`id`),
  ADD KEY `presupuestos_departamento_id_foreign` (`Departamento_id`);

--
-- Indices de la tabla `procesos`
--
ALTER TABLE `procesos`
  ADD PRIMARY KEY (`id`),
  ADD KEY `procesos_proceso_id_foreign` (`proceso_id`),
  ADD KEY `procesos_departamento_id_foreign` (`departamento_id`);

--
-- Indices de la tabla `proveedores`
--
ALTER TABLE `proveedores`
  ADD PRIMARY KEY (`id`),
  ADD KEY `proveedores_departamentos_id_foreign` (`Departamentos_id`);

--
-- Indices de la tabla `puestos`
--
ALTER TABLE `puestos`
  ADD PRIMARY KEY (`id`),
  ADD KEY `puestos_departamento_id_foreign` (`departamento_id`);

--
-- Indices de la tabla `requisiciones`
--
ALTER TABLE `requisiciones`
  ADD PRIMARY KEY (`id`),
  ADD UNIQUE KEY `requisiciones_folio_unique` (`Folio`),
  ADD KEY `requisiciones_departamento_id_foreign` (`Departamento_id`),
  ADD KEY `requisiciones_jefes_areas_id_foreign` (`jefes_areas_id`),
  ADD KEY `requisiciones_maquina_id_foreign` (`Maquina_id`),
  ADD KEY `requisiciones_marca_id_foreign` (`Marca_id`),
  ADD KEY `requisiciones_perfil_id_foreign` (`Perfil_id`);

--
-- Indices de la tabla `roles`
--
ALTER TABLE `roles`
  ADD PRIMARY KEY (`id`),
  ADD UNIQUE KEY `roles_name_guard_name_unique` (`name`,`guard_name`);

--
-- Indices de la tabla `role_has_permissions`
--
ALTER TABLE `role_has_permissions`
  ADD PRIMARY KEY (`permission_id`,`role_id`),
  ADD KEY `role_has_permissions_role_id_foreign` (`role_id`);

--
-- Indices de la tabla `sessions`
--
ALTER TABLE `sessions`
  ADD PRIMARY KEY (`id`),
  ADD KEY `sessions_user_id_index` (`user_id`),
  ADD KEY `sessions_last_activity_index` (`last_activity`);

--
-- Indices de la tabla `teams`
--
ALTER TABLE `teams`
  ADD PRIMARY KEY (`id`),
  ADD KEY `teams_user_id_index` (`user_id`);

--
-- Indices de la tabla `team_invitations`
--
ALTER TABLE `team_invitations`
  ADD PRIMARY KEY (`id`),
  ADD UNIQUE KEY `team_invitations_team_id_email_unique` (`team_id`,`email`);

--
-- Indices de la tabla `team_user`
--
ALTER TABLE `team_user`
  ADD PRIMARY KEY (`id`),
  ADD UNIQUE KEY `team_user_team_id_user_id_unique` (`team_id`,`user_id`);

--
-- Indices de la tabla `tiempos_requisiciones`
--
ALTER TABLE `tiempos_requisiciones`
  ADD PRIMARY KEY (`id`),
  ADD KEY `tiempos_requisiciones_requisicion_id_foreign` (`requisicion_id`),
  ADD KEY `tiempos_requisiciones_articulo_requisicion_id_foreign` (`articulo_requisicion_id`);

--
-- Indices de la tabla `turnos`
--
ALTER TABLE `turnos`
  ADD PRIMARY KEY (`id`),
  ADD KEY `turnos_departamento_id_foreign` (`departamento_id`);

--
-- Indices de la tabla `users`
--
ALTER TABLE `users`
  ADD PRIMARY KEY (`id`);

--
-- Indices de la tabla `vacaciones`
--
ALTER TABLE `vacaciones`
  ADD PRIMARY KEY (`id`);

--
-- AUTO_INCREMENT de las tablas volcadas
--

--
-- AUTO_INCREMENT de la tabla `areas`
--
ALTER TABLE `areas`
  MODIFY `id` bigint(20) UNSIGNED NOT NULL AUTO_INCREMENT;

--
-- AUTO_INCREMENT de la tabla `areas_modulos`
--
ALTER TABLE `areas_modulos`
  MODIFY `id` bigint(20) UNSIGNED NOT NULL AUTO_INCREMENT, AUTO_INCREMENT=11;

--
-- AUTO_INCREMENT de la tabla `articulos_papeleria_requisicions`
--
ALTER TABLE `articulos_papeleria_requisicions`
  MODIFY `id` bigint(20) UNSIGNED NOT NULL AUTO_INCREMENT;

--
-- AUTO_INCREMENT de la tabla `articulos_requisiciones`
--
ALTER TABLE `articulos_requisiciones`
  MODIFY `id` bigint(20) UNSIGNED NOT NULL AUTO_INCREMENT, AUTO_INCREMENT=73;

--
-- AUTO_INCREMENT de la tabla `cargas`
--
ALTER TABLE `cargas`
  MODIFY `id` bigint(20) UNSIGNED NOT NULL AUTO_INCREMENT;

--
-- AUTO_INCREMENT de la tabla `claves`
--
ALTER TABLE `claves`
  MODIFY `id` bigint(20) UNSIGNED NOT NULL AUTO_INCREMENT;

--
-- AUTO_INCREMENT de la tabla `departamentos`
--
ALTER TABLE `departamentos`
  MODIFY `id` bigint(20) UNSIGNED NOT NULL AUTO_INCREMENT, AUTO_INCREMENT=20;

--
-- AUTO_INCREMENT de la tabla `dep_mats`
--
ALTER TABLE `dep_mats`
  MODIFY `id` bigint(20) UNSIGNED NOT NULL AUTO_INCREMENT;

--
-- AUTO_INCREMENT de la tabla `dep_pers`
--
ALTER TABLE `dep_pers`
  MODIFY `id` bigint(20) UNSIGNED NOT NULL AUTO_INCREMENT;

--
-- AUTO_INCREMENT de la tabla `equipos`
--
ALTER TABLE `equipos`
  MODIFY `id` bigint(20) UNSIGNED NOT NULL AUTO_INCREMENT;

--
-- AUTO_INCREMENT de la tabla `failed_jobs`
--
ALTER TABLE `failed_jobs`
  MODIFY `id` bigint(20) UNSIGNED NOT NULL AUTO_INCREMENT;

--
-- AUTO_INCREMENT de la tabla `formulas`
--
ALTER TABLE `formulas`
  MODIFY `id` bigint(20) UNSIGNED NOT NULL AUTO_INCREMENT;

--
-- AUTO_INCREMENT de la tabla `incidencias`
--
ALTER TABLE `incidencias`
  MODIFY `id` bigint(20) UNSIGNED NOT NULL AUTO_INCREMENT;

--
-- AUTO_INCREMENT de la tabla `jefes_areas`
--
ALTER TABLE `jefes_areas`
  MODIFY `id` bigint(20) UNSIGNED NOT NULL AUTO_INCREMENT, AUTO_INCREMENT=22;

--
-- AUTO_INCREMENT de la tabla `maquinas`
--
ALTER TABLE `maquinas`
  MODIFY `id` bigint(20) UNSIGNED NOT NULL AUTO_INCREMENT, AUTO_INCREMENT=197;

--
-- AUTO_INCREMENT de la tabla `maq_pros`
--
ALTER TABLE `maq_pros`
  MODIFY `id` bigint(20) UNSIGNED NOT NULL AUTO_INCREMENT;

--
-- AUTO_INCREMENT de la tabla `marcas_maquinas`
--
ALTER TABLE `marcas_maquinas`
  MODIFY `id` bigint(20) UNSIGNED NOT NULL AUTO_INCREMENT, AUTO_INCREMENT=196;

--
-- AUTO_INCREMENT de la tabla `materiales`
--
ALTER TABLE `materiales`
  MODIFY `id` bigint(20) UNSIGNED NOT NULL AUTO_INCREMENT, AUTO_INCREMENT=10;

--
-- AUTO_INCREMENT de la tabla `material_papelerias`
--
ALTER TABLE `material_papelerias`
  MODIFY `id` bigint(20) UNSIGNED NOT NULL AUTO_INCREMENT, AUTO_INCREMENT=127;

--
-- AUTO_INCREMENT de la tabla `migrations`
--
ALTER TABLE `migrations`
  MODIFY `id` int(10) UNSIGNED NOT NULL AUTO_INCREMENT, AUTO_INCREMENT=44;

--
-- AUTO_INCREMENT de la tabla `modulos`
--
ALTER TABLE `modulos`
  MODIFY `id` bigint(20) UNSIGNED NOT NULL AUTO_INCREMENT, AUTO_INCREMENT=22;

--
-- AUTO_INCREMENT de la tabla `notas_cargas`
--
ALTER TABLE `notas_cargas`
  MODIFY `id` bigint(20) UNSIGNED NOT NULL AUTO_INCREMENT;

--
-- AUTO_INCREMENT de la tabla `papeleria_requisicions`
--
ALTER TABLE `papeleria_requisicions`
  MODIFY `id` bigint(20) UNSIGNED NOT NULL AUTO_INCREMENT;

--
-- AUTO_INCREMENT de la tabla `paros`
--
ALTER TABLE `paros`
  MODIFY `id` bigint(20) UNSIGNED NOT NULL AUTO_INCREMENT, AUTO_INCREMENT=26;

--
-- AUTO_INCREMENT de la tabla `paros_cargas`
--
ALTER TABLE `paros_cargas`
  MODIFY `id` bigint(20) UNSIGNED NOT NULL AUTO_INCREMENT;

--
-- AUTO_INCREMENT de la tabla `perfiles_usuarios`
--
ALTER TABLE `perfiles_usuarios`
  MODIFY `id` bigint(20) UNSIGNED NOT NULL AUTO_INCREMENT, AUTO_INCREMENT=303;

--
-- AUTO_INCREMENT de la tabla `permissions`
--
ALTER TABLE `permissions`
  MODIFY `id` bigint(20) UNSIGNED NOT NULL AUTO_INCREMENT, AUTO_INCREMENT=18;

--
-- AUTO_INCREMENT de la tabla `personal_access_tokens`
--
ALTER TABLE `personal_access_tokens`
  MODIFY `id` bigint(20) UNSIGNED NOT NULL AUTO_INCREMENT;

--
-- AUTO_INCREMENT de la tabla `precios_cotizaciones`
--
ALTER TABLE `precios_cotizaciones`
  MODIFY `id` bigint(20) UNSIGNED NOT NULL AUTO_INCREMENT, AUTO_INCREMENT=37;

--
-- AUTO_INCREMENT de la tabla `presupuestos`
--
ALTER TABLE `presupuestos`
  MODIFY `id` bigint(20) UNSIGNED NOT NULL AUTO_INCREMENT;

--
-- AUTO_INCREMENT de la tabla `procesos`
--
ALTER TABLE `procesos`
  MODIFY `id` bigint(20) UNSIGNED NOT NULL AUTO_INCREMENT;

--
-- AUTO_INCREMENT de la tabla `proveedores`
--
ALTER TABLE `proveedores`
  MODIFY `id` bigint(20) UNSIGNED NOT NULL AUTO_INCREMENT, AUTO_INCREMENT=17;

--
-- AUTO_INCREMENT de la tabla `puestos`
--
ALTER TABLE `puestos`
  MODIFY `id` bigint(20) UNSIGNED NOT NULL AUTO_INCREMENT, AUTO_INCREMENT=70;

--
-- AUTO_INCREMENT de la tabla `requisiciones`
--
ALTER TABLE `requisiciones`
  MODIFY `id` bigint(20) UNSIGNED NOT NULL AUTO_INCREMENT, AUTO_INCREMENT=58;

--
-- AUTO_INCREMENT de la tabla `roles`
--
ALTER TABLE `roles`
  MODIFY `id` bigint(20) UNSIGNED NOT NULL AUTO_INCREMENT, AUTO_INCREMENT=16;

--
-- AUTO_INCREMENT de la tabla `teams`
--
ALTER TABLE `teams`
  MODIFY `id` bigint(20) UNSIGNED NOT NULL AUTO_INCREMENT;

--
-- AUTO_INCREMENT de la tabla `team_invitations`
--
ALTER TABLE `team_invitations`
  MODIFY `id` bigint(20) UNSIGNED NOT NULL AUTO_INCREMENT;

--
-- AUTO_INCREMENT de la tabla `team_user`
--
ALTER TABLE `team_user`
  MODIFY `id` bigint(20) UNSIGNED NOT NULL AUTO_INCREMENT;

--
-- AUTO_INCREMENT de la tabla `tiempos_requisiciones`
--
ALTER TABLE `tiempos_requisiciones`
  MODIFY `id` bigint(20) UNSIGNED NOT NULL AUTO_INCREMENT, AUTO_INCREMENT=73;

--
-- AUTO_INCREMENT de la tabla `turnos`
--
ALTER TABLE `turnos`
  MODIFY `id` bigint(20) UNSIGNED NOT NULL AUTO_INCREMENT;

--
-- AUTO_INCREMENT de la tabla `users`
--
ALTER TABLE `users`
  MODIFY `id` bigint(20) UNSIGNED NOT NULL AUTO_INCREMENT, AUTO_INCREMENT=313;

--
-- AUTO_INCREMENT de la tabla `vacaciones`
--
ALTER TABLE `vacaciones`
  MODIFY `id` bigint(20) UNSIGNED NOT NULL AUTO_INCREMENT;

--
-- Restricciones para tablas volcadas
--

--
-- Filtros para la tabla `areas`
--
ALTER TABLE `areas`
  ADD CONSTRAINT `areas_areas_id_foreign` FOREIGN KEY (`areas_id`) REFERENCES `areas` (`id`);

--
-- Filtros para la tabla `articulos_papeleria_requisicions`
--
ALTER TABLE `articulos_papeleria_requisicions`
  ADD CONSTRAINT `articulos_papeleria_requisicions_material_id_foreign` FOREIGN KEY (`material_id`) REFERENCES `material_papelerias` (`id`) ON DELETE CASCADE ON UPDATE CASCADE,
  ADD CONSTRAINT `articulos_papeleria_requisicions_papeleria_id_foreign` FOREIGN KEY (`papeleria_id`) REFERENCES `papeleria_requisicions` (`id`) ON DELETE CASCADE ON UPDATE CASCADE;

--
-- Filtros para la tabla `articulos_requisiciones`
--
ALTER TABLE `articulos_requisiciones`
  ADD CONSTRAINT `articulos_requisiciones_recibidopor_foreign` FOREIGN KEY (`RecibidoPor`) REFERENCES `users` (`id`) ON DELETE CASCADE ON UPDATE CASCADE,
  ADD CONSTRAINT `articulos_requisiciones_requisicion_id_foreign` FOREIGN KEY (`requisicion_id`) REFERENCES `requisiciones` (`id`) ON DELETE CASCADE ON UPDATE CASCADE;

--
-- Filtros para la tabla `cargas`
--
ALTER TABLE `cargas`
  ADD CONSTRAINT `cargas_clave_id_foreign` FOREIGN KEY (`clave_id`) REFERENCES `claves` (`id`) ON UPDATE CASCADE,
  ADD CONSTRAINT `cargas_dep_perf_id_foreign` FOREIGN KEY (`dep_perf_id`) REFERENCES `dep_pers` (`id`) ON UPDATE CASCADE,
  ADD CONSTRAINT `cargas_equipo_id_foreign` FOREIGN KEY (`equipo_id`) REFERENCES `equipos` (`id`) ON UPDATE CASCADE,
  ADD CONSTRAINT `cargas_maq_pro_id_foreign` FOREIGN KEY (`maq_pro_id`) REFERENCES `maq_pros` (`id`) ON UPDATE CASCADE,
  ADD CONSTRAINT `cargas_norma_foreign` FOREIGN KEY (`norma`) REFERENCES `dep_mats` (`id`) ON UPDATE CASCADE,
  ADD CONSTRAINT `cargas_per_carga_foreign` FOREIGN KEY (`per_carga`) REFERENCES `perfiles_usuarios` (`id`) ON UPDATE CASCADE,
  ADD CONSTRAINT `cargas_proceso_id_foreign` FOREIGN KEY (`proceso_id`) REFERENCES `procesos` (`id`) ON UPDATE CASCADE,
  ADD CONSTRAINT `cargas_turno_id_foreign` FOREIGN KEY (`turno_id`) REFERENCES `turnos` (`id`) ON UPDATE CASCADE;

--
-- Filtros para la tabla `claves`
--
ALTER TABLE `claves`
  ADD CONSTRAINT `claves_dep_mat_id_foreign` FOREIGN KEY (`dep_mat_id`) REFERENCES `dep_mats` (`id`) ON DELETE CASCADE ON UPDATE CASCADE;

--
-- Filtros para la tabla `departamentos`
--
ALTER TABLE `departamentos`
  ADD CONSTRAINT `departamentos_departamento_id_foreign` FOREIGN KEY (`departamento_id`) REFERENCES `departamentos` (`id`);

--
-- Filtros para la tabla `dep_mats`
--
ALTER TABLE `dep_mats`
  ADD CONSTRAINT `dep_mats_departamento_id_foreign` FOREIGN KEY (`departamento_id`) REFERENCES `departamentos` (`id`) ON DELETE CASCADE ON UPDATE CASCADE,
  ADD CONSTRAINT `dep_mats_material_id_foreign` FOREIGN KEY (`material_id`) REFERENCES `materiales` (`id`) ON DELETE CASCADE ON UPDATE CASCADE;

--
-- Filtros para la tabla `dep_pers`
--
ALTER TABLE `dep_pers`
  ADD CONSTRAINT `dep_pers_departamento_id_foreign` FOREIGN KEY (`departamento_id`) REFERENCES `departamentos` (`id`) ON DELETE CASCADE ON UPDATE CASCADE,
  ADD CONSTRAINT `dep_pers_equipo_id_foreign` FOREIGN KEY (`equipo_id`) REFERENCES `equipos` (`id`) ON DELETE CASCADE ON UPDATE CASCADE,
  ADD CONSTRAINT `dep_pers_perfiles_usuarios_id_foreign` FOREIGN KEY (`perfiles_usuarios_id`) REFERENCES `perfiles_usuarios` (`id`) ON DELETE CASCADE ON UPDATE CASCADE;

--
-- Filtros para la tabla `equipos`
--
ALTER TABLE `equipos`
  ADD CONSTRAINT `equipos_departamento_id_foreign` FOREIGN KEY (`departamento_id`) REFERENCES `departamentos` (`id`) ON DELETE CASCADE ON UPDATE CASCADE,
  ADD CONSTRAINT `equipos_turno_id_foreign` FOREIGN KEY (`turno_id`) REFERENCES `turnos` (`id`) ON DELETE CASCADE ON UPDATE CASCADE;

--
-- Filtros para la tabla `formulas`
--
ALTER TABLE `formulas`
  ADD CONSTRAINT `formulas_maq_pros_id_foreign` FOREIGN KEY (`maq_pros_id`) REFERENCES `maq_pros` (`id`) ON DELETE CASCADE ON UPDATE CASCADE,
  ADD CONSTRAINT `formulas_proceso_id_foreign` FOREIGN KEY (`proceso_id`) REFERENCES `procesos` (`id`) ON DELETE CASCADE ON UPDATE CASCADE;

--
-- Filtros para la tabla `incidencias`
--
ALTER TABLE `incidencias`
  ADD CONSTRAINT `incidencias_perfiles_usuarios_id_foreign` FOREIGN KEY (`perfiles_usuarios_id`) REFERENCES `perfiles_usuarios` (`id`) ON DELETE CASCADE ON UPDATE CASCADE;

--
-- Filtros para la tabla `maquinas`
--
ALTER TABLE `maquinas`
  ADD CONSTRAINT `maquinas_departamento_id_foreign` FOREIGN KEY (`departamento_id`) REFERENCES `departamentos` (`id`) ON DELETE CASCADE ON UPDATE CASCADE;

--
-- Filtros para la tabla `maq_pros`
--
ALTER TABLE `maq_pros`
  ADD CONSTRAINT `maq_pros_maquina_id_foreign` FOREIGN KEY (`maquina_id`) REFERENCES `maquinas` (`id`) ON DELETE CASCADE ON UPDATE CASCADE,
  ADD CONSTRAINT `maq_pros_proceso_id_foreign` FOREIGN KEY (`proceso_id`) REFERENCES `procesos` (`id`) ON DELETE CASCADE ON UPDATE CASCADE;

--
-- Filtros para la tabla `marcas_maquinas`
--
ALTER TABLE `marcas_maquinas`
  ADD CONSTRAINT `marcas_maquinas_maquinas_id_foreign` FOREIGN KEY (`maquinas_id`) REFERENCES `maquinas` (`id`) ON DELETE CASCADE ON UPDATE CASCADE;

--
-- Filtros para la tabla `model_has_permissions`
--
ALTER TABLE `model_has_permissions`
  ADD CONSTRAINT `model_has_permissions_permission_id_foreign` FOREIGN KEY (`permission_id`) REFERENCES `permissions` (`id`) ON DELETE CASCADE;

--
-- Filtros para la tabla `model_has_roles`
--
ALTER TABLE `model_has_roles`
  ADD CONSTRAINT `model_has_roles_role_id_foreign` FOREIGN KEY (`role_id`) REFERENCES `roles` (`id`) ON DELETE CASCADE;

--
-- Filtros para la tabla `notas_cargas`
--
ALTER TABLE `notas_cargas`
  ADD CONSTRAINT `notas_cargas_carga_id_foreign` FOREIGN KEY (`carga_id`) REFERENCES `cargas` (`id`) ON DELETE CASCADE ON UPDATE CASCADE,
  ADD CONSTRAINT `notas_cargas_perfil_id_foreign` FOREIGN KEY (`perfil_id`) REFERENCES `perfiles_usuarios` (`id`) ON DELETE CASCADE ON UPDATE CASCADE;

--
-- Filtros para la tabla `papeleria_requisicions`
--
ALTER TABLE `papeleria_requisicions`
  ADD CONSTRAINT `papeleria_requisicions_departamento_id_foreign` FOREIGN KEY (`Departamento_id`) REFERENCES `departamentos` (`id`) ON DELETE CASCADE ON UPDATE CASCADE,
  ADD CONSTRAINT `papeleria_requisicions_jefes_areas_id_foreign` FOREIGN KEY (`jefes_areas_id`) REFERENCES `jefes_areas` (`id`) ON DELETE CASCADE ON UPDATE CASCADE;

--
-- Filtros para la tabla `paros`
--
ALTER TABLE `paros`
  ADD CONSTRAINT `paros_departamento_id_foreign` FOREIGN KEY (`departamento_id`) REFERENCES `departamentos` (`id`) ON UPDATE CASCADE;

--
-- Filtros para la tabla `paros_cargas`
--
ALTER TABLE `paros_cargas`
  ADD CONSTRAINT `paros_cargas_departamento_id_foreign` FOREIGN KEY (`departamento_id`) REFERENCES `departamentos` (`id`) ON DELETE CASCADE ON UPDATE CASCADE,
  ADD CONSTRAINT `paros_cargas_maq_pro_id_foreign` FOREIGN KEY (`maq_pro_id`) REFERENCES `maq_pros` (`id`) ON DELETE CASCADE ON UPDATE CASCADE,
  ADD CONSTRAINT `paros_cargas_paro_id_foreign` FOREIGN KEY (`paro_id`) REFERENCES `paros` (`id`) ON DELETE CASCADE ON UPDATE CASCADE,
  ADD CONSTRAINT `paros_cargas_perfil_fin_id_foreign` FOREIGN KEY (`perfil_fin_id`) REFERENCES `perfiles_usuarios` (`id`) ON DELETE CASCADE ON UPDATE CASCADE,
  ADD CONSTRAINT `paros_cargas_perfil_ini_id_foreign` FOREIGN KEY (`perfil_ini_id`) REFERENCES `perfiles_usuarios` (`id`) ON DELETE CASCADE ON UPDATE CASCADE,
  ADD CONSTRAINT `paros_cargas_proceso_id_foreign` FOREIGN KEY (`proceso_id`) REFERENCES `procesos` (`id`) ON DELETE CASCADE ON UPDATE CASCADE;

--
-- Filtros para la tabla `perfiles_usuarios`
--
ALTER TABLE `perfiles_usuarios`
  ADD CONSTRAINT `perfiles_usuarios_departamento_id_foreign` FOREIGN KEY (`Departamento_id`) REFERENCES `departamentos` (`id`) ON DELETE CASCADE ON UPDATE CASCADE,
  ADD CONSTRAINT `perfiles_usuarios_iduser_foreign` FOREIGN KEY (`IdUser`) REFERENCES `users` (`id`) ON DELETE CASCADE ON UPDATE CASCADE,
  ADD CONSTRAINT `perfiles_usuarios_jefe_id_foreign` FOREIGN KEY (`jefe_id`) REFERENCES `perfiles_usuarios` (`id`) ON DELETE CASCADE ON UPDATE CASCADE,
  ADD CONSTRAINT `perfiles_usuarios_jefes_areas_id_foreign` FOREIGN KEY (`jefes_areas_id`) REFERENCES `jefes_areas` (`id`) ON DELETE CASCADE ON UPDATE CASCADE,
  ADD CONSTRAINT `perfiles_usuarios_puesto_id_foreign` FOREIGN KEY (`Puesto_id`) REFERENCES `puestos` (`id`) ON DELETE CASCADE ON UPDATE CASCADE,
  ADD CONSTRAINT `perfiles_usuarios_user_id_foreign` FOREIGN KEY (`user_id`) REFERENCES `users` (`id`) ON DELETE CASCADE ON UPDATE CASCADE;

--
-- Filtros para la tabla `precios_cotizaciones`
--
ALTER TABLE `precios_cotizaciones`
  ADD CONSTRAINT `precios_cotizaciones_articulos_requisiciones_id_foreign` FOREIGN KEY (`articulos_requisiciones_id`) REFERENCES `articulos_requisiciones` (`id`) ON DELETE CASCADE ON UPDATE CASCADE,
  ADD CONSTRAINT `precios_cotizaciones_requisiciones_id_foreign` FOREIGN KEY (`requisiciones_id`) REFERENCES `requisiciones` (`id`) ON DELETE CASCADE ON UPDATE CASCADE;

--
-- Filtros para la tabla `presupuestos`
--
ALTER TABLE `presupuestos`
  ADD CONSTRAINT `presupuestos_departamento_id_foreign` FOREIGN KEY (`Departamento_id`) REFERENCES `departamentos` (`id`) ON DELETE CASCADE ON UPDATE CASCADE;

--
-- Filtros para la tabla `procesos`
--
ALTER TABLE `procesos`
  ADD CONSTRAINT `procesos_departamento_id_foreign` FOREIGN KEY (`departamento_id`) REFERENCES `departamentos` (`id`) ON DELETE CASCADE ON UPDATE CASCADE,
  ADD CONSTRAINT `procesos_proceso_id_foreign` FOREIGN KEY (`proceso_id`) REFERENCES `procesos` (`id`) ON DELETE CASCADE ON UPDATE CASCADE;

--
-- Filtros para la tabla `proveedores`
--
ALTER TABLE `proveedores`
  ADD CONSTRAINT `proveedores_departamentos_id_foreign` FOREIGN KEY (`Departamentos_id`) REFERENCES `departamentos` (`id`) ON DELETE CASCADE ON UPDATE CASCADE;

--
-- Filtros para la tabla `puestos`
--
ALTER TABLE `puestos`
  ADD CONSTRAINT `puestos_departamento_id_foreign` FOREIGN KEY (`departamento_id`) REFERENCES `departamentos` (`id`) ON DELETE CASCADE ON UPDATE CASCADE;

--
-- Filtros para la tabla `requisiciones`
--
ALTER TABLE `requisiciones`
  ADD CONSTRAINT `requisiciones_departamento_id_foreign` FOREIGN KEY (`Departamento_id`) REFERENCES `departamentos` (`id`) ON DELETE CASCADE ON UPDATE CASCADE,
  ADD CONSTRAINT `requisiciones_jefes_areas_id_foreign` FOREIGN KEY (`jefes_areas_id`) REFERENCES `jefes_areas` (`id`) ON DELETE CASCADE ON UPDATE CASCADE,
  ADD CONSTRAINT `requisiciones_maquina_id_foreign` FOREIGN KEY (`Maquina_id`) REFERENCES `maquinas` (`id`) ON DELETE CASCADE ON UPDATE CASCADE,
  ADD CONSTRAINT `requisiciones_marca_id_foreign` FOREIGN KEY (`Marca_id`) REFERENCES `marcas_maquinas` (`id`) ON DELETE CASCADE ON UPDATE CASCADE,
  ADD CONSTRAINT `requisiciones_perfil_id_foreign` FOREIGN KEY (`Perfil_id`) REFERENCES `perfiles_usuarios` (`id`) ON DELETE CASCADE ON UPDATE CASCADE;

--
-- Filtros para la tabla `role_has_permissions`
--
ALTER TABLE `role_has_permissions`
  ADD CONSTRAINT `role_has_permissions_permission_id_foreign` FOREIGN KEY (`permission_id`) REFERENCES `permissions` (`id`) ON DELETE CASCADE,
  ADD CONSTRAINT `role_has_permissions_role_id_foreign` FOREIGN KEY (`role_id`) REFERENCES `roles` (`id`) ON DELETE CASCADE;

--
-- Filtros para la tabla `team_invitations`
--
ALTER TABLE `team_invitations`
  ADD CONSTRAINT `team_invitations_team_id_foreign` FOREIGN KEY (`team_id`) REFERENCES `teams` (`id`) ON DELETE CASCADE;

--
-- Filtros para la tabla `tiempos_requisiciones`
--
ALTER TABLE `tiempos_requisiciones`
  ADD CONSTRAINT `tiempos_requisiciones_articulo_requisicion_id_foreign` FOREIGN KEY (`articulo_requisicion_id`) REFERENCES `articulos_requisiciones` (`id`) ON DELETE CASCADE ON UPDATE CASCADE,
  ADD CONSTRAINT `tiempos_requisiciones_requisicion_id_foreign` FOREIGN KEY (`requisicion_id`) REFERENCES `requisiciones` (`id`) ON DELETE CASCADE ON UPDATE CASCADE;

--
-- Filtros para la tabla `turnos`
--
ALTER TABLE `turnos`
  ADD CONSTRAINT `turnos_departamento_id_foreign` FOREIGN KEY (`departamento_id`) REFERENCES `departamentos` (`id`) ON DELETE CASCADE ON UPDATE CASCADE;
COMMIT;

/*!40101 SET CHARACTER_SET_CLIENT=@OLD_CHARACTER_SET_CLIENT */;
/*!40101 SET CHARACTER_SET_RESULTS=@OLD_CHARACTER_SET_RESULTS */;
/*!40101 SET COLLATION_CONNECTION=@OLD_COLLATION_CONNECTION */;
